title,price,property_type,frequency,bedrooms,bathrooms,area,location,url,price_clean,price_yearly_aed,bedrooms_clean,bathrooms_clean,area_clean
1BR Apartment for Rent | Balcony & Pool | JVC,"74,000",apartment,yearly,1,2,905 sqft,"AAA Residence, JVC District 13, Jumeirah Village Circle (JVC), Dubai",https://www.bayut.com/property/details-9398172.html,74000,74000,1.0,2.0,905.0
1 B/R with Balcony | Pool & Gym | JVC,"69,000",apartment,yearly,1,1,883 sqft,"Emerald Tower, JVC District 18, Jumeirah Village Circle (JVC), Dubai",https://www.bayut.com/property/details-4864285.html,69000,69000,1.0,1.0,883.0
"Binghatti Phoenix, Jumeirah Village Circle, Dubai","89,990",apartment,yearly,1,2,826 sqft,"Binghatti Phoenix, JVC District 13, Jumeirah Village Circle (JVC), Dubai",https://www.bayut.com/property/details-13470548.html,89990,89990,1.0,2.0,826.0
Converted into 2BR | Private Garden | Furnished,"140,000",apartment,yearly,1,2,"1,133 sqft","Signature Livings South, Signature Livings, JVC District 10, Jumeirah Village Circle (JVC), Dubai",https://www.bayut.com/property/details-13307028.html,140000,140000,1.0,2.0,1133.0
Spacious 1Br | Prime Location | JVC,"75,000",apartment,yearly,1,2,925 sqft,"Reef Residence, JVC District 13, Jumeirah Village Circle (JVC), Dubai",https://www.bayut.com/property/details-13664095.html,75000,75000,1.0,2.0,925.0
Spacious 1BHK | Prime Location | Ready To Move,"75,000",apartment,yearly,1,1,753 sqft,"Al Amir Residence, JVC District 11, Jumeirah Village Circle (JVC), Dubai",https://www.bayut.com/property/details-13662160.html,75000,75000,1.0,1.0,753.0
Spacious 1BR | Pool View | Ready to Move In,"90,000",apartment,yearly,1,2,717 sqft,"Signature Livings South, Signature Livings, JVC District 10, Jumeirah Village Circle (JVC), Dubai",https://www.bayut.com/property/details-13654745.html,90000,90000,1.0,2.0,717.0
Bright & Spacious | Prime Location | Ready to Move,"90,000",apartment,yearly,1,2,894 sqft,"Mayas Geneva, JVC District 14, Jumeirah Village Circle (JVC), Dubai",https://www.bayut.com/property/details-13056460.html,90000,90000,1.0,2.0,894.0
Prime Location | Luxury Family Villa | 4BR + Maid,"175,000",villa,yearly,4,6,"1,697 sqft","The Ghaf Tree, JVC District 13, Jumeirah Village Circle (JVC), Dubai",https://www.bayut.com/property/details-12875515.html,175000,175000,4.0,6.0,1697.0
1 bhk Apartment | with best ammenities | Community View,"70,000",apartment,yearly,1,2,978 sqft,"Lavender 2, Emirates Gardens, JVC District 12, Jumeirah Village Circle (JVC), Dubai",https://www.bayut.com/property/details-13550320.html,70000,70000,1.0,2.0,978.0
Bright & Elegant unit I With skyline view & closed kitchen I Prime location,"90,000",apartment,yearly,2,2,"1,417 sqft","Lolena Residence, JVC District 12, Jumeirah Village Circle (JVC), Dubai",https://www.bayut.com/property/details-13680510.html,90000,90000,2.0,2.0,1417.0
Stylish 1BR Fully Furnished I Smart Home I Ready to Move,"79,999",apartment,yearly,1,2,638 sqft,"Binghatti Heights, JVC District 10, Jumeirah Village Circle (JVC), Dubai",https://www.bayut.com/property/details-13545569.html,79999,79999,1.0,2.0,638.0
Brand new upgraded|Specious 1 Bed I Flexible Payment Plan I Ready to move,"67,999",apartment,yearly,1,2,997 sqft,"Magnolia 2, Emirates Gardens 2, JVC District 14, Jumeirah Village Circle (JVC), Dubai",https://www.bayut.com/property/details-13542420.html,67999,67999,1.0,2.0,997.0
Modern Touch 2BHK I High end Quality I Nice Layout,"99,000",apartment,yearly,2,2,"1,147 sqft","Golden Dream Tower 1, JVC District 18, Jumeirah Village Circle (JVC), Dubai",https://www.bayut.com/property/details-12766382.html,99000,99000,2.0,2.0,1147.0
Pool Access - Spacious layout - With Appliances,"90,000",apartment,yearly,1,2,"1,056 sqft","Westview Garden, JVC District 15, Jumeirah Village Circle (JVC), Dubai",https://www.bayut.com/property/details-13589404.html,90000,90000,1.0,2.0,1056.0
Book Now -Pool View-1/2/3 BHK,"88,000",apartment,yearly,1,2,890 sqft,"Westview Garden, JVC District 15, Jumeirah Village Circle (JVC), Dubai",https://www.bayut.com/property/details-13539018.html,88000,88000,1.0,2.0,890.0
Modern Living | Fully Furnished | Vacant,"99,999",apartment,yearly,1,2,853 sqft,"Al Serh Residences 11, JVC District 10, Jumeirah Village Circle (JVC), Dubai",https://www.bayut.com/property/details-13663866.html,99999,99999,1.0,2.0,853.0
Fully Furnished 1BHK | Spacious Layout | Prime JVC Location,"90,000",apartment,yearly,1,2,794 sqft,"Binghatti Orchid, JVC District 10, Jumeirah Village Circle (JVC), Dubai",https://www.bayut.com/property/details-13656719.html,90000,90000,1.0,2.0,794.0
Chiller W Dewa-Spacious Layout-Multiple Options,"130,000",apartment,yearly,2,3,"1,470 sqft","Westview Garden, JVC District 15, Jumeirah Village Circle (JVC), Dubai",https://www.bayut.com/property/details-13539010.html,130000,130000,2.0,3.0,1470.0
Modern Living | Fully Furnished | Vacant,"89,999",apartment,yearly,1,2,868 sqft,"Al Serh Residences 11, JVC District 10, Jumeirah Village Circle (JVC), Dubai",https://www.bayut.com/property/details-13371627.html,89999,89999,1.0,2.0,868.0
AC Inclusive | 12 Cheques | Kitchen Equipped,"68,000",apartment,yearly,1,2,864 sqft,"Al Yousuf Tower 1, Al Yousuf Towers, JVC District 12, Jumeirah Village Circle (JVC), Dubai",https://www.bayut.com/property/details-13676744.html,68000,68000,1.0,2.0,864.0
AC Inclusive | 12 Cheques | Kitchen Equipped,"75,000",apartment,yearly,1,2,"1,146 sqft","Al Yousuf Tower 1, Al Yousuf Towers, JVC District 12, Jumeirah Village Circle (JVC), Dubai",https://www.bayut.com/property/details-13493844.html,75000,75000,1.0,2.0,1146.0
12 Cheques | Kitchen Equipped | AC Inclusive,"62,000",apartment,yearly,1,2,750 sqft,"Al Yousuf Tower 2, Al Yousuf Towers, JVC District 12, Jumeirah Village Circle (JVC), Dubai",https://www.bayut.com/property/details-13478082.html,62000,62000,1.0,2.0,750.0
AC Inclusive | 12 Cheques Kitchen Equipped,"72,000",apartment,yearly,1,2,"1,003 sqft","Al Yousuf Tower 1, Al Yousuf Towers, JVC District 12, Jumeirah Village Circle (JVC), Dubai",https://www.bayut.com/property/details-13125060.html,72000,72000,1.0,2.0,1003.0
Chiller free | Near circle Mall | multiple cheques,"60,000",apartment,yearly,1,1,731 sqft,"Diamond Views III, JVC District 11, Jumeirah Village Circle (JVC), Dubai",https://www.bayut.com/property/details-13537590.html,60000,60000,1.0,1.0,731.0
High Floor | Vacating Soon | Spacious | Exclusive,"71,999",apartment,yearly,1,2,726 sqft,"La Riviera Apartments, JVC District 10, Jumeirah Village Circle (JVC), Dubai",https://www.bayut.com/property/details-13519203.html,71999,71999,1.0,2.0,726.0
Multiple Options | Island Kitchen | Brand New,"89,999",apartment,yearly,1,2,765 sqft,"Binghatti Phoenix, JVC District 13, Jumeirah Village Circle (JVC), Dubai",https://www.bayut.com/property/details-13646292.html,89999,89999,1.0,2.0,765.0
Available From January | Prime Location | Multiple Cheques,"85,000",apartment,yearly,1,2,762 sqft,"Concept 7 Residences, JVC District 11, Jumeirah Village Circle (JVC), Dubai",https://www.bayut.com/property/details-11193760.html,85000,85000,1.0,2.0,762.0
Phantom by Binghatti: A Vision Beyond Luxury,"99,999",apartment,yearly,1,2,911 sqft,"Binghatti Phantom, JVC District 17, Jumeirah Village Circle (JVC), Dubai",https://www.bayut.com/property/details-13609092.html,99999,99999,1.0,2.0,911.0
"Binghatti Phantom, Jumeirah Village Circle, Dubai","102,999",apartment,yearly,1,2,795 sqft,"Binghatti Phantom, JVC District 17, Jumeirah Village Circle (JVC), Dubai",https://www.bayut.com/property/details-13490495.html,102999,102999,1.0,2.0,795.0
Refined 2-Bed Apartment | Premium Finishes | Exceptional Comfort,"89,999",apartment,yearly,2,3,"1,128 sqft","Rose 10, JVC District 11, Jumeirah Village Circle (JVC), Dubai",https://www.bayut.com/property/details-13580955.html,89999,89999,2.0,3.0,1128.0
Massive Duplex 2BR Apartment I Bright Unit I Prime JVC Location,"145,000",apartment,yearly,2,3,"2,344 sqft","Al Waleed Building, JVC District 13, Jumeirah Village Circle (JVC), Dubai",https://www.bayut.com/property/details-13384700.html,145000,145000,2.0,3.0,2344.0
Unique Layout I Brand New Building I Closed Kitchen,"119,990",apartment,yearly,2,3,"1,300 sqft","SH Living 1, JVC District 14, Jumeirah Village Circle (JVC), Dubai",https://www.bayut.com/property/details-12964934.html,119990,119990,2.0,3.0,1300.0
Brand New | Fully Furnished | Pool Facing,"104,995",apartment,yearly,1,2,755 sqft,"Pearl House 2, JVC District 12, Jumeirah Village Circle (JVC), Dubai",https://www.bayut.com/property/details-13340019.html,104995,104995,1.0,2.0,755.0
Spacious layout I Dream nest I Prime location,"85,000",apartment,yearly,1,2,814 sqft,"Belgravia 3A, Belgravia 3, JVC District 15, Jumeirah Village Circle (JVC), Dubai",https://www.bayut.com/property/details-13658628.html,85000,85000,1.0,2.0,814.0
Park View | Spacious 1BR + 2 Bath | Available Now,"85,000",apartment,yearly,1,2,799 sqft,"Binghatti Phoenix, JVC District 13, Jumeirah Village Circle (JVC), Dubai",https://www.bayut.com/property/details-13670088.html,85000,85000,1.0,2.0,799.0
Spacious 1BHK | Balcony | Premium Amenities,"65,000",apartment,yearly,1,2,978 sqft,"Lavender 2, Emirates Gardens, JVC District 12, Jumeirah Village Circle (JVC), Dubai",https://www.bayut.com/property/details-13672198.html,65000,65000,1.0,2.0,978.0
2 BR+ Maid | Spacious | Dishwasher,"115,000",apartment,yearly,2,3,"1,234 sqft","Lucky 1 Residences, JVC District 13, Jumeirah Village Circle (JVC), Dubai",https://www.bayut.com/property/details-13000702.html,115000,115000,2.0,3.0,1234.0
"Binghatti Rose, JVC District 15, Jumeirah Village Circle (JVC), Dubai","84,999",apartment,yearly,2,2,959 sqft,"Binghatti Rose, JVC District 15, Jumeirah Village Circle (JVC), Dubai",https://www.bayut.com/property/details-13707028.html,84999,84999,2.0,2.0,959.0
Brand New - Pool View - Multiple Options,"88,000",apartment,yearly,1,2,890 sqft,"Westview Garden, JVC District 15, Jumeirah Village Circle (JVC), Dubai",https://www.bayut.com/property/details-13539005.html,88000,88000,1.0,2.0,890.0
Spacious 2-Bedroom Apartment – Community & Park View,"135,000",apartment,yearly,2,3,"1,481 sqft","Westview Garden, JVC District 15, Jumeirah Village Circle (JVC), Dubai",https://www.bayut.com/property/details-13194127.html,135000,135000,2.0,3.0,1481.0
Vacant | Garden View | Fully furnished,"84,999",apartment,yearly,1,1,621 sqft,"Luma21, JVC District 14, Jumeirah Village Circle (JVC), Dubai",https://www.bayut.com/property/details-13709157.html,84999,84999,1.0,1.0,621.0
Fully Furnished |pool view| Brand New,"100,000",apartment,yearly,1,2,745 sqft,"Pearl House by Imtiaz, JVC District 13, Jumeirah Village Circle (JVC), Dubai",https://www.bayut.com/property/details-13067653.html,100000,100000,1.0,2.0,745.0
Modern Furnished | Prime Location | Ready To Move,"85,000",apartment,yearly,1,2,758 sqft,"Oxford Residence 2, JVC District 10, Jumeirah Village Circle (JVC), Dubai",https://www.bayut.com/property/details-13277682.html,85000,85000,1.0,2.0,758.0
Smart 1BR + Maids | Chiller Free | Book Now,"80,000",apartment,yearly,1,2,852 sqft,"Avanos Residence, JVC District 10, Jumeirah Village Circle (JVC), Dubai",https://www.bayut.com/property/details-13005708.html,80000,80000,1.0,2.0,852.0
LUXURY MODERN 1 BEDROOM / CLOSE KITCHEN/ WITH BALCONY/ READY TO MOVE,"80,000",apartment,yearly,1,1,813 sqft,"SH Living 1, JVC District 14, Jumeirah Village Circle (JVC), Dubai",https://www.bayut.com/property/details-13521170.html,80000,80000,1.0,1.0,813.0
Spacious 2BR Duplex | Big Terrace | Prime JVC Location,"130,000",apartment,yearly,2,3,"1,942 sqft","Royal JVC Building, JVC District 10, Jumeirah Village Circle (JVC), Dubai",https://www.bayut.com/property/details-13672808.html,130000,130000,2.0,3.0,1942.0
Spacious 1 Bedroom | Balcony | Ready to Move In,"70,000",apartment,yearly,1,2,803 sqft,"Crystal Residence, JVC District 11, Jumeirah Village Circle (JVC), Dubai",https://www.bayut.com/property/details-13668623.html,70000,70000,1.0,2.0,803.0
"Spacious, | Fitted Kitchen Appliances| Modern","70,000",apartment,yearly,1,2,805 sqft,"Rigel Apartments, JVC District 10, Jumeirah Village Circle (JVC), Dubai",https://www.bayut.com/property/details-13154316.html,70000,70000,1.0,2.0,805.0
Spacious Duplex | 2BHK+Maid | Upgraded Unit,"155,000",apartment,yearly,2,3,"2,501 sqft","Fortunato, JVC District 11, Jumeirah Village Circle (JVC), Dubai",https://www.bayut.com/property/details-13380428.html,155000,155000,2.0,3.0,2501.0
Brand New | Bigger Layout | Multiple Options,"134,999",apartment,yearly,2,2,"1,202 sqft","Binghatti Phoenix, JVC District 13, Jumeirah Village Circle (JVC), Dubai",https://www.bayut.com/property/details-13416694.html,134999,134999,2.0,2.0,1202.0
Brand New | Best Layout | Multiple Options,"84,999",apartment,yearly,1,2,800 sqft,"Binghatti Phoenix, JVC District 13, Jumeirah Village Circle (JVC), Dubai",https://www.bayut.com/property/details-13477581.html,84999,84999,1.0,2.0,800.0
Ready To Move-In | 1 Bed + Study | Top Quality | Huge Layout | Best Amenities,"104,000",apartment,yearly,1,2,855 sqft,"Oxford Terraces, JVC District 11, Jumeirah Village Circle (JVC), Dubai",https://www.bayut.com/property/details-13094173.html,104000,104000,1.0,2.0,855.0
spacious 1 BR - Apartment I Great Finishing I Cozy & Bright Living,"65,000",apartment,yearly,1,2,829 sqft,"Oxford Building, JVC District 14, Jumeirah Village Circle (JVC), Dubai",https://www.bayut.com/property/details-13589268.html,65000,65000,1.0,2.0,829.0
Community View | Prime Location | Spacious Unit,"79,999",apartment,yearly,2,2,"1,594 sqft","Knightsbridge Court, JVC District 13, Jumeirah Village Circle (JVC), Dubai",https://www.bayut.com/property/details-12790355.html,79999,79999,2.0,2.0,1594.0
Near To Exit | High Floor | Prime Location,"99,999",apartment,yearly,2,3,"1,152 sqft","Golden Dream Tower 1, JVC District 18, Jumeirah Village Circle (JVC), Dubai",https://www.bayut.com/property/details-13536370.html,99999,99999,2.0,3.0,1152.0
Brand New Building I Bright & Luxury Layout I Prime Location,"78,000",apartment,yearly,1,2,"1,060 sqft","Serenity Lakes 5, JVC District 10, Jumeirah Village Circle (JVC), Dubai",https://www.bayut.com/property/details-13480678.html,78000,78000,1.0,2.0,1060.0
Binghatti Crest at JVC | Contemporary Apartments,"79,999",apartment,yearly,1,1,618 sqft,"Binghatti Crest, JVC District 13, Jumeirah Village Circle (JVC), Dubai",https://www.bayut.com/property/details-13711782.html,79999,79999,1.0,1.0,618.0
Premium Finish | 1BR | Study Room Included,"80,000",apartment,yearly,1,2,859 sqft,"Avanos Residence, JVC District 10, Jumeirah Village Circle (JVC), Dubai",https://www.bayut.com/property/details-13657481.html,80000,80000,1.0,2.0,859.0
READY TO MOVE l GREAT LOCATION l CALL ME,"100,000",apartment,yearly,2,2,"1,483 sqft","Roxana Residence B, Roxana Residences, JVC District 12, Jumeirah Village Circle (JVC), Dubai",https://www.bayut.com/property/details-13705647.html,100000,100000,2.0,2.0,1483.0
Elegant Furnished Apartment | Luma 22 | Prime JVC Location,"80,000",apartment,yearly,1,1,710 sqft,"West Tower, Luma 22, JVC District 10, Jumeirah Village Circle (JVC), Dubai",https://www.bayut.com/property/details-13458913.html,80000,80000,1.0,1.0,710.0
Spacious 2bhk I With huge balcony I Prime spot,"90,000",apartment,yearly,2,3,"1,231 sqft","Fortunato, JVC District 11, Jumeirah Village Circle (JVC), Dubai",https://www.bayut.com/property/details-13674776.html,90000,90000,2.0,3.0,1231.0
Spacious unit with maids' room I High- quality finish I Easy Access,"71,999",apartment,yearly,1,2,803 sqft,"Rigel Apartments, JVC District 10, Jumeirah Village Circle (JVC), Dubai",https://www.bayut.com/property/details-13581501.html,71999,71999,1.0,2.0,803.0
Fully Furnished I Spacious Unit | Community View,"70,000",apartment,yearly,1,2,682 sqft,"La Riviera Estate A, La Riviera Estates, JVC District 10, Jumeirah Village Circle (JVC), Dubai",https://www.bayut.com/property/details-13519130.html,70000,70000,1.0,2.0,682.0
1bhk + Maid room I Vacant with kitchen appliances I Prime location,"75,000",apartment,yearly,1,2,820 sqft,"Laya Mansion, JVC District 15, Jumeirah Village Circle (JVC), Dubai",https://www.bayut.com/property/details-13396795.html,75000,75000,1.0,2.0,820.0
Pool View | Spacious Layout | Prime Location,"70,000",apartment,yearly,1,2,740 sqft,"Binghatti Jasmine, JVC District 15, Jumeirah Village Circle (JVC), Dubai",https://www.bayut.com/property/details-13584274.html,70000,70000,1.0,2.0,740.0
2 B/R with Balcony | Pool and Gym | JVC,"113,000",apartment,yearly,2,3,"1,509 sqft","Al Naim Residence, JVC District 10, Jumeirah Village Circle (JVC), Dubai",https://www.bayut.com/property/details-13648026.html,113000,113000,2.0,3.0,1509.0
"Binghatti Corner, Jumeirah Village Circle (JVC)","89,900",apartment,yearly,1,1,697 sqft,"Binghatti Corner, JVC District 10, Jumeirah Village Circle (JVC), Dubai",https://www.bayut.com/property/details-13518275.html,89900,89900,1.0,1.0,697.0
Spacious 1BR | Unfurnished | Modern,"74,900",apartment,yearly,1,2,866 sqft,"Marwa Heights, JVC District 15, Jumeirah Village Circle (JVC), Dubai",https://www.bayut.com/property/details-13454101.html,74900,74900,1.0,2.0,866.0
Near to Mall - Best Amenities - With Storage,"140,000",apartment,yearly,2,3,"1,290 sqft","Westview Tower, JVC District 11, Jumeirah Village Circle (JVC), Dubai",https://www.bayut.com/property/details-13676227.html,140000,140000,2.0,3.0,1290.0
Spacious and Huge | AC Inclusive | 12 Cheques,"92,000",apartment,yearly,2,3,"1,256 sqft","Al Yousuf Tower 2, Al Yousuf Towers, JVC District 12, Jumeirah Village Circle (JVC), Dubai",https://www.bayut.com/property/details-13477933.html,92000,92000,2.0,3.0,1256.0
Bright & Modern 2BR | Luxury Community | Ready to Move-in,"125,000",apartment,yearly,2,2,"1,126 sqft","Belgravia Heights 1, JVC District 12, Jumeirah Village Circle (JVC), Dubai",https://www.bayut.com/property/details-13536801.html,125000,125000,2.0,2.0,1126.0
Brand New / Premium Quality / Fully Furnished,"95,000",apartment,yearly,1,2,805 sqft,"The Sloane by Belgravia Heights, JVC District 12, Jumeirah Village Circle (JVC), Dubai",https://www.bayut.com/property/details-13082359.html,95000,95000,1.0,2.0,805.0
1BR+Private Pool | Brand New | Premium Quality,"120,000",apartment,yearly,1,2,806 sqft,"Binghatti Royale, JVC District 18, Jumeirah Village Circle (JVC), Dubai",https://www.bayut.com/property/details-13705831.html,120000,120000,1.0,2.0,806.0
Fully furnished | Well Maintained | Call Now,"89,999",apartment,yearly,1,2,898 sqft,"Park View Tower, JVC District 14, Jumeirah Village Circle (JVC), Dubai",https://www.bayut.com/property/details-13531077.html,89999,89999,1.0,2.0,898.0
Spacious unit I Semi-closed kitchen I Near to circle mall,"64,999",apartment,yearly,1,2,875 sqft,"Pulse Smart Residence, JVC District 11, Jumeirah Village Circle (JVC), Dubai",https://www.bayut.com/property/details-13675719.html,64999,64999,1.0,2.0,875.0
Premium unit with skyline views I Great amenity I Prime spot,"85,000",apartment,yearly,2,2,961 sqft,"Binghatti Rose, JVC District 15, Jumeirah Village Circle (JVC), Dubai",https://www.bayut.com/property/details-13672903.html,85000,85000,2.0,2.0,961.0
Luxurious unit I With great amenity I Prime spot,"90,000",apartment,yearly,2,3,"1,128 sqft","Rose 10, JVC District 11, Jumeirah Village Circle (JVC), Dubai",https://www.bayut.com/property/details-13582189.html,90000,90000,2.0,3.0,1128.0
Fully Furnished | Vacant | Unobstructed View,"74,995",apartment,yearly,1,2,995 sqft,"Binghatti Gate, JVC District 15, Jumeirah Village Circle (JVC), Dubai",https://www.bayut.com/property/details-13678682.html,74995,74995,1.0,2.0,995.0
Spacious 1BR with Balcony | Equipped Kitchen | Upgraded Amenities | JVC,"69,000",apartment,yearly,1,2,837 sqft,"Imperial Tower, JVC District 17, Jumeirah Village Circle (JVC), Dubai",https://www.bayut.com/property/details-13709984.html,69000,69000,1.0,2.0,837.0
"EXCLUSIVE MONTH-END SUPER SALE - LIMITED UNITS, REDUCED PRICES | ZERO MAINT FEES | Equipped Kitchen","69,000",apartment,yearly,1,2,837 sqft,"Imperial Tower, JVC District 17, Jumeirah Village Circle (JVC), Dubai",https://www.bayut.com/property/details-10522032.html,69000,69000,1.0,2.0,837.0
2 B/R with 2 Balconies | High Floor | Brand New,"95,000",apartment,yearly,2,3,"1,335 sqft","Imperial Tower, JVC District 17, Jumeirah Village Circle (JVC), Dubai",https://www.bayut.com/property/details-9427722.html,95000,95000,2.0,3.0,1335.0
Spacious 2BR with Balcony| Closed Kitchen,"95,000",apartment,yearly,2,3,"1,335 sqft","Imperial Tower, JVC District 17, Jumeirah Village Circle (JVC), Dubai",https://www.bayut.com/property/details-9401369.html,95000,95000,2.0,3.0,1335.0
Huge Layout | Well Maintained | JVC | Book Now,"61,999",apartment,yearly,1,2,"1,016 sqft","Siena 1, Siena, Tuscan Residence, JVC District 10, Jumeirah Village Circle (JVC), Dubai",https://www.bayut.com/property/details-13405747.html,61999,61999,1.0,2.0,1016.0
Available | Best View | High Floor | Furnished,"140,000",apartment,yearly,1,2,921 sqft,"Binghatti Royale, JVC District 18, Jumeirah Village Circle (JVC), Dubai",https://www.bayut.com/property/details-13662683.html,140000,140000,1.0,2.0,921.0
Fully Furnished | Best View | High Floor | New,"130,000",apartment,yearly,1,2,806 sqft,"Binghatti Royale, JVC District 18, Jumeirah Village Circle (JVC), Dubai",https://www.bayut.com/property/details-13647481.html,130000,130000,1.0,2.0,806.0
Vacant | Best View | High Floor | Fully Furnished,"130,000",apartment,yearly,1,2,806 sqft,"Binghatti Royale, JVC District 18, Jumeirah Village Circle (JVC), Dubai",https://www.bayut.com/property/details-13645887.html,130000,130000,1.0,2.0,806.0
Community View | High End Quality | Prime Location,"100,000",apartment,yearly,1,2,904 sqft,"Catch Residences, JVC District 12, Jumeirah Village Circle (JVC), Dubai",https://www.bayut.com/property/details-13690516.html,100000,100000,1.0,2.0,904.0
Fully Upgraded | Fully Furnished | Pool View | vastu compliant,"82,000",apartment,yearly,1,2,"1,006 sqft","Magnolia 2, Emirates Gardens 2, JVC District 14, Jumeirah Village Circle (JVC), Dubai",https://www.bayut.com/property/details-13064622.html,82000,82000,1.0,2.0,1006.0
SPACIOUS HIGH FLOOR | MODERN| NEAR TO MALL,"155,000",apartment,yearly,2,3,"1,484 sqft","The Vybe, JVC District 16, Jumeirah Village Circle (JVC), Dubai",https://www.bayut.com/property/details-13509025.html,155000,155000,2.0,3.0,1484.0
Spacious | Brand New | Modern Layout,"78,000",apartment,yearly,1,1,723 sqft,"The Vybe, JVC District 16, Jumeirah Village Circle (JVC), Dubai",https://www.bayut.com/property/details-13000402.html,78000,78000,1.0,1.0,723.0
Unique Design | Elegant 2 Bed + Maid | High-End Finishing,"110,000",apartment,yearly,2,3,"1,401 sqft","Lucky 1 Residences, JVC District 13, Jumeirah Village Circle (JVC), Dubai",https://www.bayut.com/property/details-12510579.html,110000,110000,2.0,3.0,1401.0
Fully Upgraded Unit For Rent I Modern Living I Prime JVC Location,"75,000",apartment,yearly,1,2,768 sqft,"Lucky 1 Residences, JVC District 13, Jumeirah Village Circle (JVC), Dubai",https://www.bayut.com/property/details-13429191.html,75000,75000,1.0,2.0,768.0
4 Bed | Townhouse | Unfurnished | Vacating soon,"190,000",townhouse,yearly,4,5,"4,400 sqft","Shamal Terraces, JVC District 14, Jumeirah Village Circle (JVC), Dubai",https://www.bayut.com/property/details-13457161.html,190000,190000,4.0,5.0,4400.0
Spacious 1 BHK | Private Pool | Brand New,"95,000",apartment,yearly,1,2,796 sqft,"Binghatti Phantom, JVC District 17, Jumeirah Village Circle (JVC), Dubai",https://www.bayut.com/property/details-13313714.html,95000,95000,1.0,2.0,796.0
Bright 1 BR | High-end Finishing I Elegant Layout I Big Terrace,"75,000",apartment,yearly,1,2,904 sqft,"AAA Residence, JVC District 13, Jumeirah Village Circle (JVC), Dubai",https://www.bayut.com/property/details-13369551.html,75000,75000,1.0,2.0,904.0
A Rare 1BR Pool View Extra Spacious Living Next to Park,"90,000",apartment,yearly,1,2,928 sqft,"Hameni Residence, JVC District 15, Jumeirah Village Circle (JVC), Dubai",https://www.bayut.com/property/details-13641024.html,90000,90000,1.0,2.0,928.0
Stylish 1BR | Brand New | Private Pool I High Floor,"105,000",apartment,yearly,1,2,807 sqft,"Binghatti Royale, JVC District 18, Jumeirah Village Circle (JVC), Dubai",https://www.bayut.com/property/details-13477567.html,105000,105000,1.0,2.0,807.0
Community View | Spacious 2Br | Best Amenities,"124,999",apartment,yearly,2,2,"1,189 sqft","Marwa Heights, JVC District 15, Jumeirah Village Circle (JVC), Dubai",https://www.bayut.com/property/details-13690234.html,124999,124999,2.0,2.0,1189.0
Road Facing | Spacious Unit | Prime Location,"59,000",apartment,yearly,1,2,602 sqft,"Masaar Residence, JVC District 15, Jumeirah Village Circle (JVC), Dubai",https://www.bayut.com/property/details-13674001.html,59000,59000,1.0,2.0,602.0
Modern Living | Brand New | Bigger Layout,"110,000",apartment,yearly,1,2,911 sqft,"Binghatti Phantom, JVC District 17, Jumeirah Village Circle (JVC), Dubai",https://www.bayut.com/property/details-13668622.html,110000,110000,1.0,2.0,911.0
Luxurious 1 BHK| Bright & Spacious| Brand New,"90,000",apartment,yearly,1,2,760 sqft,"Binghatti Phoenix, JVC District 13, Jumeirah Village Circle (JVC), Dubai",https://www.bayut.com/property/details-13447579.html,90000,90000,1.0,2.0,760.0
Brand new l 2 Bedroom l For Family l Ready to move,"73,000",apartment,yearly,2,2,771 sqft,"S. S. Lootah Residence, JVC District 11, Jumeirah Village Circle (JVC), Dubai",https://www.bayut.com/property/details-13677385.html,73000,73000,2.0,2.0,771.0
4 Cheques | Pool Facing | Vacant | Largest Layout,"147,500",apartment,yearly,2,2,"1,217 sqft","Belgravia 3B, Belgravia 3, JVC District 15, Jumeirah Village Circle (JVC), Dubai",https://www.bayut.com/property/details-13680676.html,147500,147500,2.0,2.0,1217.0
Spacious | Prime Location | Fully Fitted Kitchen,"76,000",apartment,yearly,1,2,724 sqft,"Aria Residence, JVC District 14, Jumeirah Village Circle (JVC), Dubai",https://www.bayut.com/property/details-13705804.html,76000,76000,1.0,2.0,724.0
Ready To Move In | Duplex | Spacious Layout,"129,000",apartment,yearly,2,3,"1,840 sqft","Villa Myra, JVC District 15, Jumeirah Village Circle (JVC), Dubai",https://www.bayut.com/property/details-13634049.html,129000,129000,2.0,3.0,1840.0
High Floor | Spacious Layout | Fitted Kitchen,"90,000",apartment,yearly,1,1,861 sqft,"Binghatti Phoenix, JVC District 13, Jumeirah Village Circle (JVC), Dubai",https://www.bayut.com/property/details-13648341.html,90000,90000,1.0,1.0,861.0
Large Layout | Appliances | Dishwasher | Premium,"86,000",apartment,yearly,1,2,773 sqft,"Harrington House, JVC District 14, Jumeirah Village Circle (JVC), Dubai",https://www.bayut.com/property/details-13579500.html,86000,86000,1.0,2.0,773.0
2 Bedroom | Best Amenities | Road view,"120,000",apartment,yearly,2,4,"1,258 sqft","Summer 2 Block A, Summer, Seasons Community, JVC District 15, Jumeirah Village Circle (JVC), Dubai",https://www.bayut.com/property/details-13673322.html,120000,120000,2.0,4.0,1258.0
Spacious Layout | Ready to Move | Good Location,"100,000",apartment,yearly,2,2,"1,090 sqft","Xanadu Residence 2, JVC District 13, Jumeirah Village Circle (JVC), Dubai",https://www.bayut.com/property/details-13538040.html,100000,100000,2.0,2.0,1090.0
Spacious 1BHK | Chiller Free | With Balcony |,"70,000",apartment,yearly,1,2,952 sqft,"Pantheon Boulevard, JVC District 13, Jumeirah Village Circle (JVC), Dubai",https://www.bayut.com/property/details-13667042.html,70000,70000,1.0,2.0,952.0
Prime Location | Close To Circle Mall | Spacious,"65,000",apartment,yearly,1,2,875 sqft,"Pulse Smart Residence, JVC District 11, Jumeirah Village Circle (JVC), Dubai",https://www.bayut.com/property/details-13278333.html,65000,65000,1.0,2.0,875.0
Largest Layout | Pool Facing | Newly Furnished,"131,575",apartment,yearly,2,2,"1,133 sqft","Signature Livings South, Signature Livings, JVC District 10, Jumeirah Village Circle (JVC), Dubai",https://www.bayut.com/property/details-13189764.html,131575,131575,2.0,2.0,1133.0
Brand New - Community View - Multiple Options,"88,000",apartment,yearly,1,2,887 sqft,"Westview Garden, JVC District 15, Jumeirah Village Circle (JVC), Dubai",https://www.bayut.com/property/details-13580850.html,88000,88000,1.0,2.0,887.0
Ready to Move | Huge Layout | Ideal location,"90,000",apartment,yearly,2,2,"1,417 sqft","Lolena Residence, JVC District 12, Jumeirah Village Circle (JVC), Dubai",https://www.bayut.com/property/details-13648475.html,90000,90000,2.0,2.0,1417.0
Rented unit | High Floor | Kitchen Appliances,"74,999",apartment,yearly,1,2,753 sqft,"Bloom Heights 1, Bloom Heights, JVC District 15, Jumeirah Village Circle (JVC), Dubai",https://www.bayut.com/property/details-13579965.html,74999,74999,1.0,2.0,753.0
Brand New - Huge Terrace- Pool View,"95,000",apartment,yearly,1,2,"1,097 sqft","Westview Garden, JVC District 15, Jumeirah Village Circle (JVC), Dubai",https://www.bayut.com/property/details-13547827.html,95000,95000,1.0,2.0,1097.0
Community View | High End Quality | Prime Location,"93,999",apartment,yearly,1,2,783 sqft,"Belgravia Square, JVC District 14, Jumeirah Village Circle (JVC), Dubai",https://www.bayut.com/property/details-13686075.html,93999,93999,1.0,2.0,783.0
Smart Home | Pool View | Spacious Layout,"85,000",apartment,yearly,1,2,940 sqft,"La Riviera Azure, JVC District 10, Jumeirah Village Circle (JVC), Dubai",https://www.bayut.com/property/details-13202806.html,85000,85000,1.0,2.0,940.0
Furnished 2BHK + Store Room | Best Price |,"105,000",apartment,yearly,2,3,"1,280 sqft","Alcove, JVC District 11, Jumeirah Village Circle (JVC), Dubai",https://www.bayut.com/property/details-13671036.html,105000,105000,2.0,3.0,1280.0
Brand New - Huge size - Chiller with Dewa,"90,000",apartment,yearly,1,2,919 sqft,"Westview Garden, JVC District 15, Jumeirah Village Circle (JVC), Dubai",https://www.bayut.com/property/details-13169249.html,90000,90000,1.0,2.0,919.0
Ready to Move In | Prime Location | Garden view,"72,000",apartment,yearly,1,2,711 sqft,"Jeewar Apartments, JVC District 11, Jumeirah Village Circle (JVC), Dubai",https://www.bayut.com/property/details-13523298.html,72000,72000,1.0,2.0,711.0
Exclusive ! Luxury Living ! Balcony ! JSS School ! Vacant !,"62,000",apartment,yearly,1,2,682 sqft,"La Riviera Estate A, La Riviera Estates, JVC District 10, Jumeirah Village Circle (JVC), Dubai",https://www.bayut.com/property/details-13406649.html,62000,62000,1.0,2.0,682.0
Spacious 1 Bedroom I On High Floor I Prime Location,"70,000",apartment,yearly,1,2,886 sqft,"Reef Residence, JVC District 13, Jumeirah Village Circle (JVC), Dubai",https://www.bayut.com/property/details-13375345.html,70000,70000,1.0,2.0,886.0
Spacious 1BR | Ready to Move | Prime Location,"84,999",apartment,yearly,1,2,760 sqft,"Binghatti Phoenix, JVC District 13, Jumeirah Village Circle (JVC), Dubai",https://www.bayut.com/property/details-13661256.html,84999,84999,1.0,2.0,760.0
Spacious 1BR | Elegant Living | Bright Unit | Good Amenities,"65,000",apartment,yearly,1,2,805 sqft,"Imperial Tower, JVC District 17, Jumeirah Village Circle (JVC), Dubai",https://www.bayut.com/property/details-13472026.html,65000,65000,1.0,2.0,805.0
Brand New - Huge Size - Multiple options,"140,000",apartment,yearly,2,3,"1,458 sqft","Westview Garden, JVC District 15, Jumeirah Village Circle (JVC), Dubai",https://www.bayut.com/property/details-13539021.html,140000,140000,2.0,3.0,1458.0
Modern Furnished | Vacant | Spacious,"70,000",apartment,yearly,1,2,572 sqft,"Summer 2 Block A, Summer, Seasons Community, JVC District 15, Jumeirah Village Circle (JVC), Dubai",https://www.bayut.com/property/details-13392500.html,70000,70000,1.0,2.0,572.0
Closed Kitchen | Modern Layout | Ready to Move,"75,000",apartment,yearly,1,2,898 sqft,"Golden Dream Tower 1, JVC District 18, Jumeirah Village Circle (JVC), Dubai",https://www.bayut.com/property/details-13616114.html,75000,75000,1.0,2.0,898.0
Prime Location | Ready to Move | Book Now,"115,000",apartment,yearly,2,3,"1,058 sqft","Bloom Heights 1, Bloom Heights, JVC District 15, Jumeirah Village Circle (JVC), Dubai",https://www.bayut.com/property/details-13671409.html,115000,115000,2.0,3.0,1058.0
Best Price | 1 Bedroom convert to 2 Bedrooms | Ready to Move,"74,999",apartment,yearly,1,2,894 sqft,"Shamal Waves, JVC District 14, Jumeirah Village Circle (JVC), Dubai",https://www.bayut.com/property/details-13051780.html,74999,74999,1.0,2.0,894.0
"Bright apartment,Kitchen appliances,Ready to move","114,999",apartment,yearly,2,2,"1,055 sqft","Bloom Heights 1, Bloom Heights, JVC District 15, Jumeirah Village Circle (JVC), Dubai",https://www.bayut.com/property/details-13509555.html,114999,114999,2.0,2.0,1055.0
"Bright apartment,Close kitchen,Ready to move","99,000",apartment,yearly,2,3,"1,334 sqft","Imperial Tower, JVC District 17, Jumeirah Village Circle (JVC), Dubai",https://www.bayut.com/property/details-13511015.html,99000,99000,2.0,3.0,1334.0
Brand New | Park View | View Today,"90,000",apartment,yearly,1,2,865 sqft,"Hadley Heights, JVC District 11, Jumeirah Village Circle (JVC), Dubai",https://www.bayut.com/property/details-13673615.html,90000,90000,1.0,2.0,865.0
Ready To Move-In | Fully Furnished | Premium Quality | Best Amenities | Book Now!,"90,000",apartment,yearly,1,2,877 sqft,"Beverly Residence, JVC District 13, Jumeirah Village Circle (JVC), Dubai",https://www.bayut.com/property/details-8674231.html,90000,90000,1.0,2.0,877.0
1BR+ Maid Room | Near to JSS School | Chiller Free 100%,"75,000",apartment,yearly,1,2,"1,217 sqft","Laya Residences, JVC District 10, Jumeirah Village Circle (JVC), Dubai",https://www.bayut.com/property/details-13610999.html,75000,75000,1.0,2.0,1217.0
Panoramic View | Brand New | Vacant,"80,000",apartment,yearly,1,2,678 sqft,"Binghatti Azure, JVC District 16, Jumeirah Village Circle (JVC), Dubai",https://www.bayut.com/property/details-13661833.html,80000,80000,1.0,2.0,678.0
Furnished 1 Bedroom | High Floor | skyline View,"80,000",apartment,yearly,1,2,638 sqft,"Binghatti Heights, JVC District 10, Jumeirah Village Circle (JVC), Dubai",https://www.bayut.com/property/details-13571937.html,80000,80000,1.0,2.0,638.0
Furnished | Dishwasher | Call Now,"77,000",apartment,yearly,1,2,820 sqft,"O2 Tower, JVC District 14, Jumeirah Village Circle (JVC), Dubai",https://www.bayut.com/property/details-13662247.html,77000,77000,1.0,2.0,820.0
Spacious Layout | Prime Location | Best Deal,"69,000",apartment,yearly,1,2,633 sqft,"Pantheon Elysee I, JVC District 13, Jumeirah Village Circle (JVC), Dubai",https://www.bayut.com/property/details-13160530.html,69000,69000,1.0,2.0,633.0
Upgraded Apartment | Unfurnished | Near to Exit,"55,000",apartment,yearly,1,2,647 sqft,"Autumn, Seasons Community, JVC District 15, Jumeirah Village Circle (JVC), Dubai",https://www.bayut.com/property/details-13666422.html,55000,55000,1.0,2.0,647.0
Fully Furnished / Huge Layout / Near To Park,"64,999",apartment,yearly,1,2,979 sqft,"Maple 1, Emirates Gardens 2, JVC District 14, Jumeirah Village Circle (JVC), Dubai",https://www.bayut.com/property/details-13658891.html,64999,64999,1.0,2.0,979.0
Fully Furnished I Balcony I High-End Living in JVC,"70,000",apartment,yearly,1,2,963 sqft,"Plaza Residences Block A, Plaza Residences, JVC District 13, Jumeirah Village Circle (JVC), Dubai",https://www.bayut.com/property/details-13306103.html,70000,70000,1.0,2.0,963.0
Brand new / Available from 1st NOV/ Luxury Living,"110,000",apartment,yearly,1,2,879 sqft,"Luma Park Views, JVC District 14, Jumeirah Village Circle (JVC), Dubai",https://www.bayut.com/property/details-13197584.html,110000,110000,1.0,2.0,879.0
Brand New | Available from 15 January 2026 | Luxury Living,"184,999",apartment,yearly,3,4,"1,309 sqft","Luma Park Views, JVC District 14, Jumeirah Village Circle (JVC), Dubai",https://www.bayut.com/property/details-13583942.html,184999,184999,3.0,4.0,1309.0
2BHK+Maid | Spacious Layout | Multiple Cheques,"190,000",villa,yearly,2,4,"7,806 sqft","JVC District 16, Jumeirah Village Circle (JVC), Dubai",https://www.bayut.com/property/details-13662041.html,190000,190000,2.0,4.0,7806.0
Spacious Unit | Huge Layout | Prime Location,"84,999",apartment,yearly,1,2,792 sqft,"Binghatti Phoenix, JVC District 13, Jumeirah Village Circle (JVC), Dubai",https://www.bayut.com/property/details-13635429.html,84999,84999,1.0,2.0,792.0
1 bhk Apartment | with best ammenities | Road view,"85,000",apartment,yearly,1,2,798 sqft,"Binghatti Phoenix, JVC District 13, Jumeirah Village Circle (JVC), Dubai",https://www.bayut.com/property/details-13423733.html,85000,85000,1.0,2.0,798.0
1 bhk Apartment | with best ammenities | Road view,"85,000",apartment,yearly,1,2,798 sqft,"Binghatti Phoenix, JVC District 13, Jumeirah Village Circle (JVC), Dubai",https://www.bayut.com/property/details-13423335.html,85000,85000,1.0,2.0,798.0
3bhk Unfurnished | Huge Layout | Community View,"129,999",apartment,yearly,3,3,"1,358 sqft","Binghatti Heights, JVC District 10, Jumeirah Village Circle (JVC), Dubai",https://www.bayut.com/property/details-12687625.html,129999,129999,3.0,3.0,1358.0
1 bhk Apartment | with best ammenities | Road view,"85,000",apartment,yearly,1,2,781 sqft,"Binghatti Aurora, JVC District 12, Jumeirah Village Circle (JVC), Dubai",https://www.bayut.com/property/details-13547489.html,85000,85000,1.0,2.0,781.0
Fully Furnished | Great Finishing | Best Amenities,"100,000",apartment,yearly,1,2,769 sqft,"Pearl House 2, JVC District 12, Jumeirah Village Circle (JVC), Dubai",https://www.bayut.com/property/details-13523518.html,100000,100000,1.0,2.0,769.0
Brand New | Park View | Multiple options,"89,999",apartment,yearly,1,2,793 sqft,"Binghatti Phoenix, JVC District 13, Jumeirah Village Circle (JVC), Dubai",https://www.bayut.com/property/details-13639144.html,89999,89999,1.0,2.0,793.0
Upgraded Layout 1BHK I Fitted Kitchen I Community View,"65,000",apartment,yearly,1,2,726 sqft,"Xanadu Residence 2, JVC District 13, Jumeirah Village Circle (JVC), Dubai",https://www.bayut.com/property/details-12964668.html,65000,65000,1.0,2.0,726.0
I Large Size 2BHK Apartment I Cozy-Bright Layout I Ready To Move-In I,"99,999",apartment,yearly,2,2,"1,239 sqft","Xanadu Residence 2, JVC District 13, Jumeirah Village Circle (JVC), Dubai",https://www.bayut.com/property/details-11914147.html,99999,99999,2.0,2.0,1239.0
1 bhk Apartment | with best ammenities | Road view,"79,999",apartment,yearly,1,2,763 sqft,"Pantheon Elysee I, JVC District 13, Jumeirah Village Circle (JVC), Dubai",https://www.bayut.com/property/details-13506002.html,79999,79999,1.0,2.0,763.0
1-Bed plus study | Prime Quality | Front of circle mall|,"73,999",apartment,yearly,1,2,827 sqft,"Crystal Residence, JVC District 11, Jumeirah Village Circle (JVC), Dubai",https://www.bayut.com/property/details-13610354.html,73999,73999,1.0,2.0,827.0
All-New | Superior Quality | Call Now,"64,999",apartment,yearly,1,2,701 sqft,"Empire Residence, JVC District 17, Jumeirah Village Circle (JVC), Dubai",https://www.bayut.com/property/details-12771454.html,64999,64999,1.0,2.0,701.0
2 Bedroom | 2 Balcony | Open Kitchen,"95,000",apartment,yearly,2,3,"1,334 sqft","Imperial Tower, JVC District 17, Jumeirah Village Circle (JVC), Dubai",https://www.bayut.com/property/details-13598526.html,95000,95000,2.0,3.0,1334.0
"Maids Room, High Floor, U Shape Kitchen, Ready To Move IN","109,000",apartment,yearly,1,2,922 sqft,"Binghatti Royale, JVC District 18, Jumeirah Village Circle (JVC), Dubai",https://www.bayut.com/property/details-13596924.html,109000,109000,1.0,2.0,922.0
Community View | High End Quality | Furnished,"95,999",apartment,yearly,1,2,779 sqft,"Pearl House by Imtiaz, JVC District 13, Jumeirah Village Circle (JVC), Dubai",https://www.bayut.com/property/details-13591735.html,95999,95999,1.0,2.0,779.0
Furnished 1BHk | Close to Exit | Book now,"69,999",apartment,yearly,1,2,675 sqft,"DAMAC Ghalia, JVC District 18, Jumeirah Village Circle (JVC), Dubai",https://www.bayut.com/property/details-13644383.html,69999,69999,1.0,2.0,675.0
High Floor | Fully Furnished | Marina View,"84,999",apartment,yearly,1,2,637 sqft,"Binghatti Heights, JVC District 10, Jumeirah Village Circle (JVC), Dubai",https://www.bayut.com/property/details-13610580.html,84999,84999,1.0,2.0,637.0
Kitchen Appliances | Best Price | Mid Floor,"90,000",apartment,yearly,1,2,798 sqft,"Binghatti Phoenix, JVC District 13, Jumeirah Village Circle (JVC), Dubai",https://www.bayut.com/property/details-13241637.html,90000,90000,1.0,2.0,798.0
Fully Furnished | Great Location | Near jss scl,"70,000",apartment,yearly,1,2,871 sqft,"Laya Residences, JVC District 10, Jumeirah Village Circle (JVC), Dubai",https://www.bayut.com/property/details-13305629.html,70000,70000,1.0,2.0,871.0
Luxury Living ! Pool View ! Balcony ! From February 1st.,"70,000",apartment,yearly,1,2,803 sqft,"La Riviera Apartments, JVC District 10, Jumeirah Village Circle (JVC), Dubai",https://www.bayut.com/property/details-13629729.html,70000,70000,1.0,2.0,803.0
Spacious Size | Kitchen Appliances | Vacant,"65,000",apartment,yearly,1,2,831 sqft,"Roxana Residence D, Roxana Residences, JVC District 12, Jumeirah Village Circle (JVC), Dubai",https://www.bayut.com/property/details-13597056.html,65000,65000,1.0,2.0,831.0
Park View | Prime Location | Call Now,"76,000",apartment,yearly,1,2,696 sqft,"Pantheon Elysee III, JVC District 15, Jumeirah Village Circle (JVC), Dubai",https://www.bayut.com/property/details-13630212.html,76000,76000,1.0,2.0,696.0
Community View | High End Quality | Prime Location,"90,000",apartment,yearly,1,2,819 sqft,"Belgravia Square, JVC District 14, Jumeirah Village Circle (JVC), Dubai",https://www.bayut.com/property/details-12747509.html,90000,90000,1.0,2.0,819.0
Relaxing view | Modern 1BHK | With Balcony,"75,000",apartment,yearly,1,2,744 sqft,"Bloom Heights 2, Bloom Heights, JVC District 15, Jumeirah Village Circle (JVC), Dubai",https://www.bayut.com/property/details-13527588.html,75000,75000,1.0,2.0,744.0
"Binghatti Emerald, Jumeirah Village Circle. Dubai","94,990",apartment,yearly,1,2,656 sqft,"Binghatti Emerald, JVC District 15, Jumeirah Village Circle (JVC), Dubai",https://www.bayut.com/property/details-13519909.html,94990,94990,1.0,2.0,656.0
Fully Furnished | Flexible Cheques | Book Now,"75,000",apartment,yearly,1,2,871 sqft,"Laya Residences, JVC District 10, Jumeirah Village Circle (JVC), Dubai",https://www.bayut.com/property/details-13479971.html,75000,75000,1.0,2.0,871.0
Semi Furnihsed/ Brand New/ Ready to Move,"84,999",apartment,yearly,1,2,833 sqft,"Binghatti Phoenix, JVC District 13, Jumeirah Village Circle (JVC), Dubai",https://www.bayut.com/property/details-13608599.html,84999,84999,1.0,2.0,833.0
Private Pool 1 Bedroom | High Floor | Skyline View,"105,000",apartment,yearly,1,2,807 sqft,"Binghatti Royale, JVC District 18, Jumeirah Village Circle (JVC), Dubai",https://www.bayut.com/property/details-13590833.html,105000,105000,1.0,2.0,807.0
1 Bedroom with Pool | High Floor | Open View - Ready to Move,"105,000",apartment,yearly,1,2,807 sqft,"Binghatti Royale, JVC District 18, Jumeirah Village Circle (JVC), Dubai",https://www.bayut.com/property/details-13590820.html,105000,105000,1.0,2.0,807.0
1 Bedoom with Pool | High Floor | Skyline View,"105,000",apartment,yearly,1,2,807 sqft,"Binghatti Royale, JVC District 18, Jumeirah Village Circle (JVC), Dubai",https://www.bayut.com/property/details-13590825.html,105000,105000,1.0,2.0,807.0
Brand New | Smart Home | Spacious Layout,"89,999",apartment,yearly,1,2,926 sqft,"Binghatti Aurora, JVC District 12, Jumeirah Village Circle (JVC), Dubai",https://www.bayut.com/property/details-13573193.html,89999,89999,1.0,2.0,926.0
1Br+Study | Road Facing | Fitted Kitchen,"74,999",apartment,yearly,1,2,808 sqft,"Rigel Apartments, JVC District 10, Jumeirah Village Circle (JVC), Dubai",https://www.bayut.com/property/details-13396176.html,74999,74999,1.0,2.0,808.0
Spacious & Big Size 2Bed with Amazing View | Book Today,"125,000",apartment,yearly,2,3,"1,481 sqft","Reef Residence, JVC District 13, Jumeirah Village Circle (JVC), Dubai",https://www.bayut.com/property/details-13609060.html,125000,125000,2.0,3.0,1481.0
1BHK + Study | Ground Floor | Spacious Unit,"75,000",apartment,yearly,1,2,"1,217 sqft","Laya Residences, JVC District 10, Jumeirah Village Circle (JVC), Dubai",https://www.bayut.com/property/details-13609254.html,75000,75000,1.0,2.0,1217.0
Community View | Specious | Grt Layout,"69,950",apartment,yearly,1,2,818 sqft,"Fortunato, JVC District 11, Jumeirah Village Circle (JVC), Dubai",https://www.bayut.com/property/details-13608413.html,69950,69950,1.0,2.0,818.0
Fitted Kitchen | Prime Location | Community View,"129,999",apartment,yearly,2,2,"1,202 sqft","Binghatti Phoenix, JVC District 13, Jumeirah Village Circle (JVC), Dubai",https://www.bayut.com/property/details-13354262.html,129999,129999,2.0,2.0,1202.0
1 Bedroom Unfurnished | Pool View | Premium,"85,000",apartment,yearly,1,2,825 sqft,"Signature Livings North, Signature Livings, JVC District 10, Jumeirah Village Circle (JVC), Dubai",https://www.bayut.com/property/details-13171514.html,85000,85000,1.0,2.0,825.0
Fully Furnished | High Floor | Prime Location,"65,999",apartment,yearly,1,2,832 sqft,"Roxana Residence D, Roxana Residences, JVC District 12, Jumeirah Village Circle (JVC), Dubai",https://www.bayut.com/property/details-13597559.html,65999,65999,1.0,2.0,832.0
Fully Furnished 1BR | Bright Layout | Upgraded Unit | Luxurious Living,"85,000",apartment,yearly,1,2,873 sqft,"Eleganz by Danube, JVC District 14, Jumeirah Village Circle (JVC), Dubai",https://www.bayut.com/property/details-13494530.html,85000,85000,1.0,2.0,873.0
Fully Furnished | Prime Location | Call Now,"109,900",apartment,yearly,1,2,786 sqft,"Pearl House 2, JVC District 12, Jumeirah Village Circle (JVC), Dubai",https://www.bayut.com/property/details-13466320.html,109900,109900,1.0,2.0,786.0
Exclusive | Pool & Park View | Fitted Kitchen |,"89,999",apartment,yearly,1,2,865 sqft,"Hadley Heights, JVC District 11, Jumeirah Village Circle (JVC), Dubai",https://www.bayut.com/property/details-13354909.html,89999,89999,1.0,2.0,865.0
Furnished 1 BHK| Pool View| Ready to Move In,"99,999",apartment,yearly,1,2,930 sqft,"Westwood Grande by Imtiaz, JVC District 18, Jumeirah Village Circle (JVC), Dubai",https://www.bayut.com/property/details-12545501.html,99999,99999,1.0,2.0,930.0
1BHK Duplex | Unique Layout | Specious,"79,990",apartment,yearly,1,2,"1,135 sqft","Fortunato, JVC District 11, Jumeirah Village Circle (JVC), Dubai",https://www.bayut.com/property/details-12421156.html,79990,79990,1.0,2.0,1135.0
Community View | Premium Quality | Spacious Unit,"89,999",apartment,yearly,2,2,960 sqft,"Binghatti Rose, JVC District 15, Jumeirah Village Circle (JVC), Dubai",https://www.bayut.com/property/details-13593968.html,89999,89999,2.0,2.0,960.0
Full Park View | Private Jacuzzi | Move-In Now,"120,000",apartment,yearly,1,2,924 sqft,"Binghatti Royale, JVC District 18, Jumeirah Village Circle (JVC), Dubai",https://www.bayut.com/property/details-13446931.html,120000,120000,1.0,2.0,924.0
Unfurnished 2Bhk| Prime Location| Road view,"90,000",apartment,yearly,2,2,961 sqft,"Binghatti Rose, JVC District 15, Jumeirah Village Circle (JVC), Dubai",https://www.bayut.com/property/details-13572892.html,90000,90000,2.0,2.0,961.0
Vacant Boulevard View | Spacious 1BR with Balcony,"80,000",apartment,yearly,1,2,726 sqft,"Binghatti Crescent, JVC District 11, Jumeirah Village Circle (JVC), Dubai",https://www.bayut.com/property/details-13274571.html,80000,80000,1.0,2.0,726.0
Huge Layout | Ready to Move | Study Room,"85,000",apartment,yearly,1,2,958 sqft,"Rigel Apartments, JVC District 10, Jumeirah Village Circle (JVC), Dubai",https://www.bayut.com/property/details-13429492.html,85000,85000,1.0,2.0,958.0
Luxury Furnished 1BHK | Brand New | Close to Mall,"99,999",apartment,yearly,1,2,769 sqft,"Pearl House 2, JVC District 12, Jumeirah Village Circle (JVC), Dubai",https://www.bayut.com/property/details-13573063.html,99999,99999,1.0,2.0,769.0
1 BHK + Study | Unfurnished Unit| Ready to move in,"79,999",apartment,yearly,1,2,854 sqft,"Rigel Apartments, JVC District 10, Jumeirah Village Circle (JVC), Dubai",https://www.bayut.com/property/details-13152940.html,79999,79999,1.0,2.0,854.0
Fully Furnished | Premium Quality | Prime Location,"100,000",apartment,yearly,1,2,930 sqft,"Westwood Grande by Imtiaz, JVC District 18, Jumeirah Village Circle (JVC), Dubai",https://www.bayut.com/property/details-13539377.html,100000,100000,1.0,2.0,930.0
Brand New | Open Plan | 1 Bedroom + Study,"99,000",apartment,yearly,1,2,852 sqft,"Al Serh Residences 11, JVC District 10, Jumeirah Village Circle (JVC), Dubai",https://www.bayut.com/property/details-13537730.html,99000,99000,1.0,2.0,852.0
Community View | High End Quality | Prime Location,"69,999",apartment,yearly,1,2,617 sqft,"Binghatti Luna, JVC District 12, Jumeirah Village Circle (JVC), Dubai",https://www.bayut.com/property/details-13516302.html,69999,69999,1.0,2.0,617.0
Brand New | Pool View | Prime Location,"84,999",apartment,yearly,1,2,826 sqft,"Binghatti Phoenix, JVC District 13, Jumeirah Village Circle (JVC), Dubai",https://www.bayut.com/property/details-13124710.html,84999,84999,1.0,2.0,826.0
WIHT MAIDROOM l KITCHEN APPLINCES l PRIME LOCATION,"80,000",apartment,yearly,1,2,859 sqft,"Avanos Residence, JVC District 10, Jumeirah Village Circle (JVC), Dubai",https://www.bayut.com/property/details-13484004.html,80000,80000,1.0,2.0,859.0
Furnished | Ready to move in | 4 Cheques Available,"85,000",apartment,yearly,1,1,946 sqft,"Oxford Residence, JVC District 13, Jumeirah Village Circle (JVC), Dubai",https://www.bayut.com/property/details-10882701.html,85000,85000,1.0,1.0,946.0
Fully Furnished beautiful Ready to Move In | 2 BR | Harrington House for rent,"110,000",apartment,yearly,2,2,998 sqft,"Harrington House, JVC District 14, Jumeirah Village Circle (JVC), Dubai",https://www.bayut.com/property/details-6550406.html,110000,110000,2.0,2.0,998.0
Spacious and Bright Apt | Ready to move in,"73,000",apartment,yearly,1,2,"1,255 sqft","Fortunato, JVC District 11, Jumeirah Village Circle (JVC), Dubai",https://www.bayut.com/property/details-5232574.html,73000,73000,1.0,2.0,1255.0
1 bhk + Study | Smart home |Front street Facing,"109,999",apartment,yearly,1,2,787 sqft,"Pearl House 2, JVC District 12, Jumeirah Village Circle (JVC), Dubai",https://www.bayut.com/property/details-13450588.html,109999,109999,1.0,2.0,787.0
Spacious 2BR | Community View | Prime Location,"110,000",apartment,yearly,2,2,962 sqft,"Binghatti Rose, JVC District 15, Jumeirah Village Circle (JVC), Dubai",https://www.bayut.com/property/details-13528107.html,110000,110000,2.0,2.0,962.0
Huge Layout | Furnished | Unfurnished | Dishwasher,"72,000",apartment,yearly,1,2,827 sqft,"Cappadocia, JVC District 13, Jumeirah Village Circle (JVC), Dubai",https://www.bayut.com/property/details-13074009.html,72000,72000,1.0,2.0,827.0
Spacious 1BR | Move In Ready | All Amenities,"62,000",apartment,yearly,1,2,854 sqft,"The Manhattan, JVC District 10, Jumeirah Village Circle (JVC), Dubai",https://www.bayut.com/property/details-13509457.html,62000,62000,1.0,2.0,854.0
Brand New Apartment | Prime Location | High Floor | Private Pool,"100,000",apartment,yearly,1,2,911 sqft,"Binghatti Phantom, JVC District 17, Jumeirah Village Circle (JVC), Dubai",https://www.bayut.com/property/details-13419887.html,100000,100000,1.0,2.0,911.0
Large 1BR | Luxury tower | Closed Balcony,"75,000",apartment,yearly,1,2,925 sqft,"Reef Residence, JVC District 13, Jumeirah Village Circle (JVC), Dubai",https://www.bayut.com/property/details-13417953.html,75000,75000,1.0,2.0,925.0
Royal Suite | Private Pool | Brand New,"99,900",apartment,yearly,1,2,795 sqft,"Binghatti Phantom, JVC District 17, Jumeirah Village Circle (JVC), Dubai",https://www.bayut.com/property/details-13204738.html,99900,99900,1.0,2.0,795.0
Vacant | Furnished | Premium Quality,"105,000",apartment,yearly,1,1,791 sqft,"Oxford 212, JVC District 10, Jumeirah Village Circle (JVC), Dubai",https://www.bayut.com/property/details-10013694.html,105000,105000,1.0,1.0,791.0
1BR+Store | Prime Location | Community View,"72,990",apartment,yearly,1,2,984 sqft,"Al Naim Residence, JVC District 10, Jumeirah Village Circle (JVC), Dubai",https://www.bayut.com/property/details-13466769.html,72990,72990,1.0,2.0,984.0
Unfurnished 1 Bhk| Marina View| Ready to Move In,"68,999",apartment,yearly,1,2,620 sqft,"Binghatti Heights, JVC District 10, Jumeirah Village Circle (JVC), Dubai",https://www.bayut.com/property/details-12806538.html,68999,68999,1.0,2.0,620.0
Fully Furnished | Community View | Prime Location,"76,999",apartment,yearly,1,2,946 sqft,"Oxford Residence, JVC District 13, Jumeirah Village Circle (JVC), Dubai",https://www.bayut.com/property/details-13091272.html,76999,76999,1.0,2.0,946.0
Large Layout | Bright and Brand New Unit,"90,000",apartment,yearly,1,2,"1,059 sqft","Serenity Lakes 5, JVC District 10, Jumeirah Village Circle (JVC), Dubai",https://www.bayut.com/property/details-13317658.html,90000,90000,1.0,2.0,1059.0
Amazing Pool View | Huge Layout | Bright Unit,"90,000",apartment,yearly,1,2,"1,295 sqft","Serenity Lakes 5, JVC District 10, Jumeirah Village Circle (JVC), Dubai",https://www.bayut.com/property/details-13149536.html,90000,90000,1.0,2.0,1295.0
Best offers | Prime location | Spacious Villa,"200,000",villa,yearly,4,5,"1,733 sqft","Sandoval Lane, JVC District 14, Jumeirah Village Circle (JVC), Dubai",https://www.bayut.com/property/details-13113377.html,200000,200000,4.0,5.0,1733.0
Excellent Building | Best Amenities | Vacant,"75,000",apartment,yearly,1,2,748 sqft,"Bloom Heights 2, Bloom Heights, JVC District 15, Jumeirah Village Circle (JVC), Dubai",https://www.bayut.com/property/details-13416902.html,75000,75000,1.0,2.0,748.0
Desirable Area | Vacant Apt with Balcony,"85,000",apartment,yearly,1,1,950 sqft,"Al Manal Elite, JVC District 13, Jumeirah Village Circle (JVC), Dubai",https://www.bayut.com/property/details-13353979.html,85000,85000,1.0,1.0,950.0
Brand New | Park View | Spacious 1 BR,"85,000",apartment,yearly,1,2,800 sqft,"Binghatti Phoenix, JVC District 13, Jumeirah Village Circle (JVC), Dubai",https://www.bayut.com/property/details-13419764.html,85000,85000,1.0,2.0,800.0
"Binghatti Phantom, Jumeirah Village Circle, Dubai","104,990",apartment,yearly,1,2,795 sqft,"Binghatti Phantom, JVC District 17, Jumeirah Village Circle (JVC), Dubai",https://www.bayut.com/property/details-13718427.html,104990,104990,1.0,2.0,795.0
12 Cheques l Brand new l 2 Bedroom l For Family,"73,000",apartment,yearly,2,2,771 sqft,"S. S. Lootah Residence, JVC District 11, Jumeirah Village Circle (JVC), Dubai",https://www.bayut.com/property/details-13709693.html,73000,73000,2.0,2.0,771.0
Fully Furnished | Ready to move | Brand new,"115,000",apartment,yearly,1,2,849 sqft,"Pearl House 2, JVC District 12, Jumeirah Village Circle (JVC), Dubai",https://www.bayut.com/property/details-13680347.html,115000,115000,1.0,2.0,849.0
12 Cheques | Modern Amenities | Semi Furnished,"100,000",apartment,yearly,2,3,939 sqft,"Binghatti Rose, JVC District 15, Jumeirah Village Circle (JVC), Dubai",https://www.bayut.com/property/details-13712776.html,100000,100000,2.0,3.0,939.0
Spacious 2BHK | Modern Finishes | Prime JVC Location,"125,000",apartment,yearly,2,2,"1,548 sqft","Laya Residences, JVC District 10, Jumeirah Village Circle (JVC), Dubai",https://www.bayut.com/property/details-13706290.html,125000,125000,2.0,2.0,1548.0
Modern Living | 1-Bedroom with Premium Finishes | Vacant,"89,999",apartment,yearly,1,2,674 sqft,"Oakley Square Residence, JVC District 11, Jumeirah Village Circle (JVC), Dubai",https://www.bayut.com/property/details-13684342.html,89999,89999,1.0,2.0,674.0
Elegant Apartment | Pool View | Royal,"99,000",apartment,yearly,1,1,921 sqft,"Binghatti Royale, JVC District 18, Jumeirah Village Circle (JVC), Dubai",https://www.bayut.com/property/details-13710469.html,99000,99000,1.0,1.0,921.0
FINAL UNITS | NO COMMISSION | BRAND NEW,"75,000",apartment,yearly,1,1,701 sqft,"The Vybe, JVC District 16, Jumeirah Village Circle (JVC), Dubai",https://www.bayut.com/property/details-13662286.html,75000,75000,1.0,1.0,701.0
Brand New | Multiple Cheque | High Floor | Fully Furnished,"95,000",apartment,yearly,1,2,640 sqft,"Binghatti Crest, JVC District 13, Jumeirah Village Circle (JVC), Dubai",https://www.bayut.com/property/details-8738447.html,95000,95000,1.0,2.0,640.0
"Pool View 2BR with Storage room Fully Furnished High End Quality,","95,000",apartment,yearly,2,3,"1,280 sqft","Alcove, JVC District 11, Jumeirah Village Circle (JVC), Dubai",https://www.bayut.com/property/details-13672805.html,95000,95000,2.0,3.0,1280.0
FINAL UNITS | NO COMMISSION | BRAND NEW,"145,000",apartment,yearly,2,3,"1,198 sqft","The Vybe, JVC District 16, Jumeirah Village Circle (JVC), Dubai",https://www.bayut.com/property/details-13662923.html,145000,145000,2.0,3.0,1198.0
FINAL UNITS | NO COMMISSION | BRAND NEW,"75,000",apartment,yearly,1,1,736 sqft,"The Vybe, JVC District 16, Jumeirah Village Circle (JVC), Dubai",https://www.bayut.com/property/details-13661914.html,75000,75000,1.0,1.0,736.0
Bright & Spacious 2BR | Balcony | Great Amenities,"125,000",apartment,yearly,2,3,"1,040 sqft","Bluebell  Residence, JVC District 11, Jumeirah Village Circle (JVC), Dubai",https://www.bayut.com/property/details-13666942.html,125000,125000,2.0,3.0,1040.0
Pool View I Vacant I Smart Home,"78,000",apartment,yearly,1,1,640 sqft,"Binghatti Corner, JVC District 10, Jumeirah Village Circle (JVC), Dubai",https://www.bayut.com/property/details-13650980.html,78000,78000,1.0,1.0,640.0
Exclusive | Fully Furnished | Vacant | Maid's Room,"90,000",apartment,yearly,1,2,848 sqft,"Rigel Apartments, JVC District 10, Jumeirah Village Circle (JVC), Dubai",https://www.bayut.com/property/details-13682422.html,90000,90000,1.0,2.0,848.0
FULLY FURNISHED 2BHK / CHILLER FREE /READY TO MOVE,"95,000",apartment,yearly,2,3,"1,280 sqft","Alcove, JVC District 11, Jumeirah Village Circle (JVC), Dubai",https://www.bayut.com/property/details-13645297.html,95000,95000,2.0,3.0,1280.0
Close Kitchen | Spacious Layout | Ready to Move,"95,000",apartment,yearly,2,2,"1,027 sqft","Venus 1, JVC District 12, Jumeirah Village Circle (JVC), Dubai",https://www.bayut.com/property/details-13680576.html,95000,95000,2.0,2.0,1027.0
Pool View and chiller free | Kept Well Maintained,"70,000",apartment,yearly,1,2,829 sqft,"Oxford Building, JVC District 14, Jumeirah Village Circle (JVC), Dubai",https://www.bayut.com/property/details-10293367.html,70000,70000,1.0,2.0,829.0
Brand New 1BR | Fully Furnished | High ROI,"105,000",apartment,yearly,1,2,802 sqft,"Pearl House by Imtiaz, JVC District 13, Jumeirah Village Circle (JVC), Dubai",https://www.bayut.com/property/details-13669911.html,105000,105000,1.0,2.0,802.0
Spacious 2BHK Fully Closed Kitchen Next to JSS School,"105,000",apartment,yearly,2,3,"1,352 sqft","Le Grand Chateau C, Le Grand Chateau, JVC District 10, Jumeirah Village Circle (JVC), Dubai",https://www.bayut.com/property/details-13660251.html,105000,105000,2.0,3.0,1352.0
|| Prime Location || Spacious 1-BHK For Rent In JVC ||,"68,000",apartment,yearly,1,2,709 sqft,"Burj Residence 2, JVC District 10, Jumeirah Village Circle (JVC), Dubai",https://www.bayut.com/property/details-13635734.html,68000,68000,1.0,2.0,709.0
Fitted Kitchen | Fully Furnished | Ready to Move,"74,000",apartment,yearly,1,2,872 sqft,"Laya Residences, JVC District 10, Jumeirah Village Circle (JVC), Dubai",https://www.bayut.com/property/details-13581785.html,74000,74000,1.0,2.0,872.0
Premium 3 BHK | Alexa Smart Homes | Maid Room |,"175,000",apartment,yearly,3,4,"2,100 sqft","La Rose, JVC District 12, Jumeirah Village Circle (JVC), Dubai",https://www.bayut.com/property/details-11765919.html,175000,175000,3.0,4.0,2100.0
"Move In Ready | Brand New Premium 2BR in Binghatti Crest, JVC","110,000",apartment,yearly,2,2,960 sqft,"Binghatti Crest, JVC District 13, Jumeirah Village Circle (JVC), Dubai",https://www.bayut.com/property/details-13582968.html,110000,110000,2.0,2.0,960.0
2BR with Balcony | Spacious Layout | Vibrant Community Living,"110,000",apartment,yearly,2,2,"1,185 sqft","Binghatti Crest, JVC District 13, Jumeirah Village Circle (JVC), Dubai",https://www.bayut.com/property/details-13585567.html,110000,110000,2.0,2.0,1185.0
Grab the opportunity! | 1 BHK for family | with class amenities,"58,000",apartment,yearly,1,2,721 sqft,"Al Yousuf Tower 2, Al Yousuf Towers, JVC District 12, Jumeirah Village Circle (JVC), Dubai",https://www.bayut.com/property/details-11623343.html,58000,58000,1.0,2.0,721.0
High ROI | Private Pool | Prime Location,"110,000",apartment,yearly,1,2,795 sqft,"Binghatti Phantom, JVC District 17, Jumeirah Village Circle (JVC), Dubai",https://www.bayut.com/property/details-13600561.html,110000,110000,1.0,2.0,795.0
"Modern 2BR Home in Maison VI, JVC","125,000",apartment,yearly,2,2,"1,238 sqft","Maison VI, JVC District 11, Jumeirah Village Circle (JVC), Dubai",https://www.bayut.com/property/details-13600765.html,125000,125000,2.0,2.0,1238.0
Ready to move in | Fully furnished | 1 Bedroom,"80,000",apartment,yearly,1,1,"1,088 sqft","Diamond Views II, JVC District 11, Jumeirah Village Circle (JVC), Dubai",https://www.bayut.com/property/details-13591901.html,80000,80000,1.0,1.0,1088.0
Private Pool | 1BR + Study | High Floor,"114,999",apartment,yearly,1,2,920 sqft,"Binghatti Royale, JVC District 18, Jumeirah Village Circle (JVC), Dubai",https://www.bayut.com/property/details-13591584.html,114999,114999,1.0,2.0,920.0
Ready to Move | Brand New Unit | Unfurnished,"85,000",apartment,yearly,1,2,785 sqft,"Binghatti Aurora, JVC District 12, Jumeirah Village Circle (JVC), Dubai",https://www.bayut.com/property/details-13579123.html,85000,85000,1.0,2.0,785.0
Unfurnished | Private Pool | Prime Unit,"105,000",apartment,yearly,1,2,794 sqft,"Binghatti Phantom, JVC District 17, Jumeirah Village Circle (JVC), Dubai",https://www.bayut.com/property/details-13458983.html,105000,105000,1.0,2.0,794.0
Spacious 2 BHK | Family | Al Barsha South,"115,000",apartment,yearly,2,3,"1,463 sqft","Golden Homes Building, JVC District 15, Jumeirah Village Circle (JVC), Dubai",https://www.bayut.com/property/details-13542699.html,115000,115000,2.0,3.0,1463.0
1 BHK | Family Friendly | Al Barsha South,"80,000",apartment,yearly,1,2,"1,050 sqft","Golden Homes Building, JVC District 15, Jumeirah Village Circle (JVC), Dubai",https://www.bayut.com/property/details-13542256.html,80000,80000,1.0,2.0,1050.0
ALL BILLS INCLUDED | FULLY FURNISHED | READY TO MOVE,"70,000",apartment,yearly,1,2,644 sqft,"Burj Sabah, JVC District 12, Jumeirah Village Circle (JVC), Dubai",https://www.bayut.com/property/details-13488520.html,70000,70000,1.0,2.0,644.0
PRIME JVC LOCATION | MOVE IN READY | ELEGANT 2BR,"95,000",apartment,yearly,2,3,888 sqft,"Fortunato, JVC District 11, Jumeirah Village Circle (JVC), Dubai",https://www.bayut.com/property/details-13469977.html,95000,95000,2.0,3.0,888.0
Exclusive | Unfurnished | Spacious,"110,000",apartment,yearly,2,3,983 sqft,"Bluebell  Residence, JVC District 11, Jumeirah Village Circle (JVC), Dubai",https://www.bayut.com/property/details-13465641.html,110000,110000,2.0,3.0,983.0
Modern & Spacious 1BR | Private Pool | JVC Community,"110,000",apartment,yearly,1,2,806 sqft,"Binghatti Royale, JVC District 18, Jumeirah Village Circle (JVC), Dubai",https://www.bayut.com/property/details-13463263.html,110000,110000,1.0,2.0,806.0
"Binghatti Phoenix, Jumeirah Village Circle,Dubai","84,999",apartment,yearly,1,2,798 sqft,"Binghatti Phoenix, JVC District 13, Jumeirah Village Circle (JVC), Dubai",https://www.bayut.com/property/details-13462900.html,84999,84999,1.0,2.0,798.0
2 BHK+ Maids | Fully Furnished | Book Now,"120,000",apartment,yearly,2,4,"1,257 sqft","Summer 2 Block A, Summer, Seasons Community, JVC District 15, Jumeirah Village Circle (JVC), Dubai",https://www.bayut.com/property/details-13434707.html,120000,120000,2.0,4.0,1257.0
Vacant | Smart Home | Fully Furnished | Community View,"110,000",apartment,yearly,1,2,789 sqft,"Pearl House 2, JVC District 12, Jumeirah Village Circle (JVC), Dubai",https://www.bayut.com/property/details-13424174.html,110000,110000,1.0,2.0,789.0
Best Layout | Pool + Park View | Ready to Move,"85,000",apartment,yearly,1,2,798 sqft,"Binghatti Phoenix, JVC District 13, Jumeirah Village Circle (JVC), Dubai",https://www.bayut.com/property/details-13505297.html,85000,85000,1.0,2.0,798.0
Massive 1BR Semi Close Kitchen with Built in Appliances pool view,"78,000",apartment,yearly,1,2,770 sqft,"Golden Dream Tower 1, JVC District 18, Jumeirah Village Circle (JVC), Dubai",https://www.bayut.com/property/details-13437186.html,78000,78000,1.0,2.0,770.0
Lowest in Market I 1-Bedroom Duplex I Rare Layout | Exclusive,"90,000",apartment,yearly,1,2,"1,118 sqft","Villa Myra, JVC District 15, Jumeirah Village Circle (JVC), Dubai",https://www.bayut.com/property/details-13397098.html,90000,90000,1.0,2.0,1118.0
Premium Quality | Brand New and Vacant Unit,"120,000",apartment,yearly,1,2,923 sqft,"Binghatti Royale, JVC District 18, Jumeirah Village Circle (JVC), Dubai",https://www.bayut.com/property/details-13343137.html,120000,120000,1.0,2.0,923.0
Easy Access to Hessa Street | Furnished | Close to Circle Mall,"68,000",apartment,yearly,1,2,675 sqft,"Tower 108, JVC District 18, Jumeirah Village Circle (JVC), Dubai",https://www.bayut.com/property/details-13273615.html,68000,68000,1.0,2.0,675.0
Community View | Prime Location | Spacious Unit,"99,990",apartment,yearly,2,3,"1,190 sqft","Dune Residency, JVC District 17, Jumeirah Village Circle (JVC), Dubai",https://www.bayut.com/property/details-13314405.html,99990,99990,2.0,3.0,1190.0
12 Cheques | Brand New | Unobstructed View,"109,995",apartment,yearly,1,2,796 sqft,"Binghatti Phantom, JVC District 17, Jumeirah Village Circle (JVC), Dubai",https://www.bayut.com/property/details-13279946.html,109995,109995,1.0,2.0,796.0
Spacious and Brand New Apt with Private Jaccuzzi,"130,000",apartment,yearly,1,2,808 sqft,"Binghatti Royale, JVC District 18, Jumeirah Village Circle (JVC), Dubai",https://www.bayut.com/property/details-13343136.html,130000,130000,1.0,2.0,808.0
Unfurnished 1BR | Balcony | Vacant Soon,"89,000",apartment,yearly,1,2,867 sqft,"Oxford Residence 2, JVC District 10, Jumeirah Village Circle (JVC), Dubai",https://www.bayut.com/property/details-13314361.html,89000,89000,1.0,2.0,867.0
Vacant in December | Fully Furnished | Low floor,"90,000",apartment,yearly,1,2,800 sqft,"Rokane G25, JVC District 10, Jumeirah Village Circle (JVC), Dubai",https://www.bayut.com/property/details-13240683.html,90000,90000,1.0,2.0,800.0
Fully Furnished | Great Location | Call Now,"89,999",apartment,yearly,1,2,688 sqft,"Binghatti Onyx, JVC District 15, Jumeirah Village Circle (JVC), Dubai",https://www.bayut.com/property/details-13119987.html,89999,89999,1.0,2.0,688.0
1 Bedroom Apartment | Unfurnished | Available,"85,000",apartment,yearly,1,2,692 sqft,"Binghatti Onyx, JVC District 15, Jumeirah Village Circle (JVC), Dubai",https://www.bayut.com/property/details-13020323.html,85000,85000,1.0,2.0,692.0
Upgraded 4-Bedroom + Maid Townhouse,"175,000",townhouse,yearly,4,5,"2,172 sqft","The Ghaf Tree, JVC District 13, Jumeirah Village Circle (JVC), Dubai",https://www.bayut.com/property/details-13016321.html,175000,175000,4.0,5.0,2172.0
Excellent Community | Superb Finishing | Vacant,"70,000",apartment,yearly,1,1,672 sqft,"Bloom Tower B, Bloom Towers, JVC District 10, Jumeirah Village Circle (JVC), Dubai",https://www.bayut.com/property/details-12924336.html,70000,70000,1.0,1.0,672.0
Marina View| Unfurnished | Premium Quality,"75,000",apartment,yearly,1,2,688 sqft,"Binghatti Corner, JVC District 10, Jumeirah Village Circle (JVC), Dubai",https://www.bayut.com/property/details-12836779.html,75000,75000,1.0,2.0,688.0
Fully Furnished | Ready to move in | 4 Cheques,"80,000",apartment,yearly,1,1,679 sqft,"Bluebell  Residence, JVC District 11, Jumeirah Village Circle (JVC), Dubai",https://www.bayut.com/property/details-12788914.html,80000,80000,1.0,1.0,679.0
Brand New | Spacious Layout | Mall Entrance,"80,000",apartment,yearly,1,2,854 sqft,"Mass Residence, JVC District 11, Jumeirah Village Circle (JVC), Dubai",https://www.bayut.com/property/details-12796705.html,80000,80000,1.0,2.0,854.0
No Security Deposit | All Bills Included,"115,000",apartment,yearly,1,1,758 sqft,"Belgravia Heights 1, JVC District 12, Jumeirah Village Circle (JVC), Dubai",https://www.bayut.com/property/details-12747688.html,115000,115000,1.0,1.0,758.0
Pool View | 3 Baths | Ready to Move,"84,999",apartment,yearly,2,3,965 sqft,"Binghatti Mirage, JVC District 10, Jumeirah Village Circle (JVC), Dubai",https://www.bayut.com/property/details-12746114.html,84999,84999,2.0,3.0,965.0
Ready To Move | Fully Furnished | Exclusive,"79,999",apartment,yearly,1,2,701 sqft,"Empire Residence, JVC District 17, Jumeirah Village Circle (JVC), Dubai",https://www.bayut.com/property/details-12672278.html,79999,79999,1.0,2.0,701.0
Brand New 1 B/R with Balcony,"71,000",apartment,yearly,1,2,912 sqft,"Imperial Tower, JVC District 17, Jumeirah Village Circle (JVC), Dubai",https://www.bayut.com/property/details-9308340.html,71000,71000,1.0,2.0,912.0
Higher Floor | Fitted Kitchen | Prime Location,"87,999",apartment,yearly,1,2,786 sqft,"Binghatti Orchid, JVC District 10, Jumeirah Village Circle (JVC), Dubai",https://www.bayut.com/property/details-12647426.html,87999,87999,1.0,2.0,786.0
Excellent Building | Superb finishing | Tenanted,"68,000",apartment,yearly,1,2,763 sqft,"La Riviera Apartments, JVC District 10, Jumeirah Village Circle (JVC), Dubai",https://www.bayut.com/property/details-12635461.html,68000,68000,1.0,2.0,763.0
Hassle Free Living | Barbecue Lovers | Spacious Terrace,"78,000",apartment,yearly,1,1,900 sqft,"LOCI Residences, JVC District 14, Jumeirah Village Circle (JVC), Dubai",https://www.bayut.com/property/details-9179476.html,78000,78000,1.0,1.0,900.0
Community View | Prime Location | Spacious Unit,"74,999",apartment,yearly,1,2,745 sqft,"Binghatti Azure, JVC District 16, Jumeirah Village Circle (JVC), Dubai",https://www.bayut.com/property/details-12331673.html,74999,74999,1.0,2.0,745.0
Brand New | Opposite Circle Mall | Premium,"84,999",apartment,yearly,1,2,855 sqft,"Mass Residence, JVC District 11, Jumeirah Village Circle (JVC), Dubai",https://www.bayut.com/property/details-12387124.html,84999,84999,1.0,2.0,855.0
Spacious | Open View | 1BR | For Rent,"70,000",apartment,yearly,1,2,494 sqft,"Binghatti Tulip, JVC District 11, Jumeirah Village Circle (JVC), Dubai",https://www.bayut.com/property/details-12346070.html,70000,70000,1.0,2.0,494.0
FULLY FURNISHED 1BHK || BRAND NEW BUILDING || BE THE FIRST TENANT,"89,999",apartment,yearly,1,2,729 sqft,"Binghatti Amber, JVC District 11, Jumeirah Village Circle (JVC), Dubai",https://www.bayut.com/property/details-11962676.html,89999,89999,1.0,2.0,729.0
Elegantly Furnished One Bedroom for Immediate rent in Bloom Tower B in JVC,"78,000",apartment,yearly,1,2,687 sqft,"Bloom Tower B, Bloom Towers, JVC District 10, Jumeirah Village Circle (JVC), Dubai",https://www.bayut.com/property/details-12548830.html,78000,78000,1.0,2.0,687.0
BEAUTIFUL SEMI FURNISHED 1BHK I THE HEART OF JVC,"65,000",apartment,yearly,1,2,577 sqft,"The Square Tower, JVC District 13, Jumeirah Village Circle (JVC), Dubai",https://www.bayut.com/property/details-12190012.html,65000,65000,1.0,2.0,577.0
Unfurnished | On Low Floor | Spacious and Ready to Move In,"70,000",apartment,yearly,1,2,777 sqft,"Binghatti Mirage, JVC District 10, Jumeirah Village Circle (JVC), Dubai",https://www.bayut.com/property/details-13726470.html,70000,70000,1.0,2.0,777.0
Brand New | Pool View | Multiple options,"90,000",apartment,yearly,1,2,766 sqft,"Binghatti Phoenix, JVC District 13, Jumeirah Village Circle (JVC), Dubai",https://www.bayut.com/property/details-13639145.html,90000,90000,1.0,2.0,766.0
Ready to move-in | Fully Equipped Kitchen,"90,000",apartment,yearly,1,2,"1,009 sqft","Luma 22, JVC District 10, Jumeirah Village Circle (JVC), Dubai",https://www.bayut.com/property/details-13294421.html,90000,90000,1.0,2.0,1009.0
Urban Living 1 Bed I Luxurious Interiors I Ready To Move In,"73,000",apartment,yearly,1,2,885 sqft,"Golden Dream Tower 1, JVC District 18, Jumeirah Village Circle (JVC), Dubai",https://www.bayut.com/property/details-12989460.html,73000,73000,1.0,2.0,885.0
Brand New | 02 Bed Room Hall | No Commission | One Month Grace Period,"73,000",apartment,yearly,2,2,800 sqft,"JVC District 11, Jumeirah Village Circle (JVC), Dubai",https://www.bayut.com/property/details-12103842.html,73000,73000,2.0,2.0,800.0
FURNISHED / MAID ROOM / SPACIOUS UNIT,"220,000",apartment,yearly,2,3,"2,512 sqft","Hyati Residence, JVC District 14, Jumeirah Village Circle (JVC), Dubai",https://www.bayut.com/property/details-13709098.html,220000,220000,2.0,3.0,2512.0
Designed By Professionals | New | Upgraded to 2BHK,"100,000",apartment,yearly,1,1,"1,256 sqft","LOCI Residences, JVC District 14, Jumeirah Village Circle (JVC), Dubai",https://www.bayut.com/property/details-13713474.html,100000,100000,1.0,1.0,1256.0
Spacious Lay out and Balcony | Community View,"80,000",apartment,yearly,1,2,677 sqft,"Binghatti Azure, JVC District 16, Jumeirah Village Circle (JVC), Dubai",https://www.bayut.com/property/details-13729018.html,80000,80000,1.0,2.0,677.0
Brand New | 1Br+Private Pool | Fitted Kitchen,"120,000",apartment,yearly,1,2,919 sqft,"Binghatti Royale, JVC District 18, Jumeirah Village Circle (JVC), Dubai",https://www.bayut.com/property/details-13705430.html,120000,120000,1.0,2.0,919.0
Sky View | Prime location | Private pool,"110,000",apartment,yearly,1,2,795 sqft,"Binghatti Phantom, JVC District 17, Jumeirah Village Circle (JVC), Dubai",https://www.bayut.com/property/details-13727667.html,110000,110000,1.0,2.0,795.0
Premium Quality | Spacious 1BR | Fully Furnished,"69,999",apartment,yearly,1,2,744 sqft,"DAMAC Ghalia, JVC District 18, Jumeirah Village Circle (JVC), Dubai",https://www.bayut.com/property/details-11887472.html,69999,69999,1.0,2.0,744.0
Comfort & Space | 2 Bedroom Apartment | Semi Furnished,"150,000",apartment,yearly,2,3,"1,269 sqft","Luma 22, JVC District 10, Jumeirah Village Circle (JVC), Dubai",https://www.bayut.com/property/details-13698346.html,150000,150000,2.0,3.0,1269.0
Spacious | Unfurnished | In prime location,"95,000",apartment,yearly,2,3,"1,027 sqft","Jumeirah Village Circle (JVC), Dubai",https://www.bayut.com/property/details-13710440.html,95000,95000,2.0,3.0,1027.0
Smart Home 1BR | Invited Balcony Relaxing Views | Kitchen Appliances,"85,000",apartment,yearly,1,2,765 sqft,"Binghatti Phoenix, JVC District 13, Jumeirah Village Circle (JVC), Dubai",https://www.bayut.com/property/details-13703970.html,85000,85000,1.0,2.0,765.0
3BHK+Maid | Spacious Layout | Vacant,"150,000",apartment,yearly,3,4,"1,991 sqft","Roxana Residence C, Roxana Residences, JVC District 12, Jumeirah Village Circle (JVC), Dubai",https://www.bayut.com/property/details-13719300.html,150000,150000,3.0,4.0,1991.0
Brand New | 2 Bedroom plus Maid | Full Park View,"180,000",apartment,yearly,2,3,"1,425 sqft","Hadley Heights, JVC District 11, Jumeirah Village Circle (JVC), Dubai",https://www.bayut.com/property/details-13703268.html,180000,180000,2.0,3.0,1425.0
Large 1 Bed | 2 Bathrooms| with Parking,"60,000",apartment,yearly,1,2,"1,010 sqft","Maple 2, Emirates Gardens 2, JVC District 14, Jumeirah Village Circle (JVC), Dubai",https://www.bayut.com/property/details-13703265.html,60000,60000,1.0,2.0,1010.0
Vacant Soon l Unfurnished l Pool View,"85,000",apartment,yearly,1,2,735 sqft,"Chaimaa Avenue Residences, JVC District 13, Jumeirah Village Circle (JVC), Dubai",https://www.bayut.com/property/details-13701711.html,85000,85000,1.0,2.0,735.0
2BR apartment located in the modern design building in JVC,"85,000",apartment,yearly,2,2,965 sqft,"Binghatti Mirage, JVC District 10, Jumeirah Village Circle (JVC), Dubai",https://www.bayut.com/property/details-13678401.html,85000,85000,2.0,2.0,965.0
Brand New | Low Floor | Close to Amenities,"108,000",apartment,yearly,1,2,910 sqft,"Binghatti Phantom, JVC District 17, Jumeirah Village Circle (JVC), Dubai",https://www.bayut.com/property/details-13712666.html,108000,108000,1.0,2.0,910.0
Modern 1-Bedroom | Spacious | Brand-New Apartment,"99,000",apartment,yearly,1,2,841 sqft,"Hadley Heights, JVC District 11, Jumeirah Village Circle (JVC), Dubai",https://www.bayut.com/property/details-13672222.html,99000,99000,1.0,2.0,841.0
"4-Bed Villa, Iris Park – Unfurnished","235,000",villa,yearly,4,5,"4,160 sqft","Iris Park, JVC District 15, Jumeirah Village Circle (JVC), Dubai",https://www.bayut.com/property/details-13686221.html,235000,235000,4.0,5.0,4160.0
Spacious 1 Bedroom | Well Maintained | Vacant Soon,"95,000",apartment,yearly,1,1,841 sqft,"Belgravia 3B, Belgravia 3, JVC District 15, Jumeirah Village Circle (JVC), Dubai",https://www.bayut.com/property/details-13670870.html,95000,95000,1.0,1.0,841.0
Brand New | Ready To Move | Bright and Spacious,"85,000",apartment,yearly,1,2,785 sqft,"Binghatti Aurora, JVC District 12, Jumeirah Village Circle (JVC), Dubai",https://www.bayut.com/property/details-13668152.html,85000,85000,1.0,2.0,785.0
Unfurnished| Ready to move in | No commission,"76,000",apartment,yearly,1,2,759 sqft,"Oxford Residence, JVC District 13, Jumeirah Village Circle (JVC), Dubai",https://www.bayut.com/property/details-13638930.html,76000,76000,1.0,2.0,759.0
High Floor | Spacious Layout | Park View,"75,000",apartment,yearly,1,2,750 sqft,"Bloom Heights 1, Bloom Heights, JVC District 15, Jumeirah Village Circle (JVC), Dubai",https://www.bayut.com/property/details-13645759.html,75000,75000,1.0,2.0,750.0
2 bhk Apartment | with best ammenities | Road view,"90,000",apartment,yearly,2,3,"1,417 sqft","Lolena Residence, JVC District 12, Jumeirah Village Circle (JVC), Dubai",https://www.bayut.com/property/details-13649120.html,90000,90000,2.0,3.0,1417.0
PRIVATE POOL | SEMI FURNISHED | MID-FLOOR,"89,000",apartment,yearly,1,2,796 sqft,"Binghatti Phantom, JVC District 17, Jumeirah Village Circle (JVC), Dubai",https://www.bayut.com/property/details-13647209.html,89000,89000,1.0,2.0,796.0
Huge Balcony | Ready To Move In I Luxurious 1-Bed,"90,000",apartment,yearly,1,2,"2,025 sqft","Eaton Place, JVC District 15, Jumeirah Village Circle (JVC), Dubai",https://www.bayut.com/property/details-13648155.html,90000,90000,1.0,2.0,2025.0
Ready to Move-In | Great Community View | Excellent Location,"85,000",apartment,yearly,1,2,797 sqft,"Binghatti Phoenix, JVC District 13, Jumeirah Village Circle (JVC), Dubai",https://www.bayut.com/property/details-13655037.html,85000,85000,1.0,2.0,797.0
Spacious One-Bedroom I Prime Location I Vacant,"75,000",apartment,yearly,1,2,925 sqft,"Reef Residence, JVC District 13, Jumeirah Village Circle (JVC), Dubai",https://www.bayut.com/property/details-13678284.html,75000,75000,1.0,2.0,925.0
1-Bedroom + Storage | 928 sq. ft | Open View to JVC Central Park | Binghatti Phantom,"110,000",apartment,yearly,1,2,795 sqft,"Binghatti Phantom, JVC District 17, Jumeirah Village Circle (JVC), Dubai",https://www.bayut.com/property/details-13653007.html,110000,110000,1.0,2.0,795.0
Brand New | Spacious | Vacant,"85,000",apartment,yearly,1,2,800 sqft,"Binghatti Phoenix, JVC District 13, Jumeirah Village Circle (JVC), Dubai",https://www.bayut.com/property/details-13650808.html,85000,85000,1.0,2.0,800.0
Furnished | Chiller Free | open view,"85,000",apartment,yearly,2,2,"1,066 sqft","Knightsbridge Court, JVC District 13, Jumeirah Village Circle (JVC), Dubai",https://www.bayut.com/property/details-13658040.html,85000,85000,2.0,2.0,1066.0
FULLY UPGRADE | POOL VIEW | MULTI CHQS,"68,000",apartment,yearly,1,1,726 sqft,"Diamond Views III, JVC District 11, Jumeirah Village Circle (JVC), Dubai",https://www.bayut.com/property/details-13671352.html,68000,68000,1.0,1.0,726.0
G+2 | Near Park | Premium Finishing | Call Now,"239,999",villa,yearly,4,6,"2,558 sqft","Solitaire Casa, JVC District 10, Jumeirah Village Circle (JVC), Dubai",https://www.bayut.com/property/details-13651869.html,239999,239999,4.0,6.0,2558.0
FULLY FURNISHED | PARK VIEW | BIGGEST LAYOUT,"80,000",apartment,yearly,1,1,"1,088 sqft","Diamond Views II, JVC District 11, Jumeirah Village Circle (JVC), Dubai",https://www.bayut.com/property/details-13626351.html,80000,80000,1.0,1.0,1088.0
2 bhk Apartment | with best ammenities | Road view,"110,000",apartment,yearly,2,3,"1,463 sqft","La Residenza, JVC District 10, Jumeirah Village Circle (JVC), Dubai",https://www.bayut.com/property/details-13657028.html,110000,110000,2.0,3.0,1463.0
Luxurious 2BR | Huge Layout | Call Now,"109,950",apartment,yearly,2,3,"1,113 sqft","La Residenza, JVC District 10, Jumeirah Village Circle (JVC), Dubai",https://www.bayut.com/property/details-11879427.html,109950,109950,2.0,3.0,1113.0
Fully Furnished ready to move | Premium Quality |,"89,999",apartment,yearly,1,2,815 sqft,"Belgravia 2, JVC District 14, Jumeirah Village Circle (JVC), Dubai",https://www.bayut.com/property/details-13617148.html,89999,89999,1.0,2.0,815.0
Brand New | Large Layout | Park View | Vacant Now,"320,000",villa,yearly,5,7,"5,535 sqft","Jumeirah Village Circle (JVC), Dubai",https://www.bayut.com/property/details-13655205.html,320000,320000,5.0,7.0,5535.0
Pool View | Prime JVC Location | Diamond Views 4,"65,000",apartment,yearly,1,2,682 sqft,"Diamond Views 4, JVC District 11, Jumeirah Village Circle (JVC), Dubai",https://www.bayut.com/property/details-13666646.html,65000,65000,1.0,2.0,682.0
Urgently Rent | 2 BHK with Close Kitchen | Best Price,"120,000",apartment,yearly,2,2,"1,300 sqft","SH Living 1, JVC District 14, Jumeirah Village Circle (JVC), Dubai",https://www.bayut.com/property/details-13659357.html,120000,120000,2.0,2.0,1300.0
LUXURY FINISHING | BRAND NEW | PRIME LOCATION,"125,000",apartment,yearly,2,2,"1,171 sqft","Binghatti Heights, JVC District 10, Jumeirah Village Circle (JVC), Dubai",https://www.bayut.com/property/details-13647635.html,125000,125000,2.0,2.0,1171.0
Private Pool | Pool and Park View| Ready To Move,"107,999",apartment,yearly,1,2,922 sqft,"Binghatti Royale, JVC District 18, Jumeirah Village Circle (JVC), Dubai",https://www.bayut.com/property/details-13626465.html,107999,107999,1.0,2.0,922.0
4BR + Maids | Vacant Soon | Good Location,"220,000",townhouse,yearly,4,6,"3,600 sqft","Heilbronn Villas, JVC District 14, Jumeirah Village Circle (JVC), Dubai",https://www.bayut.com/property/details-13645451.html,220000,220000,4.0,6.0,3600.0
Spacious 1BHK with Jacuzzi | Prime Location | Urgently Available for Rent,"100,000",apartment,yearly,1,1,"1,206 sqft","SH Living 1, JVC District 14, Jumeirah Village Circle (JVC), Dubai",https://www.bayut.com/property/details-13660789.html,100000,100000,1.0,1.0,1206.0
Grt Location | Near To Mall | Specious,"99,950",apartment,yearly,2,3,"1,327 sqft","Fortunato, JVC District 11, Jumeirah Village Circle (JVC), Dubai",https://www.bayut.com/property/details-13607544.html,99950,99950,2.0,3.0,1327.0
High-Demand Location | Furnished 1BR | Skyline View,"69,000",apartment,yearly,1,2,605 sqft,"Summer 2 Block A, Summer, Seasons Community, JVC District 15, Jumeirah Village Circle (JVC), Dubai",https://www.bayut.com/property/details-13620200.html,69000,69000,1.0,2.0,605.0
Ready now -Unfurnished -1bedr -New- Park View,"80,000",apartment,yearly,1,2,793 sqft,"Binghatti Phoenix, JVC District 13, Jumeirah Village Circle (JVC), Dubai",https://www.bayut.com/property/details-13611756.html,80000,80000,1.0,2.0,793.0
High-Demand Location | Furnished 1BR | Skyline View,"69,000",apartment,yearly,1,2,605 sqft,"Summer 2 Block A, Summer, Seasons Community, JVC District 15, Jumeirah Village Circle (JVC), Dubai",https://www.bayut.com/property/details-13617796.html,69000,69000,1.0,2.0,605.0
Private Pool | High Floor | Brand New | Marina View,"130,000",apartment,yearly,2,2,"1,111 sqft","Binghatti House, JVC District 10, Jumeirah Village Circle (JVC), Dubai",https://www.bayut.com/property/details-13634342.html,130000,130000,2.0,2.0,1111.0
Fully Furnished | Spacious Layout | Prime Location,"100,000",apartment,yearly,1,2,853 sqft,"AG Residence, JVC District 11, Jumeirah Village Circle (JVC), Dubai",https://www.bayut.com/property/details-13592239.html,100000,100000,1.0,2.0,853.0
| Prime Location | Well Maintained | Huge Size with study,"72,999",apartment,yearly,1,2,847 sqft,"Rigel Apartments, JVC District 10, Jumeirah Village Circle (JVC), Dubai",https://www.bayut.com/property/details-13617285.html,72999,72999,1.0,2.0,847.0
Furnished | Huge Balcony | High Floor,"75,000",apartment,yearly,1,2,867 sqft,"Tower 108, JVC District 18, Jumeirah Village Circle (JVC), Dubai",https://www.bayut.com/property/details-13637871.html,75000,75000,1.0,2.0,867.0
Fully Furnished | Premium Quality | Prime Location,"80,000",apartment,yearly,1,2,835 sqft,"DAMAC Ghalia, JVC District 18, Jumeirah Village Circle (JVC), Dubai",https://www.bayut.com/property/details-13593669.html,80000,80000,1.0,2.0,835.0
URGENTLY RENT | PRIME 1BHK | BEST PRICE,"75,000",apartment,yearly,1,1,751 sqft,"SH Living 1, JVC District 14, Jumeirah Village Circle (JVC), Dubai",https://www.bayut.com/property/details-13647585.html,75000,75000,1.0,1.0,751.0
Vaastu | Kitchen Appliances | High Floor | Pool View,"82,000",apartment,yearly,1,1,657 sqft,"Binghatti Emerald, JVC District 15, Jumeirah Village Circle (JVC), Dubai",https://www.bayut.com/property/details-13636603.html,82000,82000,1.0,1.0,657.0
Ready To Move in Spacious layout Fully Furnished,"118,000",apartment,yearly,2,2,"1,143 sqft","Bloom Tower A, Bloom Towers, JVC District 10, Jumeirah Village Circle (JVC), Dubai",https://www.bayut.com/property/details-13602157.html,118000,118000,2.0,2.0,1143.0
Spacious 1BR / Well Maintained / Move In Ready Now,"68,000",apartment,yearly,1,2,799 sqft,"Regina Tower, JVC District 12, Jumeirah Village Circle (JVC), Dubai",https://www.bayut.com/property/details-13592310.html,68000,68000,1.0,2.0,799.0
"Live Royal, Live Elegant | Brand New | Private Jacuzzi","119,999",apartment,yearly,1,2,922 sqft,"Binghatti Royale, JVC District 18, Jumeirah Village Circle (JVC), Dubai",https://www.bayut.com/property/details-13592634.html,119999,119999,1.0,2.0,922.0
"Binghatti Royale, JVC District 18, Jumeirah Village Circle (JVC), Dubai","100,000",apartment,yearly,1,2,807 sqft,"Binghatti Royale, JVC District 18, Jumeirah Village Circle (JVC), Dubai",https://www.bayut.com/property/details-13600008.html,100000,100000,1.0,2.0,807.0
Brand-New 1BR | Private Pool | Smart Home | Upto 4 payments | Exclusive,"95,000",apartment,yearly,1,2,808 sqft,"Binghatti Royale, JVC District 18, Jumeirah Village Circle (JVC), Dubai",https://www.bayut.com/property/details-13590539.html,95000,95000,1.0,2.0,808.0
Ready to Move-In | Huge Layout | Fully Furnished,"81,000",apartment,yearly,1,2,"1,012 sqft","Tower 108, JVC District 18, Jumeirah Village Circle (JVC), Dubai",https://www.bayut.com/property/details-13581667.html,81000,81000,1.0,2.0,1012.0
Massive|Garden View|Near Jss|Available 15 Jan 2026,"115,000",apartment,yearly,2,3,"1,518 sqft","Le Grand Chateau C, Le Grand Chateau, JVC District 10, Jumeirah Village Circle (JVC), Dubai",https://www.bayut.com/property/details-13579047.html,115000,115000,2.0,3.0,1518.0
Private Pool | 1 Bedroom | Spacious Layout | Premium Quality,"120,000",apartment,yearly,1,2,922 sqft,"Binghatti Royale, JVC District 18, Jumeirah Village Circle (JVC), Dubai",https://www.bayut.com/property/details-13622390.html,120000,120000,1.0,2.0,922.0
BEST RENT 1 BEDROOM MASAAR RESDINCES JVC,"62,000",apartment,yearly,1,2,602 sqft,"Masaar Residence, JVC District 15, Jumeirah Village Circle (JVC), Dubai",https://www.bayut.com/property/details-13612409.html,62000,62000,1.0,2.0,602.0
Modern 1-Bedroom with Pool Overlooking Parks and Skyline,"120,000",apartment,yearly,1,2,922 sqft,"Binghatti Royale, JVC District 18, Jumeirah Village Circle (JVC), Dubai",https://www.bayut.com/property/details-13622388.html,120000,120000,1.0,2.0,922.0
Prime Location | Open View | JVC,"80,000",apartment,yearly,1,2,"1,010 sqft","Gardenia 2, Emirates Gardens, JVC District 12, Jumeirah Village Circle (JVC), Dubai",https://www.bayut.com/property/details-13586515.html,80000,80000,1.0,2.0,1010.0
READY TO MOVE IN FOR 65K 1BR W/ 2 BALCONIES FAMILY BLDG,"65,000",apartment,yearly,1,2,787 sqft,"Continents Tower, JVC District 13, Jumeirah Village Circle (JVC), Dubai",https://www.bayut.com/property/details-10164258.html,65000,65000,1.0,2.0,787.0
Prime Location I Spacious Layout I Close to Amenities,"68,000",apartment,yearly,1,2,677 sqft,"La Perla Blanca, JVC District 15, Jumeirah Village Circle (JVC), Dubai",https://www.bayut.com/property/details-13593103.html,68000,68000,1.0,2.0,677.0
Fully Furnished | Private Pool | Marina View,"149,900",apartment,yearly,2,3,"1,111 sqft","Binghatti House, JVC District 10, Jumeirah Village Circle (JVC), Dubai",https://www.bayut.com/property/details-13588253.html,149900,149900,2.0,3.0,1111.0
Spacious 1 BR Unit | Ready to Move-in | Book Now,"90,000",apartment,yearly,1,2,864 sqft,"Golden Dream Tower 1, JVC District 18, Jumeirah Village Circle (JVC), Dubai",https://www.bayut.com/property/details-13585707.html,90000,90000,1.0,2.0,864.0
Large 2BR | Closed kitchen | Great Location,"82,500",apartment,yearly,2,3,"1,328 sqft","Sunrise Tower JVC, JVC District 11, Jumeirah Village Circle (JVC), Dubai",https://www.bayut.com/property/details-13585151.html,82500,82500,2.0,3.0,1328.0
High Floor | Spacious | Marina View | 2 Beds,"115,000",apartment,yearly,2,2,"1,236 sqft","Binghatti Corner, JVC District 10, Jumeirah Village Circle (JVC), Dubai",https://www.bayut.com/property/details-13541500.html,115000,115000,2.0,2.0,1236.0
Semi Furnished - Huge One BR - Golf View,"75,000",apartment,yearly,1,2,967 sqft,"O2 Tower, JVC District 14, Jumeirah Village Circle (JVC), Dubai",https://www.bayut.com/property/details-8763078.html,75000,75000,1.0,2.0,967.0
I Prime Location | Vacant | Unfurnished,"65,000",apartment,yearly,1,2,602 sqft,"Masaar Residence, JVC District 15, Jumeirah Village Circle (JVC), Dubai",https://www.bayut.com/property/details-13539862.html,65000,65000,1.0,2.0,602.0
Brand New I Very Spacious I Prime Location of JVC I Ready to Move in Feb,"95,000",apartment,yearly,1,2,758 sqft,"7 Park Central, JVC District 17, Jumeirah Village Circle (JVC), Dubai",https://www.bayut.com/property/details-13639129.html,95000,95000,1.0,2.0,758.0
Brand New | 02 Bed Room Hall | No Commission | One Month Grace Period,"73,000",apartment,yearly,2,2,771 sqft,"JVC District 11, Jumeirah Village Circle (JVC), Dubai",https://www.bayut.com/property/details-13724118.html,73000,73000,2.0,2.0,771.0
3BHK | Spacious Layout | Community View,"169,999",villa,yearly,3,5,"1,455 sqft","Mirabella 7, JVC District 12, Jumeirah Village Circle (JVC), Dubai",https://www.bayut.com/property/details-13529147.html,169999,169999,3.0,5.0,1455.0
Furnished 1BR | Modern Layout | Ready to Move In,"90,000",apartment,yearly,1,1,756 sqft,"Bloom Heights 1, Bloom Heights, JVC District 15, Jumeirah Village Circle (JVC), Dubai",https://www.bayut.com/property/details-13540607.html,90000,90000,1.0,1.0,756.0
Brand New | 02 Bed Room Hall | No Commission | One Month Grace Period,"75,000",apartment,yearly,2,2,"1,000 sqft","JVC District 11, Jumeirah Village Circle (JVC), Dubai",https://www.bayut.com/property/details-13723849.html,75000,75000,2.0,2.0,1000.0
Brand New | 02 Bed Room Hall | No Commission | One Month Grace Period,"72,999",apartment,yearly,2,2,771 sqft,"JVC District 11, Jumeirah Village Circle (JVC), Dubai",https://www.bayut.com/property/details-13723789.html,72999,72999,2.0,2.0,771.0
Upgraded Townhouse | Prime JVC Community | Modern Interiors,"240,000",townhouse,yearly,4,5,"1,679 sqft","Lilac Park, JVC District 12, Jumeirah Village Circle (JVC), Dubai",https://www.bayut.com/property/details-13514780.html,240000,240000,4.0,5.0,1679.0
High Floor | Ready To Move In | Brand New,"100,000",apartment,yearly,1,2,795 sqft,"Binghatti Phantom, JVC District 17, Jumeirah Village Circle (JVC), Dubai",https://www.bayut.com/property/details-13497508.html,100000,100000,1.0,2.0,795.0
Very Convenient layout with large terrace - chiller free,"65,000",apartment,yearly,1,2,800 sqft,"Oxford Building, JVC District 14, Jumeirah Village Circle (JVC), Dubai",https://www.bayut.com/property/details-11805142.html,65000,65000,1.0,2.0,800.0
PRIVATE POOL | BRAND NEW | HIGH FLOOR,"110,000",apartment,yearly,1,2,795 sqft,"Binghatti Phantom, JVC District 17, Jumeirah Village Circle (JVC), Dubai",https://www.bayut.com/property/details-13537020.html,110000,110000,1.0,2.0,795.0
"U Shape Kitchen, Private Pool, Study Room, High Floor, Ready To Move In","110,000",apartment,yearly,1,2,921 sqft,"Binghatti Royale, JVC District 18, Jumeirah Village Circle (JVC), Dubai",https://www.bayut.com/property/details-13517673.html,110000,110000,1.0,2.0,921.0
Brand New - All Ensuit bedroom - Chiller with Dewa,"185,000",apartment,yearly,3,4,"1,859 sqft","Westview Garden, JVC District 15, Jumeirah Village Circle (JVC), Dubai",https://www.bayut.com/property/details-13539022.html,185000,185000,3.0,4.0,1859.0
High Floor | Burj Al Arab View | Brand New,"100,000",apartment,yearly,1,2,797 sqft,"Binghatti Phantom, JVC District 17, Jumeirah Village Circle (JVC), Dubai",https://www.bayut.com/property/details-13495303.html,100000,100000,1.0,2.0,797.0
PRIVATE POOL | BRAND NEW | UNIQUE OPPORTUNITY,"100,000",apartment,yearly,1,2,794 sqft,"Binghatti Phantom, JVC District 17, Jumeirah Village Circle (JVC), Dubai",https://www.bayut.com/property/details-13522390.html,100000,100000,1.0,2.0,794.0
Community View | Prime Location | Spacious Unit,"84,999",apartment,yearly,1,2,785 sqft,"Binghatti Aurora, JVC District 12, Jumeirah Village Circle (JVC), Dubai",https://www.bayut.com/property/details-13505295.html,84999,84999,1.0,2.0,785.0
Exclusive 1BR Brandnew Semi Furnished Spacious Biggest Layout -Swimming Pool View,"85,000",apartment,yearly,1,2,919 sqft,"Binghatti Aurora, JVC District 12, Jumeirah Village Circle (JVC), Dubai",https://www.bayut.com/property/details-13544517.html,85000,85000,1.0,2.0,919.0
Four Bed+Maid | Upgraded | Flexible Cheques,"200,000",townhouse,yearly,4,4,"3,400 sqft","Marwa Homes 2, JVC District 13, Jumeirah Village Circle (JVC), Dubai",https://www.bayut.com/property/details-13526479.html,200000,200000,4.0,4.0,3400.0
View Today | 4 Cheques | Brand New,"100,000",apartment,yearly,1,2,796 sqft,"Binghatti Phantom, JVC District 17, Jumeirah Village Circle (JVC), Dubai",https://www.bayut.com/property/details-13496221.html,100000,100000,1.0,2.0,796.0
Prime Location I Spacious Layout I Great Amenities,"68,000",apartment,yearly,1,2,650 sqft,"La Perla Blanca, JVC District 15, Jumeirah Village Circle (JVC), Dubai",https://www.bayut.com/property/details-13547568.html,68000,68000,1.0,2.0,650.0
Spurs Spacious I Prime Location I Grab the Keys,"108,000",apartment,yearly,2,3,"1,593 sqft","La Perla Blanca, JVC District 15, Jumeirah Village Circle (JVC), Dubai",https://www.bayut.com/property/details-13547846.html,108000,108000,2.0,3.0,1593.0
2 bed + maid | best ammenities | spacious,"119,999",apartment,yearly,2,4,"1,548 sqft","Laya Residences, JVC District 10, Jumeirah Village Circle (JVC), Dubai",https://www.bayut.com/property/details-13495637.html,119999,119999,2.0,4.0,1548.0
Spacious | Fully Furnished | Modern | Amazing View,"110,000",apartment,yearly,1,1,952 sqft,"Binghatti Galaxy Tower A, Binghatti Galaxy, JVC District 11, Jumeirah Village Circle (JVC), Dubai",https://www.bayut.com/property/details-13467997.html,110000,110000,1.0,1.0,952.0
Brand New | Luxury | High ROI Opportunity,"75,000",apartment,yearly,1,2,617 sqft,"Pantheon Elysee III, JVC District 15, Jumeirah Village Circle (JVC), Dubai",https://www.bayut.com/property/details-13513425.html,75000,75000,1.0,2.0,617.0
Luxury Apartment | Move In Ready | Corner Unit,"100,000",apartment,yearly,1,2,754 sqft,"Binghatti Aurora, JVC District 12, Jumeirah Village Circle (JVC), Dubai",https://www.bayut.com/property/details-13491695.html,100000,100000,1.0,2.0,754.0
ALL BILLS INCLUDED | FULLY FURNISHED | READY TO MOVE,"74,999",apartment,yearly,1,1,717 sqft,"Burj Sabah, JVC District 12, Jumeirah Village Circle (JVC), Dubai",https://www.bayut.com/property/details-13512020.html,74999,74999,1.0,1.0,717.0
Bright & Spacious I Large Size I Marina View,"75,000",apartment,yearly,1,1,795 sqft,"Bloom Tower A, Bloom Towers, JVC District 10, Jumeirah Village Circle (JVC), Dubai",https://www.bayut.com/property/details-13533773.html,75000,75000,1.0,1.0,795.0
Luxury tower in JVC | Closed Balcony | Pool | Gym | High Floor,"75,000",apartment,yearly,1,2,826 sqft,"Reef Residence, JVC District 13, Jumeirah Village Circle (JVC), Dubai",https://www.bayut.com/property/details-13417666.html,75000,75000,1.0,2.0,826.0
Brand New | Spacious 2 Bed | Ready to Move In,"152,000",apartment,yearly,2,2,995 sqft,"Binghatti Aurora, JVC District 12, Jumeirah Village Circle (JVC), Dubai",https://www.bayut.com/property/details-13491165.html,152000,152000,2.0,2.0,995.0
BRAND NEW | FIRST TENANT | LUXURIOUS | SPACIOUS | PARKING | BIG BALCONY,"140,000",apartment,yearly,2,3,"1,364 sqft","Binghatti Aurora, JVC District 12, Jumeirah Village Circle (JVC), Dubai",https://www.bayut.com/property/details-13449865.html,140000,140000,2.0,3.0,1364.0
FULLY FURNISHED | MODERN FINISH | READY TO MOVE IN,"72,500",apartment,yearly,1,1,661 sqft,"Binghatti Rose, JVC District 15, Jumeirah Village Circle (JVC), Dubai",https://www.bayut.com/property/details-13467402.html,72500,72500,1.0,1.0,661.0
Premium Living | Open View in the Heart of JVC,"85,000",apartment,yearly,1,1,811 sqft,"Belgravia Heights 1, JVC District 12, Jumeirah Village Circle (JVC), Dubai",https://www.bayut.com/property/details-13441799.html,85000,85000,1.0,1.0,811.0
Brand New Luxury 2 Bed | Vacant | Prime Location,"155,000",apartment,yearly,2,2,996 sqft,"Binghatti Aurora, JVC District 12, Jumeirah Village Circle (JVC), Dubai",https://www.bayut.com/property/details-13491696.html,155000,155000,2.0,2.0,996.0
Unfurnished Spacious 1BR | Open View with Balcony,"65,000",apartment,yearly,1,2,711 sqft,"Jeewar Apartments, JVC District 11, Jumeirah Village Circle (JVC), Dubai",https://www.bayut.com/property/details-13503769.html,65000,65000,1.0,2.0,711.0
High-End Quality | Private Pool | Brand-New,"109,999",apartment,yearly,1,2,807 sqft,"Binghatti Royale, JVC District 18, Jumeirah Village Circle (JVC), Dubai",https://www.bayut.com/property/details-13437603.html,109999,109999,1.0,2.0,807.0
BRAND NEW || READY TO MOVE || HUGE BALCONY,"61,999",apartment,yearly,1,2,791 sqft,"Central Park Tower, JVC District 12, Jumeirah Village Circle (JVC), Dubai",https://www.bayut.com/property/details-13471233.html,61999,61999,1.0,2.0,791.0
MODERN | FURNISHED | PRIME LOCATION,"85,000",apartment,yearly,2,1,831 sqft,"Knightsbridge Court, JVC District 13, Jumeirah Village Circle (JVC), Dubai",https://www.bayut.com/property/details-13394651.html,85000,85000,2.0,1.0,831.0
Modern 1BR | Luxury tower | High Floor | Closed Balcony,"75,000",apartment,yearly,1,2,798 sqft,"Reef Residence, JVC District 13, Jumeirah Village Circle (JVC), Dubai",https://www.bayut.com/property/details-13417292.html,75000,75000,1.0,2.0,798.0
Modern 2BR | Spacious Layout | Prime JVC Location,"150,000",apartment,yearly,2,2,"1,091 sqft","Binghatti Emerald, JVC District 15, Jumeirah Village Circle (JVC), Dubai",https://www.bayut.com/property/details-13443142.html,150000,150000,2.0,2.0,1091.0
BRAND NEW | WITH STUDY ROOM | PRIVATE POOL,"99,000",apartment,yearly,1,2,911 sqft,"Binghatti Phantom, JVC District 17, Jumeirah Village Circle (JVC), Dubai",https://www.bayut.com/property/details-13421002.html,99000,99000,1.0,2.0,911.0
Modern and Spacious 1BR For Rent I Belgravia 2,"90,000",apartment,yearly,1,2,815 sqft,"Belgravia 2, JVC District 14, Jumeirah Village Circle (JVC), Dubai",https://www.bayut.com/property/details-13371422.html,90000,90000,1.0,2.0,815.0
Spacious 1BR Apartment Semi Close Kitchen with 2 Full Bathrooms,"70,000",apartment,yearly,1,2,823 sqft,"Le Grand Chateau A, Le Grand Chateau, JVC District 10, Jumeirah Village Circle (JVC), Dubai",https://www.bayut.com/property/details-13437185.html,70000,70000,1.0,2.0,823.0
Elegant Family Home | The Autograph X | JVC,"400,000",villa,yearly,3,5,"2,615 sqft","The Autograph, JVC District 10, Jumeirah Village Circle (JVC), Dubai",https://www.bayut.com/property/details-13360568.html,400000,400000,3.0,5.0,2615.0
3BHK Apatment | Huge Layout | Prime Location,"129,995",apartment,yearly,3,3,"1,285 sqft","Binghatti Rose, JVC District 15, Jumeirah Village Circle (JVC), Dubai",https://www.bayut.com/property/details-13393702.html,129995,129995,3.0,3.0,1285.0
Best Price | Ready To Move | Bright and Spacious,"80,000",apartment,yearly,1,1,861 sqft,"Eaton Place, JVC District 15, Jumeirah Village Circle (JVC), Dubai",https://www.bayut.com/property/details-13379855.html,80000,80000,1.0,1.0,861.0
Luxury Finishing | Huge Plot | Ready To Move,"280,000",villa,yearly,3,3,"8,256 sqft","JVC District 16, Jumeirah Village Circle (JVC), Dubai",https://www.bayut.com/property/details-13435731.html,280000,280000,3.0,3.0,8256.0
Podium Floor | Ready to move in with Balcony,"140,000",apartment,yearly,2,2,"1,523 sqft","Al Manal Elite, JVC District 13, Jumeirah Village Circle (JVC), Dubai",https://www.bayut.com/property/details-13353983.html,140000,140000,2.0,2.0,1523.0
Elegant Touch | Fully Furnished | Cozy Unit,"81,500",apartment,yearly,1,2,617 sqft,"Pantheon Elysee III, JVC District 15, Jumeirah Village Circle (JVC), Dubai",https://www.bayut.com/property/details-13378821.html,81500,81500,1.0,2.0,617.0
Bright 1BR Apartment | Fully Furnished | for Rent,"89,000",apartment,yearly,1,2,801 sqft,"Concept 7 Residences, JVC District 11, Jumeirah Village Circle (JVC), Dubai",https://www.bayut.com/property/details-13445556.html,89000,89000,1.0,2.0,801.0
READY TO MOVE IN | BEST LOCATION | FULLY FURNISHED,"82,000",apartment,yearly,1,2,"1,012 sqft","Tower 108, JVC District 18, Jumeirah Village Circle (JVC), Dubai",https://www.bayut.com/property/details-13282780.html,82000,82000,1.0,2.0,1012.0
Brand New | Smart Home | 1BR w Study,"99,999",apartment,yearly,1,2,855 sqft,"Oxford Terraces, JVC District 11, Jumeirah Village Circle (JVC), Dubai",https://www.bayut.com/property/details-13426234.html,99999,99999,1.0,2.0,855.0
Brand-New | Modern Finishes | Prime Location,"110,000",apartment,yearly,1,1,795 sqft,"Binghatti Phantom, JVC District 17, Jumeirah Village Circle (JVC), Dubai",https://www.bayut.com/property/details-13371222.html,110000,110000,1.0,1.0,795.0
Spacious 2bhk WITH 3 BATHROOM Very Close to Circle Mall in Just 85k,"85,000",apartment,yearly,2,3,973 sqft,"Mir 5, JVC District 11, Jumeirah Village Circle (JVC), Dubai",https://www.bayut.com/property/details-13360926.html,85000,85000,2.0,3.0,973.0
Near Circle Mall | Best Price | Ready To Move,"89,999",apartment,yearly,2,3,888 sqft,"Fortunato, JVC District 11, Jumeirah Village Circle (JVC), Dubai",https://www.bayut.com/property/details-13309890.html,89999,89999,2.0,3.0,888.0
Ready To Move | Brand New | High Floor,"75,000",apartment,yearly,1,2,653 sqft,"Binghatti House, JVC District 10, Jumeirah Village Circle (JVC), Dubai",https://www.bayut.com/property/details-11702266.html,75000,75000,1.0,2.0,653.0
Rare 2BHK Duplex | 2 Parking | Specious,"139,990",apartment,yearly,2,3,"1,984 sqft","Fortunato, JVC District 11, Jumeirah Village Circle (JVC), Dubai",https://www.bayut.com/property/details-13305822.html,139990,139990,2.0,3.0,1984.0
Multiple options | Ready To Move | Brand New,"75,000",apartment,yearly,1,2,651 sqft,"Binghatti House, JVC District 10, Jumeirah Village Circle (JVC), Dubai",https://www.bayut.com/property/details-11702270.html,75000,75000,1.0,2.0,651.0
Modern 2 BR / Prime Location in JV / Full Facilities,"77,000",apartment,yearly,2,3,872 sqft,"Dana Tower, JVC District 12, Jumeirah Village Circle (JVC), Dubai",https://www.bayut.com/property/details-13584266.html,77000,77000,2.0,3.0,872.0
2 bhk Apartment | with best ammenities | Road view,"120,000",apartment,yearly,2,3,"1,548 sqft","Laya Residences, JVC District 10, Jumeirah Village Circle (JVC), Dubai",https://www.bayut.com/property/details-13306232.html,120000,120000,2.0,3.0,1548.0
Brand New-Spacious -Fitted kitchen,"85,000",apartment,yearly,1,2,760 sqft,"Binghatti Phoenix, JVC District 13, Jumeirah Village Circle (JVC), Dubai",https://www.bayut.com/property/details-13246579.html,85000,85000,1.0,2.0,760.0
"Binghatti Gate, JVC, District 15, Jumeirah Village Circle","60,000",apartment,yearly,1,2,644 sqft,"Binghatti Gate, JVC District 15, Jumeirah Village Circle (JVC), Dubai",https://www.bayut.com/property/details-13341273.html,60000,60000,1.0,2.0,644.0
Elegant 1BR | Ready to Move In | Brand New,"85,000",apartment,yearly,1,2,880 sqft,"Hadley Heights, JVC District 11, Jumeirah Village Circle (JVC), Dubai",https://www.bayut.com/property/details-13325147.html,85000,85000,1.0,2.0,880.0
Spacious Unit | Huge Layout | Prime Location,"140,000",apartment,yearly,2,3,"1,190 sqft","Binghatti Phoenix, JVC District 13, Jumeirah Village Circle (JVC), Dubai",https://www.bayut.com/property/details-13275475.html,140000,140000,2.0,3.0,1190.0
2 BEDROOM PLUS STUDY IN PRIME LOCATION,"179,999",apartment,yearly,2,3,"1,425 sqft","Hadley Heights, JVC District 11, Jumeirah Village Circle (JVC), Dubai",https://www.bayut.com/property/details-13362680.html,179999,179999,2.0,3.0,1425.0
best priced 1 bedroom JVC | spacious,"60,000",apartment,yearly,1,2,865 sqft,"Alcove, JVC District 11, Jumeirah Village Circle (JVC), Dubai",https://www.bayut.com/property/details-13431514.html,60000,60000,1.0,2.0,865.0
Spacious 3BR + Maid Townhouse | Private Garden | Move-In Ready,"190,000",townhouse,yearly,3,5,"2,583 sqft","Nakheel Townhouse, JVC District 12, Jumeirah Village Circle (JVC), Dubai",https://www.bayut.com/property/details-13241626.html,190000,190000,3.0,5.0,2583.0
READ TO MOVE | NEWLY VACANT | AMAZING VIEW,"75,000",apartment,yearly,1,2,925 sqft,"Reef Residence, JVC District 13, Jumeirah Village Circle (JVC), Dubai",https://www.bayut.com/property/details-13500938.html,75000,75000,1.0,2.0,925.0
Fully Furnished | Great Location | Call Now,"110,000",apartment,yearly,2,3,"1,280 sqft","Alcove, JVC District 11, Jumeirah Village Circle (JVC), Dubai",https://www.bayut.com/property/details-13131995.html,110000,110000,2.0,3.0,1280.0
Affordable 1 BHK for Rent | Venus 1 | Family-Friendly JVC Community,"65,000",apartment,yearly,1,2,630 sqft,"Venus 1, JVC District 12, Jumeirah Village Circle (JVC), Dubai",https://www.bayut.com/property/details-13563600.html,65000,65000,1.0,2.0,630.0
1 BHK | Pool View | Spacious | PLaza Residence,"62,000",apartment,yearly,1,2,786 sqft,"Plaza Residences Block B, Plaza Residences, JVC District 13, Jumeirah Village Circle (JVC), Dubai",https://www.bayut.com/property/details-13299471.html,62000,62000,1.0,2.0,786.0
Park View | Prime Location | Spacious Unit,"110,000",apartment,yearly,2,3,"1,055 sqft","Bloom Heights 1, Bloom Heights, JVC District 15, Jumeirah Village Circle (JVC), Dubai",https://www.bayut.com/property/details-13294108.html,110000,110000,2.0,3.0,1055.0
Pool View |Open Kitchen |Prime Location |Spacious,"72,999",apartment,yearly,1,2,905 sqft,"Alcove, JVC District 11, Jumeirah Village Circle (JVC), Dubai",https://www.bayut.com/property/details-13286356.html,72999,72999,1.0,2.0,905.0
"Bright 1 Bedroom + Study Room | Prime Location in Al Waleed Residence, JVC","80,000",apartment,yearly,1,2,"1,204 sqft","Al Waleed Building, JVC District 13, Jumeirah Village Circle (JVC), Dubai",https://www.bayut.com/property/details-13542513.html,80000,80000,1.0,2.0,1204.0
Single Row - 3 BR with Maid room ! Upgraded ! Ready to Move,"180,000",townhouse,yearly,3,4,"2,584 sqft","Nakheel Townhouse, JVC District 12, Jumeirah Village Circle (JVC), Dubai",https://www.bayut.com/property/details-13262780.html,180000,180000,3.0,4.0,2584.0
2 bhk Apartment | with best ammenities | Road view,"165,000",apartment,yearly,2,4,"1,784 sqft","Eleganz by Danube, JVC District 14, Jumeirah Village Circle (JVC), Dubai",https://www.bayut.com/property/details-13206687.html,165000,165000,2.0,4.0,1784.0
LUXURIOUS LIVING/ FULL FURNISHED/ BEST VIEW,"200,000",villa,yearly,4,5,"2,753 sqft","JVC District 16, Jumeirah Village Circle (JVC), Dubai",https://www.bayut.com/property/details-13302953.html,200000,200000,4.0,5.0,2753.0
VACANT | 1 BEDROOM UNFURNISHED | PRIME LOCATION,"75,000",apartment,yearly,1,2,798 sqft,"Reef Residence, JVC District 13, Jumeirah Village Circle (JVC), Dubai",https://www.bayut.com/property/details-13461961.html,75000,75000,1.0,2.0,798.0
Spacious | Huge Layout | Prime Location,"104,999",apartment,yearly,1,2,807 sqft,"Binghatti Royale, JVC District 18, Jumeirah Village Circle (JVC), Dubai",https://www.bayut.com/property/details-13240052.html,104999,104999,1.0,2.0,807.0
Prime Location! 1-Bedroom Apartment in Al Manal Elite for Rent,"85,000",apartment,yearly,1,2,950 sqft,"Al Manal Elite, JVC District 13, Jumeirah Village Circle (JVC), Dubai",https://www.bayut.com/property/details-13518467.html,85000,85000,1.0,2.0,950.0
Iconic Unit | Brand New | Recently Handover,"170,000",apartment,yearly,2,3,"1,595 sqft","Binghatti Phantom, JVC District 17, Jumeirah Village Circle (JVC), Dubai",https://www.bayut.com/property/details-13137994.html,170000,170000,2.0,3.0,1595.0
Move-In Ready | Stylish Furnished 1BR for Modern Living In 1 Cheque payment,"90,000",apartment,yearly,1,1,669 sqft,"Binghatti Emerald, JVC District 15, Jumeirah Village Circle (JVC), Dubai",https://www.bayut.com/property/details-13245367.html,90000,90000,1.0,1.0,669.0
Fully Furnished | Great Location | Call Now,"80,000",apartment,yearly,1,1,654 sqft,"Belgravia 3A, Belgravia 3, JVC District 15, Jumeirah Village Circle (JVC), Dubai",https://www.bayut.com/property/details-13188000.html,80000,80000,1.0,1.0,654.0
Community and Pool View | High Floor | Spacious,"75,000",apartment,yearly,1,2,864 sqft,"Golden Dream Tower 1, JVC District 18, Jumeirah Village Circle (JVC), Dubai",https://www.bayut.com/property/details-13212913.html,75000,75000,1.0,2.0,864.0
Luxury 2BHK | Fully Furnished | Prime JVC Location,"129,000",apartment,yearly,2,3,"1,056 sqft","Bloom Heights 1, Bloom Heights, JVC District 15, Jumeirah Village Circle (JVC), Dubai",https://www.bayut.com/property/details-13103535.html,129000,129000,2.0,3.0,1056.0
12 Cheq’s | High ceiling | Vacant with ammanities,"195,000",villa,yearly,3,5,"2,690 sqft","Al Maali Villas, JVC District 14, Jumeirah Village Circle (JVC), Dubai",https://www.bayut.com/property/details-13204361.html,195000,195000,3.0,5.0,2690.0
Spacious and Modern 1 Bedroom Unit in Reef Residence,"75,000",apartment,yearly,1,2,926 sqft,"Reef Residence, JVC District 13, Jumeirah Village Circle (JVC), Dubai",https://www.bayut.com/property/details-13431410.html,75000,75000,1.0,2.0,926.0
1 Bedroom| Private Pool | Brand New |Ready to move,"110,000",apartment,yearly,1,2,807 sqft,"Binghatti Royale, JVC District 18, Jumeirah Village Circle (JVC), Dubai",https://www.bayut.com/property/details-13273172.html,110000,110000,1.0,2.0,807.0
Amazing Layout | 2 BHK Duplex | Specious,"154,950",apartment,yearly,2,3,"2,501 sqft","Fortunato, JVC District 11, Jumeirah Village Circle (JVC), Dubai",https://www.bayut.com/property/details-13018770.html,154950,154950,2.0,3.0,2501.0
City View I Multiple Options I Fully Furnished,"80,000",apartment,yearly,1,2,697 sqft,"Binghatti Onyx, JVC District 15, Jumeirah Village Circle (JVC), Dubai",https://www.bayut.com/property/details-13215687.html,80000,80000,1.0,2.0,697.0
Elegant 2BR | Closed Kitchen | Ready To Move,"82,000",apartment,yearly,2,3,"1,278 sqft","Sunrise Tower JVC, JVC District 11, Jumeirah Village Circle (JVC), Dubai",https://www.bayut.com/property/details-13158895.html,82000,82000,2.0,3.0,1278.0
Prime Location | Spacious Townhouse | Ready to Move In,"250,000",townhouse,yearly,4,6,"1,877 sqft","JVC District 12, Jumeirah Village Circle (JVC), Dubai",https://www.bayut.com/property/details-13052993.html,250000,250000,4.0,6.0,1877.0
Elegantly Designed | Spacious | Maid Room,"100,000",apartment,yearly,2,3,"1,773 sqft","Spica Residential, JVC District 10, Jumeirah Village Circle (JVC), Dubai",https://www.bayut.com/property/details-9298375.html,100000,100000,2.0,3.0,1773.0
Brand-New Residence | Modern And Spacious,"155,000",apartment,yearly,2,3,"1,285 sqft","Hadley Heights, JVC District 11, Jumeirah Village Circle (JVC), Dubai",https://www.bayut.com/property/details-13133155.html,155000,155000,2.0,3.0,1285.0
Marina View | Prime Location | Spacious Unit,"109,999",apartment,yearly,2,2,984 sqft,"Binghatti Corner, JVC District 10, Jumeirah Village Circle (JVC), Dubai",https://www.bayut.com/property/details-13039079.html,109999,109999,2.0,2.0,984.0
Marina Skyline View | High-Floor | Unfurnished,"74,999",apartment,yearly,1,1,525 sqft,"Binghatti House, JVC District 10, Jumeirah Village Circle (JVC), Dubai",https://www.bayut.com/property/details-13024665.html,74999,74999,1.0,1.0,525.0
Vacant | For Rent | Prime Location,"75,000",apartment,yearly,1,2,807 sqft,"Alef Noon Residence, JVC District 16, Jumeirah Village Circle (JVC), Dubai",https://www.bayut.com/property/details-13078355.html,75000,75000,1.0,2.0,807.0
FULLY UPGRADED | POOL VIEW | READY TO MOVE | MULTIPLE CHEQUES,"72,000",apartment,yearly,1,1,653 sqft,"Diamond Views III, JVC District 11, Jumeirah Village Circle (JVC), Dubai",https://www.bayut.com/property/details-8954734.html,72000,72000,1.0,1.0,653.0
1 Bed +Loft Apartment | Fully Furnished,"135,000",apartment,yearly,1,2,865 sqft,"Oxford 212, JVC District 10, Jumeirah Village Circle (JVC), Dubai",https://www.bayut.com/property/details-12924479.html,135000,135000,1.0,2.0,865.0
Modern Layout / Well Maintained / Vacant / Bright,"65,000",apartment,yearly,1,2,876 sqft,"Lorena Building, JVC District 11, Jumeirah Village Circle (JVC), Dubai",https://www.bayut.com/property/details-13013029.html,65000,65000,1.0,2.0,876.0
Fully Furnished | Elegant 1 BR | | Heigh Floor | Ready to Move in,"75,000",apartment,yearly,1,2,877 sqft,"Tower 108, JVC District 18, Jumeirah Village Circle (JVC), Dubai",https://www.bayut.com/property/details-12903101.html,75000,75000,1.0,2.0,877.0
Near to Circle Mall | New Building | Vacant Unit,"83,000",apartment,yearly,1,2,854 sqft,"Mass Residence, JVC District 11, Jumeirah Village Circle (JVC), Dubai",https://www.bayut.com/property/details-13000973.html,83000,83000,1.0,2.0,854.0
Spacious | Huge Layout | Prime Location,"119,999",apartment,yearly,2,3,"1,300 sqft","SH Living 1, JVC District 14, Jumeirah Village Circle (JVC), Dubai",https://www.bayut.com/property/details-12958782.html,119999,119999,2.0,3.0,1300.0
HUGE SIZE MASTER ROOMS STORAGE AREA,"120,000",apartment,yearly,2,3,"1,267 sqft","SH Living 1, JVC District 14, Jumeirah Village Circle (JVC), Dubai",https://www.bayut.com/property/details-12974962.html,120000,120000,2.0,3.0,1267.0
Luxury apartment I Open Kitchen | Smart Home Alexa | Balcony | Brand New | Prime Location I First Tenant I JVC,"175,000",apartment,yearly,3,4,"2,133 sqft","La Rose, JVC District 12, Jumeirah Village Circle (JVC), Dubai",https://www.bayut.com/property/details-12916033.html,175000,175000,3.0,4.0,2133.0
BURJ AL ARAB VIEW | READY TO MOVE | MODERN LAYOUT,"110,000",apartment,yearly,2,4,"1,319 sqft","Alef Noon Residence, JVC District 16, Jumeirah Village Circle (JVC), Dubai",https://www.bayut.com/property/details-12848414.html,110000,110000,2.0,4.0,1319.0
VERY GOOD BUILDING/FURNISHED /1 BHK + STUDY/SPACIOUS LAY OUT/ROAD SIDE VIEW/RENT 68 K,"78,000",apartment,yearly,1,2,744 sqft,"Lucky 1 Residences, JVC District 13, Jumeirah Village Circle (JVC), Dubai",https://www.bayut.com/property/details-13384958.html,78000,78000,1.0,2.0,744.0
2 BHK | BEST PRICE | FAMILY FRIENDLY,"85,000",apartment,yearly,2,3,"1,595 sqft","Knightsbridge Court, JVC District 13, Jumeirah Village Circle (JVC), Dubai",https://www.bayut.com/property/details-13057616.html,85000,85000,2.0,3.0,1595.0
Kitchen Appliances | 2 Baths | Premium Finishing,"89,998",apartment,yearly,1,2,815 sqft,"Belgravia 2, JVC District 14, Jumeirah Village Circle (JVC), Dubai",https://www.bayut.com/property/details-12876567.html,89998,89998,1.0,2.0,815.0
HOT DEAL Fully Furnished 3BR | Prime Location in JVC,"126,000",apartment,yearly,3,2,"1,163 sqft","Tuscan Residence, JVC District 10, Jumeirah Village Circle (JVC), Dubai",https://www.bayut.com/property/details-12899786.html,126000,126000,3.0,2.0,1163.0
Pool View | Spacious 1BR | Ready to move in,"78,000",apartment,yearly,1,2,752 sqft,"Aria Residence, JVC District 14, Jumeirah Village Circle (JVC), Dubai",https://www.bayut.com/property/details-12870399.html,78000,78000,1.0,2.0,752.0
Near Circle Mall Spacious 2BHK With 3 Bathroom in just 85K.,"85,000",apartment,yearly,2,3,973 sqft,"Mir 5, JVC District 11, Jumeirah Village Circle (JVC), Dubai",https://www.bayut.com/property/details-12954278.html,85000,85000,2.0,3.0,973.0
Huge 1 bedroom layout | Very rare unit | Grab This deal,"63,999",apartment,yearly,1,2,938 sqft,"Summer 1 Block A, Summer, Seasons Community, JVC District 15, Jumeirah Village Circle (JVC), Dubai",https://www.bayut.com/property/details-12844634.html,63999,63999,1.0,2.0,938.0
Stunning Pool View | Prime High-Floor Location | Easy Exit Access,"70,000",apartment,yearly,1,1,570 sqft,"Bloom Tower C, Bloom Towers, JVC District 10, Jumeirah Village Circle (JVC), Dubai",https://www.bayut.com/property/details-12859748.html,70000,70000,1.0,1.0,570.0
Best Price 65K - 1 Month Free - Spacious - Vacant,"65,000",apartment,yearly,1,2,684 sqft,"O2 Tower, JVC District 14, Jumeirah Village Circle (JVC), Dubai",https://www.bayut.com/property/details-12759862.html,65000,65000,1.0,2.0,684.0
Fully Furnished |Spacious 1BR |Prime location | Full Facilities,"85,000",apartment,yearly,1,2,634 sqft,"Binghatti Nova, JVC District 12, Jumeirah Village Circle (JVC), Dubai",https://www.bayut.com/property/details-10978219.html,85000,85000,1.0,2.0,634.0
Luxurious [ Big Size 2BHK With Kitchen Appliances With All Facilities in just 125K,"125,000",apartment,yearly,2,3,"1,420 sqft","Saleh Bin Lahej 401, JVC District 12, Jumeirah Village Circle (JVC), Dubai",https://www.bayut.com/property/details-12862434.html,125000,125000,2.0,3.0,1420.0
Brand New I High Floor I Best View,"125,000",apartment,yearly,2,2,"1,112 sqft","Binghatti Gardenia, JVC District 11, Jumeirah Village Circle (JVC), Dubai",https://www.bayut.com/property/details-12805079.html,125000,125000,2.0,2.0,1112.0
Spacious 1 Bedroom Apartment | Community View | JVC,"75,000",apartment,yearly,1,2,820 sqft,"Tower 108, JVC District 18, Jumeirah Village Circle (JVC), Dubai",https://www.bayut.com/property/details-12616550.html,75000,75000,1.0,2.0,820.0
Brand New Spacious Apartment in Family Building With Pool,"130,000",apartment,yearly,1,2,"1,454 sqft","SH Living 1, JVC District 14, Jumeirah Village Circle (JVC), Dubai",https://www.bayut.com/property/details-12835866.html,130000,130000,1.0,2.0,1454.0
Prime Location | Stylish Home Beside Circle Mall,"78,000",apartment,yearly,1,2,856 sqft,"Mass Residence, JVC District 11, Jumeirah Village Circle (JVC), Dubai",https://www.bayut.com/property/details-12738618.html,78000,78000,1.0,2.0,856.0
Pool View| Unfurnished| Ready to Move In,"99,999",apartment,yearly,2,2,997 sqft,"Empire Residence, JVC District 17, Jumeirah Village Circle (JVC), Dubai",https://www.bayut.com/property/details-12772330.html,99999,99999,2.0,2.0,997.0
Fully furnished | Bright and Spacious | Must View,"84,999",apartment,yearly,1,2,753 sqft,"Concept 7 Residences, JVC District 11, Jumeirah Village Circle (JVC), Dubai",https://www.bayut.com/property/details-12646793.html,84999,84999,1.0,2.0,753.0
High Floor|Closed Kitchen |Well Maintained| Vacant,"250,000",apartment,yearly,4,5,"2,855 sqft","Hameni Residence, JVC District 15, Jumeirah Village Circle (JVC), Dubai",https://www.bayut.com/property/details-12688097.html,250000,250000,4.0,5.0,2855.0
Upgraded | Well Maintained | Great Finishing,"128,000",apartment,yearly,2,3,"1,406 sqft","Zaya Hameni, JVC District 15, Jumeirah Village Circle (JVC), Dubai",https://www.bayut.com/property/details-12859446.html,128000,128000,2.0,3.0,1406.0
1BR I Ready to move in I Prime location- JVC,"75,000",apartment,yearly,1,2,512 sqft,"Binghatti Tulip, JVC District 11, Jumeirah Village Circle (JVC), Dubai",https://www.bayut.com/property/details-12752684.html,75000,75000,1.0,2.0,512.0
Community View | Prime Location | Spacious Unit,"112,999",apartment,yearly,2,3,"1,431 sqft","Al Naim Residence, JVC District 10, Jumeirah Village Circle (JVC), Dubai",https://www.bayut.com/property/details-12652037.html,112999,112999,2.0,3.0,1431.0
"""Turnkey Furnished Unit in Prime Location""","79,999",apartment,yearly,1,2,655 sqft,"Binghatti Luna, JVC District 12, Jumeirah Village Circle (JVC), Dubai",https://www.bayut.com/property/details-12510284.html,79999,79999,1.0,2.0,655.0
Bright & Airy 2-Bedroom Flat in Central Avanos – 2 BEDROOM PLUS STUDY,"129,999",apartment,yearly,2,3,"1,186 sqft","Avanos Residence, JVC District 10, Jumeirah Village Circle (JVC), Dubai",https://www.bayut.com/property/details-12672169.html,129999,129999,2.0,3.0,1186.0
4BHK Villa+ Maid | Vacant Soon | G+1,"220,000",villa,yearly,4,6,"2,674 sqft","Haven Villas, JVC District 10, Jumeirah Village Circle (JVC), Dubai",https://www.bayut.com/property/details-12591839.html,220000,220000,4.0,6.0,2674.0
1 bhk Apartment | with best ammenities | Road view,"78,000",apartment,yearly,1,2,683 sqft,"Binghatti Corner, JVC District 10, Jumeirah Village Circle (JVC), Dubai",https://www.bayut.com/property/details-12545677.html,78000,78000,1.0,2.0,683.0
12 Cheques I High Floor I Fully Furnished,"100,000",apartment,yearly,1,2,697 sqft,"Binghatti Onyx, JVC District 15, Jumeirah Village Circle (JVC), Dubai",https://www.bayut.com/property/details-12650981.html,100000,100000,1.0,2.0,697.0
Middle Villa | Vacant Now | View Now,"195,000",villa,yearly,2,4,"7,998 sqft","JVC District 16, Jumeirah Village Circle (JVC), Dubai",https://www.bayut.com/property/details-12506562.html,195000,195000,2.0,4.0,7998.0
Specious | Park View | Near to Entry & Exit,"109,950",apartment,yearly,2,3,"1,056 sqft","Bloom Heights 1, Bloom Heights, JVC District 15, Jumeirah Village Circle (JVC), Dubai",https://www.bayut.com/property/details-12452009.html,109950,109950,2.0,3.0,1056.0
JSS School ! Prime Location ! Ready to Move,"66,000",apartment,yearly,1,2,747 sqft,"La Riviera Estate A, La Riviera Estates, JVC District 10, Jumeirah Village Circle (JVC), Dubai",https://www.bayut.com/property/details-12340538.html,66000,66000,1.0,2.0,747.0
Massive 4 Bed | Vacant | With amanities,"140,000",villa,yearly,4,6,"1,455 sqft","Sandoval Garden, JVC District 14, Jumeirah Village Circle (JVC), Dubai",https://www.bayut.com/property/details-12424429.html,140000,140000,4.0,6.0,1455.0
Brand New 1BR | Mass Residence JVC | Equipped Kitchen,"80,000",apartment,yearly,1,2,861 sqft,"Mass Residence, JVC District 11, Jumeirah Village Circle (JVC), Dubai",https://www.bayut.com/property/details-12572897.html,80000,80000,1.0,2.0,861.0
Fully Furnished | All Bills Included | Scenic Park View Just Move In,"96,000",apartment,yearly,1,2,989 sqft,"Park View Tower, JVC District 14, Jumeirah Village Circle (JVC), Dubai",https://www.bayut.com/property/details-12247253.html,96000,96000,1.0,2.0,989.0
SPACIOUS and WELL-MAINTAINED THREE BHK APARTMENT WITH BALCONY,"145,000",apartment,yearly,3,3,"1,991 sqft","Roxana Residence A, Roxana Residences, JVC District 12, Jumeirah Village Circle (JVC), Dubai",https://www.bayut.com/property/details-12152132.html,145000,145000,3.0,3.0,1991.0
Luxury apartment I Open Kitchen | Smart Home Alexa | Balcony | Brand New | Prime Location I First Tenant I JVC,"175,000",apartment,yearly,3,4,"1,969 sqft","La Rose, JVC District 12, Jumeirah Village Circle (JVC), Dubai",https://www.bayut.com/property/details-11952094.html,175000,175000,3.0,4.0,1969.0
Brand New | 02 Bed Room Hall | No Commission | One Month Grace Period,"80,000",apartment,yearly,2,2,771 sqft,"JVC District 11, Jumeirah Village Circle (JVC), Dubai",https://www.bayut.com/property/details-12399067.html,80000,80000,2.0,2.0,771.0
1 + Study | Rent | Open View | Spacious | Great Price | Ready To Move | Prim Location,"80,000",apartment,yearly,1,2,927 sqft,"May Residence Tower 1, May Residence, JVC District 10, Jumeirah Village Circle (JVC), Dubai",https://www.bayut.com/property/details-11917844.html,80000,80000,1.0,2.0,927.0
ELEGANT 1BHK | FULLY FURNISHED | CALL NOW,"115,000",apartment,yearly,1,2,"1,050 sqft","Hyati Residence, JVC District 14, Jumeirah Village Circle (JVC), Dubai",https://www.bayut.com/property/details-13730634.html,115000,115000,1.0,2.0,1050.0
1 BHK Apartment | Prime Location | Fully Furnished,"80,000",apartment,yearly,1,2,647 sqft,"Binghatti Heights, JVC District 10, Jumeirah Village Circle (JVC), Dubai",https://www.bayut.com/property/details-13717072.html,80000,80000,1.0,2.0,647.0
Premium Quality | Luxury Furnish | 12 cheques,"95,000",apartment,yearly,1,2,631 sqft,"Binghatti Crest, JVC District 13, Jumeirah Village Circle (JVC), Dubai",https://www.bayut.com/property/details-13729358.html,95000,95000,1.0,2.0,631.0
Vacant & Ready | Hot Property | Prime Location,"90,000",apartment,yearly,1,2,826 sqft,"Binghatti Phoenix, JVC District 13, Jumeirah Village Circle (JVC), Dubai",https://www.bayut.com/property/details-13723498.html,90000,90000,1.0,2.0,826.0
Fully Furnished | Great Location | Call Now,"87,000",apartment,yearly,1,2,690 sqft,"Chaimaa Avenue Residences, JVC District 13, Jumeirah Village Circle (JVC), Dubai",https://www.bayut.com/property/details-13712134.html,87000,87000,1.0,2.0,690.0
High Floor | Multiple Cheques | Huge Size,"74,999",apartment,yearly,1,2,825 sqft,"Reef Residence, JVC District 13, Jumeirah Village Circle (JVC), Dubai",https://www.bayut.com/property/details-13732297.html,74999,74999,1.0,2.0,825.0
Park View | prime Location | Call Now,"84,900",apartment,yearly,1,2,928 sqft,"Hameni Residence, JVC District 15, Jumeirah Village Circle (JVC), Dubai",https://www.bayut.com/property/details-13721361.html,84900,84900,1.0,2.0,928.0
1B\R | All Bills Included | 12 Cheques | Maid Room,"160,000",apartment,yearly,1,2,"1,454 sqft","Hyati Avenue, JVC District 14, Jumeirah Village Circle (JVC), Dubai",https://www.bayut.com/property/details-13711786.html,160000,160000,1.0,2.0,1454.0
Vacant | Brand New | Spacious,"100,000",apartment,yearly,1,2,911 sqft,"Binghatti Phantom, JVC District 17, Jumeirah Village Circle (JVC), Dubai",https://www.bayut.com/property/details-13731693.html,100000,100000,1.0,2.0,911.0
Chiller Free | 1BR Plus Maid | Specious,"79,990",apartment,yearly,1,2,"1,231 sqft","Laya Residences, JVC District 10, Jumeirah Village Circle (JVC), Dubai",https://www.bayut.com/property/details-13726518.html,79990,79990,1.0,2.0,1231.0
Elegant & Bright Apartment I Quality Finishes I With Pool View,"69,999",apartment,yearly,1,2,824 sqft,"Alcove, JVC District 11, Jumeirah Village Circle (JVC), Dubai",https://www.bayut.com/property/details-13731707.html,69999,69999,1.0,2.0,824.0
Spacious 1BR | Move In Ready | All Amenities,"84,999",apartment,yearly,1,2,929 sqft,"Hameni Residence, JVC District 15, Jumeirah Village Circle (JVC), Dubai",https://www.bayut.com/property/details-13720654.html,84999,84999,1.0,2.0,929.0
High Floor | Multiple Cheques | Fully Furnished,"95,000",apartment,yearly,1,1,631 sqft,"Binghatti Crest, JVC District 13, Jumeirah Village Circle (JVC), Dubai",https://www.bayut.com/property/details-13717328.html,95000,95000,1.0,1.0,631.0
Comfortable 2BR Apartment | Pool & Gym | JVC Living,"110,000",apartment,yearly,2,3,984 sqft,"Bluebell  Residence, JVC District 11, Jumeirah Village Circle (JVC), Dubai",https://www.bayut.com/property/details-13726478.html,110000,110000,2.0,3.0,984.0
Modern Style | Brand New | Ready To Move,"89,999",apartment,yearly,1,2,786 sqft,"Binghatti Aurora, JVC District 12, Jumeirah Village Circle (JVC), Dubai",https://www.bayut.com/property/details-13719805.html,89999,89999,1.0,2.0,786.0
Fully Furnished | Premium Quality | Prime Location,"80,000",apartment,yearly,1,2,750 sqft,"DAMAC Ghalia, JVC District 18, Jumeirah Village Circle (JVC), Dubai",https://www.bayut.com/property/details-13704180.html,80000,80000,1.0,2.0,750.0
3BR+Maid | Bright and High Floor | Community View,"250,000",villa,yearly,3,6,"1,455 sqft","Mirabella 7, JVC District 12, Jumeirah Village Circle (JVC), Dubai",https://www.bayut.com/property/details-13731585.html,250000,250000,3.0,6.0,1455.0
"Fully Furnished Villa for Rent | 3 Bedroom + Maid | Marbella 7, Al Barsha South Fourth","299,999",villa,yearly,3,4,"1,455 sqft","Mirabella 7, JVC District 12, Jumeirah Village Circle (JVC), Dubai",https://www.bayut.com/property/details-13707793.html,299999,299999,3.0,4.0,1455.0
Ready to Move | Higher Floor | Private Plunge Pool,"115,000",apartment,yearly,1,2,911 sqft,"Binghatti Phantom, JVC District 17, Jumeirah Village Circle (JVC), Dubai",https://www.bayut.com/property/details-13723214.html,115000,115000,1.0,2.0,911.0
Luxury-Fully Furnished 3-Bed + Maid | Spacious Layout | Premium Living,"150,000",apartment,yearly,3,4,"1,717 sqft","ACES Chateau, JVC District 11, Jumeirah Village Circle (JVC), Dubai",https://www.bayut.com/property/details-13711390.html,150000,150000,3.0,4.0,1717.0
FURNISHED | NEW | READY TO MOVE IN,"72,000",apartment,yearly,1,2,684 sqft,"O2 Tower, JVC District 14, Jumeirah Village Circle (JVC), Dubai",https://www.bayut.com/property/details-11880783.html,72000,72000,1.0,2.0,684.0
Island Kitchen | Brand New | Modern | Bright Unit,"85,000",apartment,yearly,1,2,797 sqft,"Binghatti Phoenix, JVC District 13, Jumeirah Village Circle (JVC), Dubai",https://www.bayut.com/property/details-13729072.html,85000,85000,1.0,2.0,797.0
Brand New | Private Pool | Premium Amenities,"115,000",apartment,yearly,1,2,807 sqft,"Binghatti Royale, JVC District 18, Jumeirah Village Circle (JVC), Dubai",https://www.bayut.com/property/details-13728956.html,115000,115000,1.0,2.0,807.0
Luxury Upgraded || Corner Unit || Mid Floor,"140,000",apartment,yearly,2,2,"1,252 sqft","Binghatti Corner, JVC District 10, Jumeirah Village Circle (JVC), Dubai",https://www.bayut.com/property/details-13713716.html,140000,140000,2.0,2.0,1252.0
"Spacious 1 bedroom available for rent , vacating soon","73,999",apartment,yearly,1,2,689 sqft,"Binghatti Corner, JVC District 10, Jumeirah Village Circle (JVC), Dubai",https://www.bayut.com/property/details-13728581.html,73999,73999,1.0,2.0,689.0
Furnished 1BR | Golf View | Prime Location,"85,000",apartment,yearly,1,2,961 sqft,"The Square Tower, JVC District 13, Jumeirah Village Circle (JVC), Dubai",https://www.bayut.com/property/details-13722807.html,85000,85000,1.0,2.0,961.0
Huge Layout | Brand New | Ready to Move in,"95,000",apartment,yearly,1,2,"1,186 sqft","Mayas Geneva, JVC District 14, Jumeirah Village Circle (JVC), Dubai",https://www.bayut.com/property/details-13722862.html,95000,95000,1.0,2.0,1186.0
Community View | Prime Location | Spacious Villa,"194,999",villa,yearly,4,6,"1,685 sqft","Sandoval Gardens Villas, JVC District 14, Jumeirah Village Circle (JVC), Dubai",https://www.bayut.com/property/details-13730506.html,194999,194999,4.0,6.0,1685.0
Luxury | Low Rise | Price Negotiable,"160,000",apartment,yearly,2,2,"1,208 sqft","Hyati Avenue, JVC District 14, Jumeirah Village Circle (JVC), Dubai",https://www.bayut.com/property/details-13716930.html,160000,160000,2.0,2.0,1208.0
Brand New | Fully Furnished | Ready to Move In,"110,000",apartment,yearly,1,2,755 sqft,"Pearl House 2, JVC District 12, Jumeirah Village Circle (JVC), Dubai",https://www.bayut.com/property/details-13713096.html,110000,110000,1.0,2.0,755.0
Brand New Building | Spacious 1BR+ Study Room | Good Amenities | Prime Location,"110,000",apartment,yearly,1,2,922 sqft,"Binghatti Royale, JVC District 18, Jumeirah Village Circle (JVC), Dubai",https://www.bayut.com/property/details-13710984.html,110000,110000,1.0,2.0,922.0
Fully Furnished | High Floor | Prime Location,"90,000",apartment,yearly,1,2,694 sqft,"Binghatti Amber, JVC District 11, Jumeirah Village Circle (JVC), Dubai",https://www.bayut.com/property/details-13710470.html,90000,90000,1.0,2.0,694.0
The ideal family retreat I Extra spacious I Prime location,"179,999",villa,yearly,4,5,"1,632 sqft","Sydney Villas, JVC District 15, Jumeirah Village Circle (JVC), Dubai",https://www.bayut.com/property/details-13733963.html,179999,179999,4.0,5.0,1632.0
Fully Furnished | High Floor | Close to Mall,"75,000",apartment,yearly,1,2,747 sqft,"DAMAC Ghalia, JVC District 18, Jumeirah Village Circle (JVC), Dubai",https://www.bayut.com/property/details-13729957.html,75000,75000,1.0,2.0,747.0
4BR+Maid | Spacious Villa | Furnished,"250,000",villa,yearly,4,6,"1,782 sqft","Indigo Ville 1, JVC District 11, Jumeirah Village Circle (JVC), Dubai",https://www.bayut.com/property/details-13719707.html,250000,250000,4.0,6.0,1782.0
3BR+MAID I INCLUDING BILLS I FULLY FURNISHED,"258,999",villa,yearly,3,4,"1,576 sqft","Yellow Townhouses, JVC District 12, Jumeirah Village Circle (JVC), Dubai",https://www.bayut.com/property/details-13709017.html,258999,258999,3.0,4.0,1576.0
Brand New 1Bed Room Apartment | Prime Location,"79,999",apartment,yearly,1,2,692 sqft,"Binghatti Amber, JVC District 11, Jumeirah Village Circle (JVC), Dubai",https://www.bayut.com/property/details-13719672.html,79999,79999,1.0,2.0,692.0
G+2 | Park Facing | Vacant | Call To View,"189,999",villa,yearly,4,5,"2,878 sqft","Sydney Villas, JVC District 15, Jumeirah Village Circle (JVC), Dubai",https://www.bayut.com/property/details-13731826.html,189999,189999,4.0,5.0,2878.0
Fully Furnished | Spacious | Pool View,"80,000",apartment,yearly,1,2,617 sqft,"Pantheon Elysee III, JVC District 15, Jumeirah Village Circle (JVC), Dubai",https://www.bayut.com/property/details-13731264.html,80000,80000,1.0,2.0,617.0
Spacious | High Floor | Private Pool,"115,000",apartment,yearly,1,2,795 sqft,"Binghatti Phantom, JVC District 17, Jumeirah Village Circle (JVC), Dubai",https://www.bayut.com/property/details-13715467.html,115000,115000,1.0,2.0,795.0
Premium Quality | Brand New 1BR | Private Pool | Prime Building,"110,000",apartment,yearly,1,2,808 sqft,"Binghatti Royale, JVC District 18, Jumeirah Village Circle (JVC), Dubai",https://www.bayut.com/property/details-13711152.html,110000,110000,1.0,2.0,808.0
FURNISHED 1BHK | POOL VIEW | READY TO MOVE,"81,000",apartment,yearly,1,2,798 sqft,"Dar Al Jawhara Residence, JVC District 13, Jumeirah Village Circle (JVC), Dubai",https://www.bayut.com/property/details-13704208.html,81000,81000,1.0,2.0,798.0
Pool view | 1BHK + study | NEW,"125,000",apartment,yearly,1,2,793 sqft,"Oakley Square Residence, JVC District 11, Jumeirah Village Circle (JVC), Dubai",https://www.bayut.com/property/details-13729418.html,125000,125000,1.0,2.0,793.0
Brand New | Exceptional living | Prime Location,"100,000",apartment,yearly,1,2,807 sqft,"Binghatti Royale, JVC District 18, Jumeirah Village Circle (JVC), Dubai",https://www.bayut.com/property/details-13730662.html,100000,100000,1.0,2.0,807.0
Brand New | Park View | Ready To Move In,"99,999",apartment,yearly,1,2,880 sqft,"Luma Park Views, JVC District 14, Jumeirah Village Circle (JVC), Dubai",https://www.bayut.com/property/details-13721317.html,99999,99999,1.0,2.0,880.0
Modern 1BHK | Most Affordable | Road View,"62,999",apartment,yearly,1,2,775 sqft,"Uniestate Prime Tower, JVC District 10, Jumeirah Village Circle (JVC), Dubai",https://www.bayut.com/property/details-13714645.html,62999,62999,1.0,2.0,775.0
Vacant | Immaculate Furnishing | Unobstructed View,"89,995",apartment,yearly,1,2,767 sqft,"Binghatti Crest, JVC District 13, Jumeirah Village Circle (JVC), Dubai",https://www.bayut.com/property/details-13701562.html,89995,89995,1.0,2.0,767.0
Brand New Building | Fully Furnished | Spacious,"100,000",apartment,yearly,1,2,805 sqft,"Pearl House 2, JVC District 12, Jumeirah Village Circle (JVC), Dubai",https://www.bayut.com/property/details-13710591.html,100000,100000,1.0,2.0,805.0
FINAL UNITS | NO COMMISSION | BRAND NEW,"94,000",apartment,yearly,1,2,831 sqft,"The Vybe, JVC District 16, Jumeirah Village Circle (JVC), Dubai",https://www.bayut.com/property/details-13712251.html,94000,94000,1.0,2.0,831.0
1BR Furnished | Dual Views | JVC Deal,"85,000",apartment,yearly,1,1,646 sqft,"Binghatti House, JVC District 10, Jumeirah Village Circle (JVC), Dubai",https://www.bayut.com/property/details-13716109.html,85000,85000,1.0,1.0,646.0
Spacious Apartment I Prime Location I Vacant,"64,999",apartment,yearly,1,2,882 sqft,"May Residence Tower 3, May Residence, JVC District 10, Jumeirah Village Circle (JVC), Dubai",https://www.bayut.com/property/details-13718035.html,64999,64999,1.0,2.0,882.0
Ready to Move | High Floor Unit | Hot Property,"59,999",apartment,yearly,1,2,892 sqft,"The Manhattan, JVC District 10, Jumeirah Village Circle (JVC), Dubai",https://www.bayut.com/property/details-13709833.html,59999,59999,1.0,2.0,892.0
Fully Furnished 1BR | Family-Friendly Community,"80,000",apartment,yearly,1,1,"1,088 sqft","Diamond Views II, JVC District 11, Jumeirah Village Circle (JVC), Dubai",https://www.bayut.com/property/details-13705998.html,80000,80000,1.0,1.0,1088.0
2BHk Apartment | Huge Layout | Prime Location,"109,999",apartment,yearly,2,3,"1,055 sqft","Bloom Heights 1, Bloom Heights, JVC District 15, Jumeirah Village Circle (JVC), Dubai",https://www.bayut.com/property/details-13732878.html,109999,109999,2.0,3.0,1055.0
Spacious 2BR | High Floor | Prime Location,"150,000",apartment,yearly,2,3,"1,422 sqft","Hadley Heights, JVC District 11, Jumeirah Village Circle (JVC), Dubai",https://www.bayut.com/property/details-13728023.html,150000,150000,2.0,3.0,1422.0
BRAND NEW PREMIUM 3BHK,"180,000",apartment,yearly,3,4,"1,968 sqft","La Rose, JVC District 12, Jumeirah Village Circle (JVC), Dubai",https://www.bayut.com/property/details-11943545.html,180000,180000,3.0,4.0,1968.0
Spacious | Fully Fitted Kitchen | Park View,"130,000",apartment,yearly,2,2,"1,401 sqft","Hameni Residence, JVC District 15, Jumeirah Village Circle (JVC), Dubai",https://www.bayut.com/property/details-13711201.html,130000,130000,2.0,2.0,1401.0
Bright & Beautiful | Furnished | 4BR Villa,"220,000",villa,yearly,4,4,"2,753 sqft","JVC District 16, Jumeirah Village Circle (JVC), Dubai",https://www.bayut.com/property/details-13719097.html,220000,220000,4.0,4.0,2753.0
Immaculate Furnishing | Vacant | Unobstructed View,"94,995",apartment,yearly,1,2,732 sqft,"Binghatti Amber, JVC District 11, Jumeirah Village Circle (JVC), Dubai",https://www.bayut.com/property/details-13701532.html,94995,94995,1.0,2.0,732.0
Apartment for rent in Binghatti phoenix,"80,000",apartment,yearly,1,2,826 sqft,"Binghatti Phoenix, JVC District 13, Jumeirah Village Circle (JVC), Dubai",https://www.bayut.com/property/details-13726456.html,80000,80000,1.0,2.0,826.0
1-Bedroom | 791 sq. ft | Open View to JVC Central Park | Binghatti Phantom,"100,000",apartment,yearly,1,2,912 sqft,"Binghatti Phantom, JVC District 17, Jumeirah Village Circle (JVC), Dubai",https://www.bayut.com/property/details-13725312.html,100000,100000,1.0,2.0,912.0
Modern 1BR Apartment in Binghatti Corner| JVC,"80,000",apartment,yearly,1,2,694 sqft,"Binghatti Corner, JVC District 10, Jumeirah Village Circle (JVC), Dubai",https://www.bayut.com/property/details-13719069.html,80000,80000,1.0,2.0,694.0
LARGE TERRACE | NO COMMISSION | BRAND NEW,"98,000",apartment,yearly,1,2,998 sqft,"The Vybe, JVC District 16, Jumeirah Village Circle (JVC), Dubai",https://www.bayut.com/property/details-13712325.html,98000,98000,1.0,2.0,998.0
Spacious 2BR with Separate Storage Room fully Close Kitchen .,"95,000",apartment,yearly,2,3,"1,417 sqft","Lolena Residence, JVC District 12, Jumeirah Village Circle (JVC), Dubai",https://www.bayut.com/property/details-13705280.html,95000,95000,2.0,3.0,1417.0
Modern 3-Bedroom Villa | With Fitted Kitchen I Stylish Finishes - Prime Location,"190,000",villa,yearly,3,5,"2,940 sqft","Alfa Villas, JVC District 13, Jumeirah Village Circle (JVC), Dubai",https://www.bayut.com/property/details-13733361.html,190000,190000,3.0,5.0,2940.0
Exclusive | Prime Unit | Bright | Unfurnished,"200,000",villa,yearly,3,4,"3,465 sqft","Westar La Residencia del Sol, JVC District 10, Jumeirah Village Circle (JVC), Dubai",https://www.bayut.com/property/details-13714564.html,200000,200000,3.0,4.0,3465.0
Brand New Building | High Floor | Vacant,"105,000",apartment,yearly,1,2,802 sqft,"Pearl House by Imtiaz, JVC District 13, Jumeirah Village Circle (JVC), Dubai",https://www.bayut.com/property/details-13731908.html,105000,105000,1.0,2.0,802.0
Prime Location | Huge Layout | Ready to Move-in,"68,000",apartment,yearly,1,2,656 sqft,"Autumn, Seasons Community, JVC District 15, Jumeirah Village Circle (JVC), Dubai",https://www.bayut.com/property/details-13729442.html,68000,68000,1.0,2.0,656.0
Corner Unit | Top Floor | Low Rise,"99,995",apartment,yearly,2,2,939 sqft,"Binghatti Rose, JVC District 15, Jumeirah Village Circle (JVC), Dubai",https://www.bayut.com/property/details-13726026.html,99995,99995,2.0,2.0,939.0
Brand new| Prime Location| Luxury amenities,"80,000",apartment,yearly,1,2,826 sqft,"Binghatti Phoenix, JVC District 13, Jumeirah Village Circle (JVC), Dubai",https://www.bayut.com/property/details-13720798.html,80000,80000,1.0,2.0,826.0
Prime Location | Unique Layout | Spacious,"94,999",apartment,yearly,1,2,802 sqft,"Oakley Square Residence, JVC District 11, Jumeirah Village Circle (JVC), Dubai",https://www.bayut.com/property/details-11931923.html,94999,94999,1.0,2.0,802.0
Brand New| Beautiful Amenities | 1 BED,"90,000",apartment,yearly,1,2,774 sqft,"Harrington House, JVC District 14, Jumeirah Village Circle (JVC), Dubai",https://www.bayut.com/property/details-6572747.html,90000,90000,1.0,2.0,774.0
Huge Layout | Maidroom | Prime Location | Exquisite Finishing,"175,000",villa,yearly,4,6,"1,696 sqft","JVC District 13, Jumeirah Village Circle (JVC), Dubai",https://www.bayut.com/property/details-13729750.html,175000,175000,4.0,6.0,1696.0
Corner Unit | Bright | Spacious,"75,000",apartment,yearly,1,2,814 sqft,"National Bonds Residence, JVC District 15, Jumeirah Village Circle (JVC), Dubai",https://www.bayut.com/property/details-13727313.html,75000,75000,1.0,2.0,814.0
Brand New Furnished Apt | Designer Level Finish,"125,000",apartment,yearly,1,2,803 sqft,"Oakley Square Residence, JVC District 11, Jumeirah Village Circle (JVC), Dubai",https://www.bayut.com/property/details-11910011.html,125000,125000,1.0,2.0,803.0
Spacious 4BHK + Maid’s Room | Luxury Living | Fully Furnished,"260,000",villa,yearly,4,5,"2,018 sqft","Eleganz by Danube, JVC District 14, Jumeirah Village Circle (JVC), Dubai",https://www.bayut.com/property/details-13726982.html,260000,260000,4.0,5.0,2018.0
Modern 1-Bedroom Apartment in Binghatti Corner,"80,000",apartment,yearly,1,2,673 sqft,"Binghatti Corner, JVC District 10, Jumeirah Village Circle (JVC), Dubai",https://www.bayut.com/property/details-13719669.html,80000,80000,1.0,2.0,673.0
Park View | Ready To Move | Book Now,"165,000",villa,yearly,4,5,"1,455 sqft","Summer 2 Block B, Summer, Seasons Community, JVC District 15, Jumeirah Village Circle (JVC), Dubai",https://www.bayut.com/property/details-13734066.html,165000,165000,4.0,5.0,1455.0
Premium Villa For Rent in JVC I Well Maintained I Modern Living,"199,999",villa,yearly,4,6,"1,733 sqft","Sandoval Gardens Villas, JVC District 14, Jumeirah Village Circle (JVC), Dubai",https://www.bayut.com/property/details-13730320.html,199999,199999,4.0,6.0,1733.0
Vacant | Fully Furnished | Large Layout,"95,000",apartment,yearly,1,2,"1,169 sqft","Villa Pera, JVC District 15, Jumeirah Village Circle (JVC), Dubai",https://www.bayut.com/property/details-13726921.html,95000,95000,1.0,2.0,1169.0
Paranomic View | Fully Furnished | High Floor,"75,000",apartment,yearly,1,2,812 sqft,"O2 Tower, JVC District 14, Jumeirah Village Circle (JVC), Dubai",https://www.bayut.com/property/details-13722992.html,75000,75000,1.0,2.0,812.0
3 Bedroom I Pool View I Pristine Condition,"140,000",apartment,yearly,3,2,"1,217 sqft","Binghatti Crest, JVC District 13, Jumeirah Village Circle (JVC), Dubai",https://www.bayut.com/property/details-13710294.html,140000,140000,3.0,2.0,1217.0
4BR Townhouse + Maid | Spacious Layout | Prime Location,"200,000",townhouse,yearly,4,6,"1,734 sqft","Sandoval Gardens Villas, JVC District 14, Jumeirah Village Circle (JVC), Dubai",https://www.bayut.com/property/details-13728754.html,200000,200000,4.0,6.0,1734.0
Fully Furnished | Smart Features | Open Views,"85,000",apartment,yearly,1,2,645 sqft,"Binghatti House, JVC District 10, Jumeirah Village Circle (JVC), Dubai",https://www.bayut.com/property/details-13715506.html,85000,85000,1.0,2.0,645.0
1bhk Apartment | Prime Location | Call Now,"100,000",apartment,yearly,1,2,855 sqft,"Oxford Terraces, JVC District 11, Jumeirah Village Circle (JVC), Dubai",https://www.bayut.com/property/details-13727772.html,100000,100000,1.0,2.0,855.0
Spacious 4BR Family Villa | Prime JVC Location,"190,000",villa,yearly,4,5,"1,734 sqft","Sandoval Lane, JVC District 14, Jumeirah Village Circle (JVC), Dubai",https://www.bayut.com/property/details-13717565.html,190000,190000,4.0,5.0,1734.0
Brand-New | Fully Furnished | Big Size | Best View,"100,000",apartment,yearly,1,2,805 sqft,"Pearl House 2, JVC District 12, Jumeirah Village Circle (JVC), Dubai",https://www.bayut.com/property/details-13709700.html,100000,100000,1.0,2.0,805.0
Premium & Bright 2Bedroom I Comfortable Living I Excellent Location,"100,000",apartment,yearly,2,3,974 sqft,"Sandoval Garden Block B, Sandoval Garden, JVC District 14, Jumeirah Village Circle (JVC), Dubai",https://www.bayut.com/property/details-13715233.html,100000,100000,2.0,3.0,974.0
SUPERIOR 2 BHK SMART HOME WITH MAID's ROOM,"150,000",apartment,yearly,2,3,"2,209 sqft","La Rose, JVC District 12, Jumeirah Village Circle (JVC), Dubai",https://www.bayut.com/property/details-11942288.html,150000,150000,2.0,3.0,2209.0
Ready to Move in | Huge Layout | Community View,"95,000",apartment,yearly,2,2,"1,417 sqft","Lolena Residence, JVC District 12, Jumeirah Village Circle (JVC), Dubai",https://www.bayut.com/property/details-13713037.html,95000,95000,2.0,2.0,1417.0
"Luxury 1BR +Study Apartment with Private Pool in Binghatti Royale, JVC | AED 105,000","105,000",apartment,yearly,1,2,922 sqft,"Binghatti Royale, JVC District 18, Jumeirah Village Circle (JVC), Dubai",https://www.bayut.com/property/details-13704431.html,105000,105000,1.0,2.0,922.0
Vacant L Prime Location L Furnished L Spacious,"169,999",apartment,yearly,3,3,"1,785 sqft","Tower 108, JVC District 18, Jumeirah Village Circle (JVC), Dubai",https://www.bayut.com/property/details-13703398.html,169999,169999,3.0,3.0,1785.0
Fully Furnished | Prime Location | High Floor,"75,000",apartment,yearly,1,2,674 sqft,"DAMAC Ghalia, JVC District 18, Jumeirah Village Circle (JVC), Dubai",https://www.bayut.com/property/details-13703794.html,75000,75000,1.0,2.0,674.0
Well-Lit 2BR Apartment in Jumeirah Village,"90,000",apartment,yearly,2,2,"1,417 sqft","Lolena Residence, JVC District 12, Jumeirah Village Circle (JVC), Dubai",https://www.bayut.com/property/details-13714451.html,90000,90000,2.0,2.0,1417.0
Best Price | Ready To Move | Bright and Spacious,"90,000",apartment,yearly,2,2,"1,018 sqft","Rose 10, JVC District 11, Jumeirah Village Circle (JVC), Dubai",https://www.bayut.com/property/details-13729633.html,90000,90000,2.0,2.0,1018.0
PANORAMIC VIEWS | SPACIOUS 1BR | READY TO MOVE IN,"75,000",apartment,yearly,1,2,925 sqft,"Reef Residence, JVC District 13, Jumeirah Village Circle (JVC), Dubai",https://www.bayut.com/property/details-13711986.html,75000,75000,1.0,2.0,925.0
"Elegant High-Floor 1BR Apartment | Binghatti Crest, Al Barsha South","80,000",apartment,yearly,1,2,736 sqft,"Binghatti Crest, JVC District 13, Jumeirah Village Circle (JVC), Dubai",https://www.bayut.com/property/details-13729232.html,80000,80000,1.0,2.0,736.0
Smart layout | Modern design | Topquality finish,"108,000",apartment,yearly,1,2,796 sqft,"Binghatti Phantom, JVC District 17, Jumeirah Village Circle (JVC), Dubai",https://www.bayut.com/property/details-13710282.html,108000,108000,1.0,2.0,796.0
Ready Unit | High Floor,"120,000",apartment,yearly,1,1,795 sqft,"Binghatti Phantom, JVC District 17, Jumeirah Village Circle (JVC), Dubai",https://www.bayut.com/property/details-13731946.html,120000,120000,1.0,1.0,795.0
Apartment for rent in Binghatti phoenix,"85,000",apartment,yearly,1,2,829 sqft,"Binghatti Phoenix, JVC District 13, Jumeirah Village Circle (JVC), Dubai",https://www.bayut.com/property/details-13726228.html,85000,85000,1.0,2.0,829.0
Modern 5 Bed Townhouse | Brand New | With Basement,"320,000",townhouse,yearly,5,6,"4,500 sqft","JVC District 14, Jumeirah Village Circle (JVC), Dubai",https://www.bayut.com/property/details-13719280.html,320000,320000,5.0,6.0,4500.0
Spacious 4BHK | UnFurnished | Call now,"270,000",villa,yearly,4,6,"2,984 sqft","Shamal Terraces, JVC District 14, Jumeirah Village Circle (JVC), Dubai",https://www.bayut.com/property/details-13714177.html,270000,270000,4.0,6.0,2984.0
Fully Furnished | Stunning 1BHK | Marina views,"105,000",apartment,yearly,1,2,868 sqft,"Westwood Grande by Imtiaz, JVC District 18, Jumeirah Village Circle (JVC), Dubai",https://www.bayut.com/property/details-13719804.html,105000,105000,1.0,2.0,868.0
With Dishwasher | Ready To Move | Spacious,"150,000",apartment,yearly,2,3,"1,101 sqft","Belgravia Square, JVC District 14, Jumeirah Village Circle (JVC), Dubai",https://www.bayut.com/property/details-13708982.html,150000,150000,2.0,3.0,1101.0
Fully Furnished | High Floor | Open View,"85,000",apartment,yearly,1,1,619 sqft,"Binghatti Crest, JVC District 13, Jumeirah Village Circle (JVC), Dubai",https://www.bayut.com/property/details-13708196.html,85000,85000,1.0,1.0,619.0
Spacious unit I Premium amenity I Best pick I Prime location,"99,999",apartment,yearly,1,2,855 sqft,"Oxford Terraces, JVC District 11, Jumeirah Village Circle (JVC), Dubai",https://www.bayut.com/property/details-13729634.html,99999,99999,1.0,2.0,855.0
Brand New // Prime location // Smart Home,"99,999",apartment,yearly,1,2,922 sqft,"Binghatti Royale, JVC District 18, Jumeirah Village Circle (JVC), Dubai",https://www.bayut.com/property/details-13713402.html,99999,99999,1.0,2.0,922.0
Fully Furnished | Great Location | Call Now,"200,000",apartment,yearly,4,4,"3,584 sqft","Villa Pera, JVC District 15, Jumeirah Village Circle (JVC), Dubai",https://www.bayut.com/property/details-13702422.html,200000,200000,4.0,4.0,3584.0
Vacant | Exclusive | Fully Furnished,"130,000",apartment,yearly,2,2,"1,093 sqft","Jumeirah Village Circle (JVC), Dubai",https://www.bayut.com/property/details-13725326.html,130000,130000,2.0,2.0,1093.0
Spacious Unit private pool | 3 BR | Prime Location,"200,000",apartment,yearly,3,4,"2,664 sqft","SH Living 1, JVC District 14, Jumeirah Village Circle (JVC), Dubai",https://www.bayut.com/property/details-13722776.html,200000,200000,3.0,4.0,2664.0
Open View l Excellent Condition l Unfurnished,"75,000",apartment,yearly,1,2,731 sqft,"Bloom Tower C, Bloom Towers, JVC District 10, Jumeirah Village Circle (JVC), Dubai",https://www.bayut.com/property/details-13722502.html,75000,75000,1.0,2.0,731.0
2BHK + Pool | Prime Loccation | Call Now,"134,999",apartment,yearly,2,2,"1,110 sqft","Binghatti House, JVC District 10, Jumeirah Village Circle (JVC), Dubai",https://www.bayut.com/property/details-13721707.html,134999,134999,2.0,2.0,1110.0
ELEGANT 2 BR | EQUIPPED KITCHEN | FLEXIBLE CHEQUES,"114,999",apartment,yearly,2,3,"1,055 sqft","Bloom Heights 1, Bloom Heights, JVC District 15, Jumeirah Village Circle (JVC), Dubai",https://www.bayut.com/property/details-13732488.html,114999,114999,2.0,3.0,1055.0
Community View | Prime Location | Spacious Villa,"270,000",villa,yearly,4,6,"2,983 sqft","Shamal Terraces, JVC District 14, Jumeirah Village Circle (JVC), Dubai",https://www.bayut.com/property/details-13715304.html,270000,270000,4.0,6.0,2983.0
Premium Quality | Fitted Kitchen | Vacant Book Now,"95,000",apartment,yearly,1,2,783 sqft,"Belgravia Square, JVC District 14, Jumeirah Village Circle (JVC), Dubai",https://www.bayut.com/property/details-13712075.html,95000,95000,1.0,2.0,783.0
Fully Furnished | Ready to Move| Luxury Living,"110,000",apartment,yearly,1,2,789 sqft,"Pearl House 2, JVC District 12, Jumeirah Village Circle (JVC), Dubai",https://www.bayut.com/property/details-13704078.html,110000,110000,1.0,2.0,789.0
MULTIPLE CHEQUES OPTION | FULLY FURNISHED | PRIME LOCATION,"70,000",apartment,yearly,1,2,978 sqft,"Emirates Gardens, JVC District 12, Jumeirah Village Circle (JVC), Dubai",https://www.bayut.com/property/details-13693979.html,70000,70000,1.0,2.0,978.0
STYLISH 1BHK APARTMENT | FAMILY BUILDING | FOR RENT AED 75K,"75,000",apartment,yearly,1,1,754 sqft,"Al Amir Residence, JVC District 11, Jumeirah Village Circle (JVC), Dubai",https://www.bayut.com/property/details-13731988.html,75000,75000,1.0,1.0,754.0
Vacant | Fully Furnished | Upgraded Welcome to your new home in the heart of Jumeirah Village Circle! This beautifully furnished 1 bedroom apartment .,"85,000",apartment,yearly,1,2,820 sqft,"Laya Mansion, JVC District 15, Jumeirah Village Circle (JVC), Dubai",https://www.bayut.com/property/details-13730129.html,85000,85000,1.0,2.0,820.0
Spacious 2BR | Elegant Living | Big Layout | Prime Location,"94,999",apartment,yearly,2,3,"1,577 sqft","Mulberry 1, Emirates Gardens 2, JVC District 14, Jumeirah Village Circle (JVC), Dubai",https://www.bayut.com/property/details-13720154.html,94999,94999,2.0,3.0,1577.0
UNFURNISHED | MARINA VIEWS | VACANT,"115,000",apartment,yearly,2,2,982 sqft,"Binghatti Corner, JVC District 10, Jumeirah Village Circle (JVC), Dubai",https://www.bayut.com/property/details-13716562.html,115000,115000,2.0,2.0,982.0
Large Luxury | Villa for Rent | Sydney Villas,"220,000",villa,yearly,4,5,"5,031 sqft","Sydney Villas, JVC District 15, Jumeirah Village Circle (JVC), Dubai",https://www.bayut.com/property/details-13714703.html,220000,220000,4.0,5.0,5031.0
Spacious 4BR Home | Prime JVC District 10 | Family Living,"190,000",villa,yearly,4,5,"1,833 sqft","JVC District 10, Jumeirah Village Circle (JVC), Dubai",https://www.bayut.com/property/details-13723201.html,190000,190000,4.0,5.0,1833.0
Quality Living | Modern Layout | Bright Interiors,"95,000",apartment,yearly,1,2,773 sqft,"Harrington House, JVC District 14, Jumeirah Village Circle (JVC), Dubai",https://www.bayut.com/property/details-13733262.html,95000,95000,1.0,2.0,773.0
Community View | Prime Location | Spacious Villa,"270,000",villa,yearly,4,6,"2,983 sqft","Shamal Terraces, JVC District 14, Jumeirah Village Circle (JVC), Dubai",https://www.bayut.com/property/details-13715461.html,270000,270000,4.0,6.0,2983.0
Community View | Prime Location | Spacious Villa,"200,000",villa,yearly,4,6,"3,371 sqft","Sandoval Lane, JVC District 14, Jumeirah Village Circle (JVC), Dubai",https://www.bayut.com/property/details-13703816.html,200000,200000,4.0,6.0,3371.0
Fully Furnished | High Floor | Multiple Cheques,"85,000",apartment,yearly,1,1,619 sqft,"Binghatti Crest, JVC District 13, Jumeirah Village Circle (JVC), Dubai",https://www.bayut.com/property/details-13710650.html,85000,85000,1.0,1.0,619.0
Spacious 4BR + Maid Villa | Vacant | Prime JVC Location,"179,999",villa,yearly,4,6,"1,632 sqft","Sydney Villas, JVC District 15, Jumeirah Village Circle (JVC), Dubai",https://www.bayut.com/property/details-13717199.html,179999,179999,4.0,6.0,1632.0
Brand New | Fully Furnished | High Floor,"84,999",apartment,yearly,1,2,615 sqft,"The East Crest, JVC District 17, Jumeirah Village Circle (JVC), Dubai",https://www.bayut.com/property/details-13733352.html,84999,84999,1.0,2.0,615.0
Spacious 4BR+Maid | Community View | Prime Location,"200,000",villa,yearly,4,5,"2,336 sqft","Shamal Terraces, JVC District 14, Jumeirah Village Circle (JVC), Dubai",https://www.bayut.com/property/details-13704756.html,200000,200000,4.0,5.0,2336.0
Fullu Upgraded | Spacious Size | Prime Location,"80,000",apartment,yearly,1,2,975 sqft,"Gardenia 1, Emirates Gardens, JVC District 12, Jumeirah Village Circle (JVC), Dubai",https://www.bayut.com/property/details-13692581.html,80000,80000,1.0,2.0,975.0
Ready to Move In | 6 Cheques,"75,000",apartment,yearly,1,2,615 sqft,"The East Crest, JVC District 17, Jumeirah Village Circle (JVC), Dubai",https://www.bayut.com/property/details-13714492.html,75000,75000,1.0,2.0,615.0
Spacious One Bedroom | Open View | Well Maintained,"70,000",apartment,yearly,1,2,825 sqft,"Reef Residence, JVC District 13, Jumeirah Village Circle (JVC), Dubai",https://www.bayut.com/property/details-13724910.html,70000,70000,1.0,2.0,825.0
Luxury Duplex 1 Bedroom | Fully Furnished | Premium Design,"77,000",apartment,yearly,1,2,771 sqft,"Shamal Residences 2, Shamal Residences, JVC District 14, Jumeirah Village Circle (JVC), Dubai",https://www.bayut.com/property/details-13715442.html,77000,77000,1.0,2.0,771.0
Chiller Free | Spacious | Vacant Unit,"70,000",apartment,yearly,1,2,921 sqft,"Pantheon Boulevard, JVC District 13, Jumeirah Village Circle (JVC), Dubai",https://www.bayut.com/property/details-13701793.html,70000,70000,1.0,2.0,921.0
The ideal family retreat I With maids room I Prime location,"225,000",villa,yearly,4,5,"2,704 sqft","Iris Park, JVC District 15, Jumeirah Village Circle (JVC), Dubai",https://www.bayut.com/property/details-13718400.html,225000,225000,4.0,5.0,2704.0
Ready To Move | Modern Finishing | Unfurnished,"92,000",apartment,yearly,1,2,996 sqft,"Serenity Lakes 5, JVC District 10, Jumeirah Village Circle (JVC), Dubai",https://www.bayut.com/property/details-13717257.html,92000,92000,1.0,2.0,996.0
"Binghatti Phantom, Jumeirah Village Circle,Dubai","109,990",apartment,yearly,1,2,796 sqft,"Binghatti Phantom, JVC District 17, Jumeirah Village Circle (JVC), Dubai",https://www.bayut.com/property/details-13709818.html,109990,109990,1.0,2.0,796.0
3 BHK + Maid Room | Fully Renovated | Vacant,"120,000",apartment,yearly,3,3,"1,277 sqft","Al Amir Residence, JVC District 11, Jumeirah Village Circle (JVC), Dubai",https://www.bayut.com/property/details-13706798.html,120000,120000,3.0,3.0,1277.0
Modern Living in JVC | 1BR | Belgravia Heights 1,"80,000",apartment,yearly,1,2,811 sqft,"Belgravia Heights 1, JVC District 12, Jumeirah Village Circle (JVC), Dubai",https://www.bayut.com/property/details-13720844.html,80000,80000,1.0,2.0,811.0
Elegant 1 BR | Fully Renovated | Prime Location,"75,000",apartment,yearly,1,2,588 sqft,"Al Amir Residence, JVC District 11, Jumeirah Village Circle (JVC), Dubai",https://www.bayut.com/property/details-13713988.html,75000,75000,1.0,2.0,588.0
Apartment for Rent in Binghatti Phoenix – Brand new | Modern Design | Prime Location,"100,000",apartment,yearly,1,2,766 sqft,"Binghatti Phoenix, JVC District 13, Jumeirah Village Circle (JVC), Dubai",https://www.bayut.com/property/details-13700415.html,100000,100000,1.0,2.0,766.0
Live the High Life | Elegant 2BR |Luxury Amenities,"110,000",apartment,yearly,2,3,"1,329 sqft","Alpha Green Tower, JVC District 12, Jumeirah Village Circle (JVC), Dubai",https://www.bayut.com/property/details-13728450.html,110000,110000,2.0,3.0,1329.0
Furnished | Well Maintained | Prime Location,"89,995",apartment,yearly,1,2,825 sqft,"Binghatti Crescent, JVC District 11, Jumeirah Village Circle (JVC), Dubai",https://www.bayut.com/property/details-13718343.html,89995,89995,1.0,2.0,825.0
Furnished | Vacant | Spacious Layout,"74,999",apartment,yearly,1,2,"1,009 sqft","Magnolia 2, Emirates Gardens 2, JVC District 14, Jumeirah Village Circle (JVC), Dubai",https://www.bayut.com/property/details-13711351.html,74999,74999,1.0,2.0,1009.0
2 bhk Apartment | with best ammenities | Road view,"92,000",apartment,yearly,2,3,"1,245 sqft","Continents Tower, JVC District 13, Jumeirah Village Circle (JVC), Dubai",https://www.bayut.com/property/details-13734446.html,92000,92000,2.0,3.0,1245.0
Spacious unit with closed kitchen I Premium finishing I Best pick,"90,000",apartment,yearly,2,2,"1,019 sqft","Rose 10, JVC District 11, Jumeirah Village Circle (JVC), Dubai",https://www.bayut.com/property/details-13734350.html,90000,90000,2.0,2.0,1019.0
VACANT | Brand New | Maids Room,"200,000",apartment,yearly,2,2,"1,221 sqft","H Three By Aurora, JVC District 11, Jumeirah Village Circle (JVC), Dubai",https://www.bayut.com/property/details-13726159.html,200000,200000,2.0,2.0,1221.0
BRAND NEW 3BHK | 3 PARKING | NEAR MALL,"205,000",apartment,yearly,3,3,"1,671 sqft","H Three By Aurora, JVC District 11, Jumeirah Village Circle (JVC), Dubai",https://www.bayut.com/property/details-13720125.html,205000,205000,3.0,3.0,1671.0
Vacant and Ready | Unique Layout | Chiller Free,"70,000",apartment,yearly,1,2,953 sqft,"Pantheon Boulevard, JVC District 13, Jumeirah Village Circle (JVC), Dubai",https://www.bayut.com/property/details-13712962.html,70000,70000,1.0,2.0,953.0
Spacious Fully renovated and Luxury Furnished 1bhk available near Circle Mall with 1 paymnet,"80,000",apartment,yearly,1,1,"1,088 sqft","Diamond Views II, JVC District 11, Jumeirah Village Circle (JVC), Dubai",https://www.bayut.com/property/details-13693708.html,80000,80000,1.0,1.0,1088.0
Great view | Vacant soon | Fully Furnished,"105,000",apartment,yearly,1,2,867 sqft,"Westwood Grande by Imtiaz, JVC District 18, Jumeirah Village Circle (JVC), Dubai",https://www.bayut.com/property/details-13719600.html,105000,105000,1.0,2.0,867.0
READY TO MOVE | BIGGER LAYOUT | POOL VIEW,"74,999",apartment,yearly,1,2,894 sqft,"Fortunato, JVC District 11, Jumeirah Village Circle (JVC), Dubai",https://www.bayut.com/property/details-13712113.html,74999,74999,1.0,2.0,894.0
POOL VIEW | SPACIOUS UNIT | VACANT,"90,000",apartment,yearly,1,2,798 sqft,"Binghatti Phoenix, JVC District 13, Jumeirah Village Circle (JVC), Dubai",https://www.bayut.com/property/details-13705015.html,90000,90000,1.0,2.0,798.0
Spacious 3BED+Maids | Fully Furnished | Ready To Move,"150,000",apartment,yearly,3,4,"1,991 sqft","Roxana Residence C, Roxana Residences, JVC District 12, Jumeirah Village Circle (JVC), Dubai",https://www.bayut.com/property/details-13704541.html,150000,150000,3.0,4.0,1991.0
Spacious 1BHK | Chiller Free | Prime JVC Location,"65,000",apartment,yearly,1,1,725 sqft,"Diamond Views III, JVC District 11, Jumeirah Village Circle (JVC), Dubai",https://www.bayut.com/property/details-13704081.html,65000,65000,1.0,1.0,725.0
FURNISHED 1BR,"100,000",apartment,yearly,1,2,574 sqft,"Binghatti Venus, JVC District 13, Jumeirah Village Circle (JVC), Dubai",https://www.bayut.com/property/details-13734775.html,100000,100000,1.0,2.0,574.0
1 Bedroom | Spacious | Fully Furnished,"84,990",apartment,yearly,1,2,668 sqft,"Binghatti Emerald, JVC District 15, Jumeirah Village Circle (JVC), Dubai",https://www.bayut.com/property/details-13726329.html,84990,84990,1.0,2.0,668.0
Modern Interiors | Pool View | Fully Furnished 3BR,"185,000",apartment,yearly,3,3,"1,461 sqft","Beverly Residence, JVC District 13, Jumeirah Village Circle (JVC), Dubai",https://www.bayut.com/property/details-13715793.html,185000,185000,3.0,3.0,1461.0
High Floor | Fully Furnished | Pool View,"100,000",apartment,yearly,2,2,"1,164 sqft","Tower 108, JVC District 18, Jumeirah Village Circle (JVC), Dubai",https://www.bayut.com/property/details-13708568.html,100000,100000,2.0,2.0,1164.0
Brand New | Furnished | Internal View,"109,995",apartment,yearly,1,2,759 sqft,"Pearl House 2, JVC District 12, Jumeirah Village Circle (JVC), Dubai",https://www.bayut.com/property/details-13701684.html,109995,109995,1.0,2.0,759.0
Higher Floor - Semi Closed Kitchen - Flexible Payment,"68,000",apartment,yearly,1,2,787 sqft,"Continents Tower, JVC District 13, Jumeirah Village Circle (JVC), Dubai",https://www.bayut.com/property/details-13732868.html,68000,68000,1.0,2.0,787.0
Spacious 1BR | Mid Floor | Prime JVC Location,"75,000",apartment,yearly,1,2,697 sqft,"Pantheon Elysee I, JVC District 13, Jumeirah Village Circle (JVC), Dubai",https://www.bayut.com/property/details-13733843.html,75000,75000,1.0,2.0,697.0
FULLY FURNISHED | POOL VIEW | READY TO MOVE IN,"85,000",apartment,yearly,1,2,825 sqft,"G24 Tower, JVC District 11, Jumeirah Village Circle (JVC), Dubai",https://www.bayut.com/property/details-13729656.html,85000,85000,1.0,2.0,825.0
Elegant Urban Living I Fitted Kitchen I Amazing Amenities,"69,000",apartment,yearly,1,2,837 sqft,"Imperial Tower, JVC District 17, Jumeirah Village Circle (JVC), Dubai",https://www.bayut.com/property/details-13723699.html,69000,69000,1.0,2.0,837.0
Apartment for Rent in Binghatti Phoenix – Pool view | Modern Design | Prime Location,"95,000",apartment,yearly,1,2,799 sqft,"Binghatti Phoenix, JVC District 13, Jumeirah Village Circle (JVC), Dubai",https://www.bayut.com/property/details-13699811.html,95000,95000,1.0,2.0,799.0
Spacious | Park View | Unfurnished | Ready to Move,"90,000",apartment,yearly,1,2,942 sqft,"Hameni Residence, JVC District 15, Jumeirah Village Circle (JVC), Dubai",https://www.bayut.com/property/details-13711566.html,90000,90000,1.0,2.0,942.0
Vacant | Furnished | Prime Location,"100,000",apartment,yearly,2,2,939 sqft,"Binghatti Rose, JVC District 15, Jumeirah Village Circle (JVC), Dubai",https://www.bayut.com/property/details-13704578.html,100000,100000,2.0,2.0,939.0
"Spacious Modern Villa for Rent | Ready to Move | 1,631.92 Sqft | JVC","190,000",villa,yearly,4,5,"1,632 sqft","Sydney Villas, JVC District 15, Jumeirah Village Circle (JVC), Dubai",https://www.bayut.com/property/details-13714917.html,190000,190000,4.0,5.0,1632.0
Park View | Luxury Living | Brand New Unit,"100,000",apartment,yearly,1,2,803 sqft,"Luma Park Views, JVC District 14, Jumeirah Village Circle (JVC), Dubai",https://www.bayut.com/property/details-13700830.html,100000,100000,1.0,2.0,803.0
MODERN 1BHK | LARGE LAYOUT | CALL NOW,"74,000",apartment,yearly,1,2,905 sqft,"AAA Residence, JVC District 13, Jumeirah Village Circle (JVC), Dubai",https://www.bayut.com/property/details-13723024.html,74000,74000,1.0,2.0,905.0
Premium 4BR Villa | Landscaped Garden | Single Row,"280,000",villa,yearly,4,5,"6,836 sqft","District 16M, JVC District 16, Jumeirah Village Circle (JVC), Dubai",https://www.bayut.com/property/details-13715343.html,280000,280000,4.0,5.0,6836.0
Park View | Private Pool | Vacant | Move-in Ready,"105,000",apartment,yearly,1,2,796 sqft,"Binghatti Phantom, JVC District 17, Jumeirah Village Circle (JVC), Dubai",https://www.bayut.com/property/details-13707405.html,105000,105000,1.0,2.0,796.0
Fully Furnished | Premium Quality | Prime Location,"70,000",apartment,yearly,1,2,677 sqft,"Tower 108, JVC District 18, Jumeirah Village Circle (JVC), Dubai",https://www.bayut.com/property/details-13682640.html,70000,70000,1.0,2.0,677.0
VACANT | BRAND NEW | FULLY FURNISHED | SPACIOUS LAY OUT,"100,000",apartment,yearly,1,2,785 sqft,"Binghatti Aurora, JVC District 12, Jumeirah Village Circle (JVC), Dubai",https://www.bayut.com/property/details-13704666.html,100000,100000,1.0,2.0,785.0
4BHK + Maid | Spacious | Ready to Move,"199,999",villa,yearly,4,5,"1,733 sqft","Sandoval Gardens Villas, JVC District 14, Jumeirah Village Circle (JVC), Dubai",https://www.bayut.com/property/details-13727583.html,199999,199999,4.0,5.0,1733.0
Spacious Apartment Good layout One Bed Room Available,"75,000",apartment,yearly,1,1,713 sqft,"SH Living 1, JVC District 14, Jumeirah Village Circle (JVC), Dubai",https://www.bayut.com/property/details-13720303.html,75000,75000,1.0,1.0,713.0
Spacious Apartment One Bed Room Available,"70,000",apartment,yearly,1,2,754 sqft,"Rose 10, JVC District 11, Jumeirah Village Circle (JVC), Dubai",https://www.bayut.com/property/details-13718572.html,70000,70000,1.0,2.0,754.0
2 Beds | Community View | Near JSS School,"110,000",apartment,yearly,2,3,"1,352 sqft","Le Grand Chateau C, Le Grand Chateau, JVC District 10, Jumeirah Village Circle (JVC), Dubai",https://www.bayut.com/property/details-13716823.html,110000,110000,2.0,3.0,1352.0
Bright Unit | Vacant | Well Maintained | Multiple options available,"74,999",apartment,yearly,1,2,925 sqft,"Reef Residence, JVC District 13, Jumeirah Village Circle (JVC), Dubai",https://www.bayut.com/property/details-13687325.html,74999,74999,1.0,2.0,925.0
Modern Living in JVC I Bright & Spacious I With Great Amenities,"64,000",apartment,yearly,1,2,892 sqft,"The Manhattan, JVC District 10, Jumeirah Village Circle (JVC), Dubai",https://www.bayut.com/property/details-13701913.html,64000,64000,1.0,2.0,892.0
Kitchen Appliances | Spacious Size | High Floor,"74,999",apartment,yearly,1,2,930 sqft,"Aurion Residence, JVC District 10, Jumeirah Village Circle (JVC), Dubai",https://www.bayut.com/property/details-11933530.html,74999,74999,1.0,2.0,930.0
HUGE LAYOUT | READY TO MOVE | MAIDS ROOM,"310,000",villa,yearly,4,5,"2,124 sqft","Hyati Residence, JVC District 14, Jumeirah Village Circle (JVC), Dubai",https://www.bayut.com/property/details-11899839.html,310000,310000,4.0,5.0,2124.0
Luxury 1BR Apartment | Binghatti Royale,"120,000",apartment,yearly,1,1,807 sqft,"Binghatti Royale, JVC District 18, Jumeirah Village Circle (JVC), Dubai",https://www.bayut.com/property/details-13721574.html,120000,120000,1.0,1.0,807.0
Fully Furnished | Vacant NOW | Spacious Layout,"85,000",apartment,yearly,1,2,757 sqft,"DAMAC Ghalia, JVC District 18, Jumeirah Village Circle (JVC), Dubai",https://www.bayut.com/property/details-13732831.html,85000,85000,1.0,2.0,757.0
Spacious Apartment Available For Rent,"77,000",apartment,yearly,1,1,817 sqft,"SH Living 1, JVC District 14, Jumeirah Village Circle (JVC), Dubai",https://www.bayut.com/property/details-13720364.html,77000,77000,1.0,1.0,817.0
Four (4) Bedroom Furnished Villa for Rent >>> a Prime Residential Spacious in Al Barsha Fourth - Dubai,"180,000",villa,yearly,4,4,"2,100 sqft","JVC District 13, Jumeirah Village Circle (JVC), Dubai",https://www.bayut.com/property/details-13709794.html,180000,180000,4.0,4.0,2100.0
Contemporary 1-Bed Apartment in JVC,"85,000",apartment,yearly,1,1,782 sqft,"Oxford Residence, JVC District 13, Jumeirah Village Circle (JVC), Dubai",https://www.bayut.com/property/details-13696527.html,85000,85000,1.0,1.0,782.0
Brand New | Prime Location | Ready to Move,"140,000",apartment,yearly,2,3,"1,439 sqft","Westview Garden, JVC District 15, Jumeirah Village Circle (JVC), Dubai",https://www.bayut.com/property/details-13712308.html,140000,140000,2.0,3.0,1439.0
Elegant 1 BR | Fully Renovated | Prime Location,"75,000",apartment,yearly,1,2,754 sqft,"Al Amir Residence, JVC District 11, Jumeirah Village Circle (JVC), Dubai",https://www.bayut.com/property/details-13705829.html,75000,75000,1.0,2.0,754.0
Spacious Unit | Huge Layout | Prime Location,"64,999",apartment,yearly,1,2,728 sqft,"Central Park Tower, JVC District 12, Jumeirah Village Circle (JVC), Dubai",https://www.bayut.com/property/details-13719713.html,64999,64999,1.0,2.0,728.0
1 bhk Apartment | with best ammenities | Call Now,"62,999",apartment,yearly,1,2,593 sqft,"Central Park Tower, JVC District 12, Jumeirah Village Circle (JVC), Dubai",https://www.bayut.com/property/details-13719480.html,62999,62999,1.0,2.0,593.0
Community View | Prime Location | Spacious Unit,"64,999",apartment,yearly,1,2,737 sqft,"Central Park Tower, JVC District 12, Jumeirah Village Circle (JVC), Dubai",https://www.bayut.com/property/details-13719368.html,64999,64999,1.0,2.0,737.0
Fully Furnished | Great Location | Call Now,"170,000",apartment,yearly,2,4,"1,739 sqft","Eleganz by Danube, JVC District 14, Jumeirah Village Circle (JVC), Dubai",https://www.bayut.com/property/details-13715073.html,170000,170000,2.0,4.0,1739.0
Pool View | Modern | Fully Fitted With Dishwasher,"140,000",apartment,yearly,2,2,998 sqft,"Harrington House, JVC District 14, Jumeirah Village Circle (JVC), Dubai",https://www.bayut.com/property/details-13713911.html,140000,140000,2.0,2.0,998.0
Modern | Pool View | Unfurnished | Vacant,"175,000",apartment,yearly,3,4,"1,960 sqft","Park Corner, JVC District 13, Jumeirah Village Circle (JVC), Dubai",https://www.bayut.com/property/details-13710343.html,175000,175000,3.0,4.0,1960.0
Spacious 1BR | Fully Furnished | Near to Circle Mall | Monthly 7.5K with Bills,"79,990",apartment,yearly,1,2,795 sqft,"Fortunato, JVC District 11, Jumeirah Village Circle (JVC), Dubai",https://www.bayut.com/property/details-13678387.html,79990,79990,1.0,2.0,795.0
FULLY FURNISHED| PRIVATE POOL| LUXURY,"150,000",apartment,yearly,2,2,"1,112 sqft","Binghatti House, JVC District 10, Jumeirah Village Circle (JVC), Dubai",https://www.bayut.com/property/details-13715650.html,150000,150000,2.0,2.0,1112.0
Spacious Villa | Premium Community | Vacant Now,"245,000",villa,yearly,4,5,"4,128 sqft","Indigo Ville 3, JVC District 13, Jumeirah Village Circle (JVC), Dubai",https://www.bayut.com/property/details-13715630.html,245000,245000,4.0,5.0,4128.0
Luxury 1BR | Spacious | Well- Maintained,"65,000",apartment,yearly,1,2,739 sqft,"Sandoval Garden Block A, Sandoval Garden, JVC District 14, Jumeirah Village Circle (JVC), Dubai",https://www.bayut.com/property/details-13715522.html,65000,65000,1.0,2.0,739.0
COMMUNITY VIEW I MODERN 4BR I READY TO MOVE,"224,999",villa,yearly,4,5,"2,704 sqft","Iris Park, JVC District 15, Jumeirah Village Circle (JVC), Dubai",https://www.bayut.com/property/details-13710380.html,224999,224999,4.0,5.0,2704.0
Reef Residence 1-BHK | 825 Sq. Ft | Community View,"70,000",apartment,yearly,1,2,825 sqft,"Reef Residence, JVC District 13, Jumeirah Village Circle (JVC), Dubai",https://www.bayut.com/property/details-13710244.html,70000,70000,1.0,2.0,825.0
One Bedroom apartment Available | Unfurnished | Barsha View,"69,999",apartment,yearly,1,2,739 sqft,"Al Amir Residence, JVC District 11, Jumeirah Village Circle (JVC), Dubai",https://www.bayut.com/property/details-13707276.html,69999,69999,1.0,2.0,739.0
Pool View| High Floor| Exclusive,"80,000",apartment,yearly,1,2,666 sqft,"Binghatti Venus, JVC District 13, Jumeirah Village Circle (JVC), Dubai",https://www.bayut.com/property/details-13705253.html,80000,80000,1.0,2.0,666.0
Pool View | Smart home | Luxury Apartment,"84,999",apartment,yearly,1,2,659 sqft,"Binghatti Emerald, JVC District 15, Jumeirah Village Circle (JVC), Dubai",https://www.bayut.com/property/details-13703694.html,84999,84999,1.0,2.0,659.0
Luxury Finishing 3 Bed For Rent I Bright & Spacious I Move In Now,"179,999",apartment,yearly,3,4,"1,968 sqft","La Rose, JVC District 12, Jumeirah Village Circle (JVC), Dubai",https://www.bayut.com/property/details-11910654.html,179999,179999,3.0,4.0,1968.0
High floor | Fully Furnished | Community View,"80,000",apartment,yearly,1,2,750 sqft,"DAMAC Ghalia, JVC District 18, Jumeirah Village Circle (JVC), Dubai",https://www.bayut.com/property/details-13717767.html,80000,80000,1.0,2.0,750.0
Elegant 1BR | Fully Renovated | Prime Location,"70,000",apartment,yearly,1,2,740 sqft,"Al Amir Residence, JVC District 11, Jumeirah Village Circle (JVC), Dubai",https://www.bayut.com/property/details-13708613.html,70000,70000,1.0,2.0,740.0
Apartment for Rent in Binghatti Phoenix – Brand new | Modern Design | Prime Location,"88,000",apartment,yearly,1,2,797 sqft,"Binghatti Phoenix, JVC District 13, Jumeirah Village Circle (JVC), Dubai",https://www.bayut.com/property/details-13699936.html,88000,88000,1.0,2.0,797.0
Fully Furnished | Spacious | Prime Location,"95,000",apartment,yearly,2,3,"1,128 sqft","DAMAC Ghalia, JVC District 18, Jumeirah Village Circle (JVC), Dubai",https://www.bayut.com/property/details-13685966.html,95000,95000,2.0,3.0,1128.0
Exquisite 1BHK | Furnished | Maid's Room,"160,000",apartment,yearly,1,2,"1,455 sqft","Hyati Avenue, JVC District 14, Jumeirah Village Circle (JVC), Dubai",https://www.bayut.com/property/details-13703912.html,160000,160000,1.0,2.0,1455.0
Immaculate Furniture | Unobstructed View | Vacant,"89,995",apartment,yearly,1,2,646 sqft,"Binghatti Emerald, JVC District 15, Jumeirah Village Circle (JVC), Dubai",https://www.bayut.com/property/details-13701609.html,89995,89995,1.0,2.0,646.0
Ultra Luxury Villa | 5030 sq. ft | Prime Community,"220,000",villa,yearly,4,5,"5,030 sqft","Sydney Villas, JVC District 15, Jumeirah Village Circle (JVC), Dubai",https://www.bayut.com/property/details-13695772.html,220000,220000,4.0,5.0,5030.0
Luxury High Floor Home | Private Pool | Marina View,"130,000",apartment,yearly,2,2,"1,111 sqft","Binghatti House, JVC District 10, Jumeirah Village Circle (JVC), Dubai",https://www.bayut.com/property/details-13718126.html,130000,130000,2.0,2.0,1111.0
Brand New | Spacious Apartment | Near JVC Exit,"90,000",apartment,yearly,1,2,793 sqft,"Westview Garden, JVC District 15, Jumeirah Village Circle (JVC), Dubai",https://www.bayut.com/property/details-13714269.html,90000,90000,1.0,2.0,793.0
Spacious 1BHK | Massive Layout | Call Now,"90,000",apartment,yearly,1,2,774 sqft,"Harrington House, JVC District 14, Jumeirah Village Circle (JVC), Dubai",https://www.bayut.com/property/details-13708891.html,90000,90000,1.0,2.0,774.0
Private Pool | Store Room | High Floor,"104,999",apartment,yearly,1,2,795 sqft,"Binghatti Phantom, JVC District 17, Jumeirah Village Circle (JVC), Dubai",https://www.bayut.com/property/details-13697545.html,104999,104999,1.0,2.0,795.0
Pool Included | Fully Furnished | Brand New,"120,000",apartment,yearly,1,2,808 sqft,"Binghatti Royale, JVC District 18, Jumeirah Village Circle (JVC), Dubai",https://www.bayut.com/property/details-13730029.html,120000,120000,1.0,2.0,808.0
Fully Furnished 1BR | Huge Layout | Great Community,"70,000",apartment,yearly,1,2,975 sqft,"Maple 1, Emirates Gardens 2, JVC District 14, Jumeirah Village Circle (JVC), Dubai",https://www.bayut.com/property/details-13715769.html,70000,70000,1.0,2.0,975.0
Fully Furnished | Great Location | Call Now,"170,000",apartment,yearly,2,4,"1,739 sqft","Eleganz by Danube, JVC District 14, Jumeirah Village Circle (JVC), Dubai",https://www.bayut.com/property/details-13714928.html,170000,170000,2.0,4.0,1739.0
2BHK+Storage | With Laundry | Vacant,"113,000",apartment,yearly,2,2,"1,509 sqft","Al Naim Residence, JVC District 10, Jumeirah Village Circle (JVC), Dubai",https://www.bayut.com/property/details-13706563.html,113000,113000,2.0,2.0,1509.0
Vacant | Skyline Views | Stunning 3BHK,"135,000",apartment,yearly,3,3,"1,359 sqft","Binghatti Heights, JVC District 10, Jumeirah Village Circle (JVC), Dubai",https://www.bayut.com/property/details-13726325.html,135000,135000,3.0,3.0,1359.0
SPACIOUS UNIT | FITTED KITCHEN | LAUNDRY ROOM,"77,000",apartment,yearly,1,1,817 sqft,"SH Living 1, JVC District 14, Jumeirah Village Circle (JVC), Dubai",https://www.bayut.com/property/details-13717552.html,77000,77000,1.0,1.0,817.0
Unfurnished | Spacious Layout | Balcony | Vacant,"100,000",apartment,yearly,2,3,"1,163 sqft","Park Corner, JVC District 13, Jumeirah Village Circle (JVC), Dubai",https://www.bayut.com/property/details-13712455.html,100000,100000,2.0,3.0,1163.0
Fully Furnished 1 Bed | Brand New | Mid Floor,"87,000",apartment,yearly,1,2,615 sqft,"The East Crest, JVC District 17, Jumeirah Village Circle (JVC), Dubai",https://www.bayut.com/property/details-13709139.html,87000,87000,1.0,2.0,615.0
1 bhk Apartment | with best ammenities | Marina View,"118,000",apartment,yearly,2,2,"1,146 sqft","Binghatti Heights, JVC District 10, Jumeirah Village Circle (JVC), Dubai",https://www.bayut.com/property/details-13732442.html,118000,118000,2.0,2.0,1146.0
Brand View | Community View | Ready to Move,"85,000",apartment,yearly,1,1,743 sqft,"Binghatti Phoenix, JVC District 13, Jumeirah Village Circle (JVC), Dubai",https://www.bayut.com/property/details-13723585.html,85000,85000,1.0,1.0,743.0
Modern 2BR Apartment | Family-Friendly | Oxford Residence,"156,999",apartment,yearly,2,3,"1,080 sqft","Oxford Residence, JVC District 13, Jumeirah Village Circle (JVC), Dubai",https://www.bayut.com/property/details-13709430.html,156999,156999,2.0,3.0,1080.0
Community View | Fully Furnished | Best Amenities,"90,000",apartment,yearly,1,1,631 sqft,"Binghatti Onyx, JVC District 15, Jumeirah Village Circle (JVC), Dubai",https://www.bayut.com/property/details-13706932.html,90000,90000,1.0,1.0,631.0
Spacious 1BR | Luxury Living | Prime JVC Location,"120,000",apartment,yearly,1,2,995 sqft,"Luma Park Views, JVC District 14, Jumeirah Village Circle (JVC), Dubai",https://www.bayut.com/property/details-13702702.html,120000,120000,1.0,2.0,995.0
URGENTLY RENT | PRIME 2BR IN JVC | BEST PRICE,"95,000",apartment,yearly,2,2,"1,027 sqft","Venus 1, JVC District 12, Jumeirah Village Circle (JVC), Dubai",https://www.bayut.com/property/details-13730852.html,95000,95000,2.0,2.0,1027.0
Vacant | Skyline Views | Stunning 3BHK,"135,000",apartment,yearly,3,3,"1,359 sqft","Binghatti Heights, JVC District 10, Jumeirah Village Circle (JVC), Dubai",https://www.bayut.com/property/details-13726326.html,135000,135000,3.0,3.0,1359.0
SPACIOUS LAYOUT | PRIME LOCATION | GREAT AMENITIES,"250,000",villa,yearly,3,5,"1,455 sqft","Mirabella 7, JVC District 12, Jumeirah Village Circle (JVC), Dubai",https://www.bayut.com/property/details-13720446.html,250000,250000,3.0,5.0,1455.0
Well Maintained Affordable 1 bed,"70,000",apartment,yearly,1,2,754 sqft,"Rose 10, JVC District 11, Jumeirah Village Circle (JVC), Dubai",https://www.bayut.com/property/details-13718760.html,70000,70000,1.0,2.0,754.0
Vacant | Unfurnished | Balcony | Spacious,"92,000",apartment,yearly,1,2,"1,257 sqft","Park Corner, JVC District 13, Jumeirah Village Circle (JVC), Dubai",https://www.bayut.com/property/details-13711933.html,92000,92000,1.0,2.0,1257.0
Fitted Kitchen | Community View | Spacious Layout,"125,000",apartment,yearly,2,2,"1,189 sqft","Marwa Heights, JVC District 15, Jumeirah Village Circle (JVC), Dubai",https://www.bayut.com/property/details-13690276.html,125000,125000,2.0,2.0,1189.0
High Floor | Brand New Unit | Open View | Area Experts,"115,000",apartment,yearly,1,2,789 sqft,"Pearl House 2, JVC District 12, Jumeirah Village Circle (JVC), Dubai",https://www.bayut.com/property/details-13683418.html,115000,115000,1.0,2.0,789.0
URGENTLY RENT | PRIME 1BR IN JVC | BEST PRICE,"65,000",apartment,yearly,1,2,630 sqft,"Venus 1, JVC District 12, Jumeirah Village Circle (JVC), Dubai",https://www.bayut.com/property/details-13730621.html,65000,65000,1.0,2.0,630.0
Spacious | Huge Layout | Prime Location,"75,000",apartment,yearly,1,2,713 sqft,"SH Living 1, JVC District 14, Jumeirah Village Circle (JVC), Dubai",https://www.bayut.com/property/details-13719989.html,75000,75000,1.0,2.0,713.0
Spacious Layout | Big Plot | Private Garden,"278,999",villa,yearly,4,4,"6,837 sqft","District 16M, JVC District 16, Jumeirah Village Circle (JVC), Dubai",https://www.bayut.com/property/details-13702665.html,278999,278999,4.0,4.0,6837.0
Ready To Move | Brand New Building | 2BHK+Maid,"165,000",apartment,yearly,2,3,"1,237 sqft","H Three By Aurora, JVC District 11, Jumeirah Village Circle (JVC), Dubai",https://www.bayut.com/property/details-11912175.html,165000,165000,2.0,3.0,1237.0
Spacious Layout | kitchen appliances| Brand new,"70,999",apartment,yearly,1,2,912 sqft,"Imperial Tower, JVC District 17, Jumeirah Village Circle (JVC), Dubai",https://www.bayut.com/property/details-13710643.html,70999,70999,1.0,2.0,912.0
2Br+Maid | G+1 | Prime Location | Call Now,"160,000",villa,yearly,2,4,"2,100 sqft","Diamond Views 1 Villas A, JVC District 14, Jumeirah Village Circle (JVC), Dubai",https://www.bayut.com/property/details-13709302.html,160000,160000,2.0,4.0,2100.0
Spacious 1BR | Move In Ready | All Amenities,"90,000",apartment,yearly,1,2,774 sqft,"Harrington House, JVC District 14, Jumeirah Village Circle (JVC), Dubai",https://www.bayut.com/property/details-13707283.html,90000,90000,1.0,2.0,774.0
BRAND NEW 1BHK | BIG LAYOUT | NEAR MALL,"112,000",apartment,yearly,1,2,824 sqft,"H Three By Aurora, JVC District 11, Jumeirah Village Circle (JVC), Dubai",https://www.bayut.com/property/details-13719806.html,112000,112000,1.0,2.0,824.0
Huge Balcony | Road View | Prime Location,"130,000",apartment,yearly,2,3,"1,224 sqft","Binghatti Tulip, JVC District 11, Jumeirah Village Circle (JVC), Dubai",https://www.bayut.com/property/details-13719260.html,130000,130000,2.0,3.0,1224.0
SEMI FURNISHED | READY TO MOVE | SPACIOUS LAYOUT,"89,999",apartment,yearly,2,2,"1,230 sqft","Fortunato, JVC District 11, Jumeirah Village Circle (JVC), Dubai",https://www.bayut.com/property/details-13712224.html,89999,89999,2.0,2.0,1230.0
WELL MAINTAINED 2BED Yearly Lease,"90,000",apartment,yearly,2,2,"1,128 sqft","Rose 10, JVC District 11, Jumeirah Village Circle (JVC), Dubai",https://www.bayut.com/property/details-13718892.html,90000,90000,2.0,2.0,1128.0
"Spacious Two Bed Room Only In 90,000 For Rent","90,000",apartment,yearly,2,2,"1,128 sqft","Rose 10, JVC District 11, Jumeirah Village Circle (JVC), Dubai",https://www.bayut.com/property/details-13718787.html,90000,90000,2.0,2.0,1128.0
Bright Unit | Panoramic View | Ready to Move,"75,000",apartment,yearly,1,1,925 sqft,"Reef Residence, JVC District 13, Jumeirah Village Circle (JVC), Dubai",https://www.bayut.com/property/details-13714017.html,75000,75000,1.0,1.0,925.0
Spacious 2BR Apartment | Semi-Furnished | Ready to Move,"90,000",apartment,yearly,2,3,"1,231 sqft","Fortunato, JVC District 11, Jumeirah Village Circle (JVC), Dubai",https://www.bayut.com/property/details-13689292.html,90000,90000,2.0,3.0,1231.0
Spacious 2BHK | Unfurnished | Call now,"119,999",apartment,yearly,2,2,"1,122 sqft","Marwa Heights, JVC District 15, Jumeirah Village Circle (JVC), Dubai",https://www.bayut.com/property/details-13686169.html,119999,119999,2.0,2.0,1122.0
6 Cheques | Unfurnished | With Parking and Balcony,"90,000",apartment,yearly,1,2,926 sqft,"Zaya Hameni, JVC District 15, Jumeirah Village Circle (JVC), Dubai",https://www.bayut.com/property/details-13731416.html,90000,90000,1.0,2.0,926.0
Exclusive | Vacant soon | Mid floor | Turnkey unit,"92,000",apartment,yearly,1,2,694 sqft,"Binghatti Amber, JVC District 11, Jumeirah Village Circle (JVC), Dubai",https://www.bayut.com/property/details-13728648.html,92000,92000,1.0,2.0,694.0
1Bhk Apartment | Prime Location | Call Now,"74,999",apartment,yearly,1,2,995 sqft,"Binghatti Gate, JVC District 15, Jumeirah Village Circle (JVC), Dubai",https://www.bayut.com/property/details-13727187.html,74999,74999,1.0,2.0,995.0
Brand New 2 Bed | Huge Layout | Park Views,"175,000",apartment,yearly,2,3,"1,425 sqft","Hadley Heights, JVC District 11, Jumeirah Village Circle (JVC), Dubai",https://www.bayut.com/property/details-13716238.html,175000,175000,2.0,3.0,1425.0
Family friendly I Peaceful community I Prime spot,"190,000",villa,yearly,4,4,"1,734 sqft","Sandoval Lane, JVC District 14, Jumeirah Village Circle (JVC), Dubai",https://www.bayut.com/property/details-13708991.html,190000,190000,4.0,4.0,1734.0
LUXURY SPACIOUS MODERN 1 BEDROOM APPARTMENT/ SAMI CLOSE KITCHEN // POOL VIEW// READY TO MOVE,"70,000",apartment,yearly,1,2,754 sqft,"Rose 10, JVC District 11, Jumeirah Village Circle (JVC), Dubai",https://www.bayut.com/property/details-13726815.html,70000,70000,1.0,2.0,754.0
Spacious 2 Bedroom | Brand New | Prime location,"95,000",apartment,yearly,2,3,"1,335 sqft","Imperial Tower, JVC District 17, Jumeirah Village Circle (JVC), Dubai",https://www.bayut.com/property/details-13710645.html,95000,95000,2.0,3.0,1335.0
TOP FLOOR | RENOVATED | BIG TERRACE | OPEN VIEWS,"120,000",apartment,yearly,2,2,"1,297 sqft","Pantheon Boulevard, JVC District 13, Jumeirah Village Circle (JVC), Dubai",https://www.bayut.com/property/details-13678079.html,120000,120000,2.0,2.0,1297.0
Band new | Smart Home | Private pool,"144,000",apartment,yearly,2,2,"1,761 sqft","Binghatti Orchid, JVC District 10, Jumeirah Village Circle (JVC), Dubai",https://www.bayut.com/property/details-11769745.html,144000,144000,2.0,2.0,1761.0
Fully Furnish | Upgraded | Ready to Move-In,"87,000",apartment,yearly,1,2,757 sqft,"DAMAC Ghalia, JVC District 18, Jumeirah Village Circle (JVC), Dubai",https://www.bayut.com/property/details-13732923.html,87000,87000,1.0,2.0,757.0
Multiple Options | Flexible Payment | Smart Home,"80,000",apartment,yearly,1,2,714 sqft,"Binghatti Nova, JVC District 12, Jumeirah Village Circle (JVC), Dubai",https://www.bayut.com/property/details-13709999.html,80000,80000,1.0,2.0,714.0
FULLY FURNISHED || 1 BED ROOM || FOR RENT,"75,000",apartment,yearly,1,2,675 sqft,"DAMAC Ghalia, JVC District 18, Jumeirah Village Circle (JVC), Dubai",https://www.bayut.com/property/details-13693468.html,75000,75000,1.0,2.0,675.0
Modern Layout | Prime Location | Elegant Finishing,"79,999",apartment,yearly,1,2,854 sqft,"Mass Residence, JVC District 11, Jumeirah Village Circle (JVC), Dubai",https://www.bayut.com/property/details-13729706.html,79999,79999,1.0,2.0,854.0
2BR+Maid | Road Facing | Prime location,"160,000",villa,yearly,2,4,"2,100 sqft","Diamond Views 1 Villas A, JVC District 14, Jumeirah Village Circle (JVC), Dubai",https://www.bayut.com/property/details-13709105.html,160000,160000,2.0,4.0,2100.0
Elegant 2-Bedroom + Maid Room | Fully Furnished,"115,000",apartment,yearly,2,3,"1,321 sqft","Summer 2 Block B, Summer, Seasons Community, JVC District 15, Jumeirah Village Circle (JVC), Dubai",https://www.bayut.com/property/details-13707544.html,115000,115000,2.0,3.0,1321.0
UNFURNISHED I SPACIOUS VILLA I PRIME LOCATION,"194,999",villa,yearly,4,5,"1,734 sqft","Sandoval Lane, JVC District 14, Jumeirah Village Circle (JVC), Dubai",https://www.bayut.com/property/details-13703512.html,194999,194999,4.0,5.0,1734.0
Pool view| High floor| Prime Location,"95,000",apartment,yearly,1,2,693 sqft,"Binghatti Onyx, JVC District 15, Jumeirah Village Circle (JVC), Dubai",https://www.bayut.com/property/details-13670508.html,95000,95000,1.0,2.0,693.0
Modern 2BHK | Road View | Grab now,"119,999",apartment,yearly,2,2,"1,245 sqft","Marwa Heights, JVC District 15, Jumeirah Village Circle (JVC), Dubai",https://www.bayut.com/property/details-13686702.html,119999,119999,2.0,2.0,1245.0
Fully Furnished 1 BHK+ Maid I Smart Layout I Great Amenities,"85,000",apartment,yearly,1,2,826 sqft,"Rigel Apartments, JVC District 10, Jumeirah Village Circle (JVC), Dubai",https://www.bayut.com/property/details-11900884.html,85000,85000,1.0,2.0,826.0
Vacating Soon | High Floor | Spacious,"135,000",apartment,yearly,2,2,"1,404 sqft","Hameni Residence, JVC District 15, Jumeirah Village Circle (JVC), Dubai",https://www.bayut.com/property/details-13688126.html,135000,135000,2.0,2.0,1404.0
Closed and Fitted Kitchen | Brand New Apartment,"97,000",apartment,yearly,2,3,"1,335 sqft","Imperial Tower, JVC District 17, Jumeirah Village Circle (JVC), Dubai",https://www.bayut.com/property/details-13710648.html,97000,97000,2.0,3.0,1335.0
Upgraded & Spacious 1BR I Quality Living I Panoramic View,"75,000",apartment,yearly,1,2,925 sqft,"Reef Residence, JVC District 13, Jumeirah Village Circle (JVC), Dubai",https://www.bayut.com/property/details-13686327.html,75000,75000,1.0,2.0,925.0
Luxurious unit I With great amenity I Prime spot,"69,999",apartment,yearly,1,2,754 sqft,"Rose 10, JVC District 11, Jumeirah Village Circle (JVC), Dubai",https://www.bayut.com/property/details-13734697.html,69999,69999,1.0,2.0,754.0
Spacious unit with pool view I Available in 4 cheques I Best pick,"69,999",apartment,yearly,1,2,754 sqft,"Rose 10, JVC District 11, Jumeirah Village Circle (JVC), Dubai",https://www.bayut.com/property/details-13722739.html,69999,69999,1.0,2.0,754.0
Luxury Comfort Villa For Rent I Great Layout I Ready to Move,"140,000",villa,yearly,2,3,"2,269 sqft","Al Waleed Building, JVC District 13, Jumeirah Village Circle (JVC), Dubai",https://www.bayut.com/property/details-13718808.html,140000,140000,2.0,3.0,2269.0
Fully Furnished I Huge Layout I Ready to Move,"119,999",apartment,yearly,2,3,"1,379 sqft","Plaza Residences Block B, Plaza Residences, JVC District 13, Jumeirah Village Circle (JVC), Dubai",https://www.bayut.com/property/details-13713328.html,119999,119999,2.0,3.0,1379.0
Large 2BR + Maid | Balcony | Ready to Move,"112,999",apartment,yearly,2,2,"1,509 sqft","Al Naim Residence, JVC District 10, Jumeirah Village Circle (JVC), Dubai",https://www.bayut.com/property/details-13711468.html,112999,112999,2.0,2.0,1509.0
Spacious 4 BR + Maid| Prime Community Living | Vacant,"194,999",penthouse,yearly,4,6,"1,734 sqft","Sandoval Lane, JVC District 14, Jumeirah Village Circle (JVC), Dubai",https://www.bayut.com/property/details-13711104.html,194999,194999,4.0,6.0,1734.0
SPACIOUS 2BHK |ELEGANT TOUCHES | PRIME LOCATION,"190,000",apartment,yearly,2,3,"1,268 sqft","Hyati Avenue, JVC District 14, Jumeirah Village Circle (JVC), Dubai",https://www.bayut.com/property/details-13688982.html,190000,190000,2.0,3.0,1268.0
Luxury spacious 1Bedroom with open pool view apartment// all amenities// ready to move// only 70k,"70,000",apartment,yearly,1,2,754 sqft,"Rose 10, JVC District 11, Jumeirah Village Circle (JVC), Dubai",https://www.bayut.com/property/details-13729971.html,70000,70000,1.0,2.0,754.0
Spacious 3BR | Fully Furnished | Call Now,"180,000",apartment,yearly,3,4,"1,743 sqft","Tower 108, JVC District 18, Jumeirah Village Circle (JVC), Dubai",https://www.bayut.com/property/details-13719218.html,180000,180000,3.0,4.0,1743.0
Elegant Design l 2 Bedroom l Ready to Move,"97,000",apartment,yearly,2,3,"1,334 sqft","Imperial Tower, JVC District 17, Jumeirah Village Circle (JVC), Dubai",https://www.bayut.com/property/details-13719041.html,97000,97000,2.0,3.0,1334.0
Resort-Style Apartment I Modern Amenities | Prime Location,"79,999",apartment,yearly,1,2,727 sqft,"Binghatti Crescent, JVC District 11, Jumeirah Village Circle (JVC), Dubai",https://www.bayut.com/property/details-13713214.html,79999,79999,1.0,2.0,727.0
Ready-to-Move-In | 1 BR Unfurnished | Big Layout,"108,888",apartment,yearly,2,3,983 sqft,"Binghatti Corner, JVC District 10, Jumeirah Village Circle (JVC), Dubai",https://www.bayut.com/property/details-13688806.html,108888,108888,2.0,3.0,983.0
MODERN 2 BHK - DUPLEX UNIT - SPACIOUS BIG LAYOUT - FAMILY BUILDING,"130,000",apartment,yearly,2,3,"1,942 sqft","Royal JVC Building, JVC District 10, Jumeirah Village Circle (JVC), Dubai",https://www.bayut.com/property/details-13713189.html,130000,130000,2.0,3.0,1942.0
Ready to Move | Brand New | Modern Finishes,"75,000",apartment,yearly,1,2,878 sqft,"Lumina Vista Residences, JVC District 14, Jumeirah Village Circle (JVC), Dubai",https://www.bayut.com/property/details-13720297.html,75000,75000,1.0,2.0,878.0
1+Study | Chiller Free | Ready to move,"74,000",apartment,yearly,1,2,"1,004 sqft","Al Waseem Residences, JVC District 11, Jumeirah Village Circle (JVC), Dubai",https://www.bayut.com/property/details-13714401.html,74000,74000,1.0,2.0,1004.0
Fully Furnished | Big Layout | Brand New,"100,000",apartment,yearly,1,2,759 sqft,"Pearl House 2, JVC District 12, Jumeirah Village Circle (JVC), Dubai",https://www.bayut.com/property/details-13714248.html,100000,100000,1.0,2.0,759.0
SPACIOUS LAYOUT | PLUS STORAGE ROOM | UNFURNISHED,"109,999",apartment,yearly,2,3,"1,381 sqft","Plaza Residences Block B, Plaza Residences, JVC District 13, Jumeirah Village Circle (JVC), Dubai",https://www.bayut.com/property/details-13713293.html,109999,109999,2.0,3.0,1381.0
2 Bedroom plus | Private Pool |Spacious Apartment,"139,999",apartment,yearly,2,2,"1,152 sqft","Binghatti Tulip, JVC District 11, Jumeirah Village Circle (JVC), Dubai",https://www.bayut.com/property/details-13712001.html,139999,139999,2.0,2.0,1152.0
Prime Location | Fully Furnished | Huge Layout,"100,000",apartment,yearly,1,2,805 sqft,"Pearl House 2, JVC District 12, Jumeirah Village Circle (JVC), Dubai",https://www.bayut.com/property/details-13726240.html,100000,100000,1.0,2.0,805.0
Fully Renovated | Furnished | Private Garden,"190,000",villa,yearly,4,4,"5,030 sqft","Sydney Villas, JVC District 15, Jumeirah Village Circle (JVC), Dubai",https://www.bayut.com/property/details-13709320.html,190000,190000,4.0,4.0,5030.0
Exclusive | 1BR + Study | Fully Furnished,"90,000",apartment,yearly,1,2,877 sqft,"Eleganz by Danube, JVC District 14, Jumeirah Village Circle (JVC), Dubai",https://www.bayut.com/property/details-13659843.html,90000,90000,1.0,2.0,877.0
Fully Furnished | Luxury Fit Out | Vacant,"82,800",apartment,yearly,1,2,618 sqft,"Binghatti Crest, JVC District 13, Jumeirah Village Circle (JVC), Dubai",https://www.bayut.com/property/details-13729308.html,82800,82800,1.0,2.0,618.0
DUPLEX UNIT | ELEGANT 3 BHK | SPACIOUS BUG LAYOUT | FAMILY BUILDING,"160,000",apartment,yearly,3,4,"3,255 sqft","Royal JVC Building, JVC District 10, Jumeirah Village Circle (JVC), Dubai",https://www.bayut.com/property/details-13713180.html,160000,160000,3.0,4.0,3255.0
Premium Furnished 1BR+ Maid I Stylish Urban Living I With Luxury Facilities-Amenities at Your Doorstep,"97,990",apartment,yearly,1,2,820 sqft,"Laya Mansion, JVC District 15, Jumeirah Village Circle (JVC), Dubai",https://www.bayut.com/property/details-13692586.html,97990,97990,1.0,2.0,820.0
Spacious | Fully Furnished | Large Balcony,"80,000",apartment,yearly,1,1,"1,088 sqft","Diamond Views II, JVC District 11, Jumeirah Village Circle (JVC), Dubai",https://www.bayut.com/property/details-13680433.html,80000,80000,1.0,1.0,1088.0
Bright & Spacious | Fully Furnished | Call Now,"79,999",apartment,yearly,1,2,634 sqft,"Binghatti Nova, JVC District 12, Jumeirah Village Circle (JVC), Dubai",https://www.bayut.com/property/details-13707534.html,79999,79999,1.0,2.0,634.0
Best Price | Fully Upgraded | 1cheque,"60,000",apartment,yearly,1,1,513 sqft,"Knightsbridge Court, JVC District 13, Jumeirah Village Circle (JVC), Dubai",https://www.bayut.com/property/details-13728129.html,60000,60000,1.0,1.0,513.0
Upgraded | Luxury Furnished 1BR | Multiple Cheques,"95,000",apartment,yearly,1,2,787 sqft,"Binghatti Orchid, JVC District 10, Jumeirah Village Circle (JVC), Dubai",https://www.bayut.com/property/details-13701854.html,95000,95000,1.0,2.0,787.0
Elegant 2-Bedroom Apartment | Lolena Residence JVC,"95,000",apartment,yearly,2,3,"1,417 sqft","Lolena Residence, JVC District 12, Jumeirah Village Circle (JVC), Dubai",https://www.bayut.com/property/details-13733962.html,95000,95000,2.0,3.0,1417.0
Spacious 2-Bed Layout | Contemporary Finishes | Prime Community Living,"122,999",apartment,yearly,2,3,"1,267 sqft","SH Living 1, JVC District 14, Jumeirah Village Circle (JVC), Dubai",https://www.bayut.com/property/details-13724331.html,122999,122999,2.0,3.0,1267.0
2BR+MAID I FULLY FURNISHED I READY TO MOVE,"179,999",apartment,yearly,2,3,"1,740 sqft","Eleganz by Danube, JVC District 14, Jumeirah Village Circle (JVC), Dubai",https://www.bayut.com/property/details-13714758.html,179999,179999,2.0,3.0,1740.0
Brand New | Pool View | Ready To Move In,"80,000",apartment,yearly,1,2,846 sqft,"Lumina Vista Residences, JVC District 14, Jumeirah Village Circle (JVC), Dubai",https://www.bayut.com/property/details-13703192.html,80000,80000,1.0,2.0,846.0
Move in Ready | Bright and Spacious | Furnished,"105,000",apartment,yearly,2,3,964 sqft,"Binghatti Gate, JVC District 15, Jumeirah Village Circle (JVC), Dubai",https://www.bayut.com/property/details-13734764.html,105000,105000,2.0,3.0,964.0
Versatile space I Best buy I Easy access,"70,000",apartment,yearly,1,2,805 sqft,"Rigel Apartments, JVC District 10, Jumeirah Village Circle (JVC), Dubai",https://www.bayut.com/property/details-13729981.html,70000,70000,1.0,2.0,805.0
2BR+Maid | Fully Furnished | Bills Included,"240,000",apartment,yearly,2,3,"2,546 sqft","Hyati Residence, JVC District 14, Jumeirah Village Circle (JVC), Dubai",https://www.bayut.com/property/details-13703652.html,240000,240000,2.0,3.0,2546.0
Fitted Kitchen | Ready to Move | Spacious Layout,"115,000",apartment,yearly,2,3,"1,055 sqft","Bloom Heights 1, Bloom Heights, JVC District 15, Jumeirah Village Circle (JVC), Dubai",https://www.bayut.com/property/details-13702986.html,115000,115000,2.0,3.0,1055.0
1 bhk Apartment | with best ammenities | Call Now,"71,000",apartment,yearly,1,2,912 sqft,"Imperial Tower, JVC District 17, Jumeirah Village Circle (JVC), Dubai",https://www.bayut.com/property/details-13702573.html,71000,71000,1.0,2.0,912.0
Community View | Prime Location | Spacious Unit,"68,999",apartment,yearly,1,2,836 sqft,"Imperial Tower, JVC District 17, Jumeirah Village Circle (JVC), Dubai",https://www.bayut.com/property/details-13702409.html,68999,68999,1.0,2.0,836.0
Community View | Prime Location | Spacious Unit,"65,000",apartment,yearly,1,2,811 sqft,"Oxford Building, JVC District 14, Jumeirah Village Circle (JVC), Dubai",https://www.bayut.com/property/details-13701830.html,65000,65000,1.0,2.0,811.0
Brand New | Luxury | Semi Furnished | 1BR in JVC,"80,000",apartment,yearly,1,2,745 sqft,"Binghatti Azure, JVC District 16, Jumeirah Village Circle (JVC), Dubai",https://www.bayut.com/property/details-11934274.html,80000,80000,1.0,2.0,745.0
Modern | Unfurnished | available Jan | Balcony,"80,000",apartment,yearly,1,2,576 sqft,"Binghatti Venus, JVC District 13, Jumeirah Village Circle (JVC), Dubai",https://www.bayut.com/property/details-10452320.html,80000,80000,1.0,2.0,576.0
Pool View | Prime Location | Spacious Unit,"74,999",apartment,yearly,1,2,685 sqft,"Binghatti Lavender, JVC District 10, Jumeirah Village Circle (JVC), Dubai",https://www.bayut.com/property/details-13732984.html,74999,74999,1.0,2.0,685.0
Spacious | Bright | Balcony| Vac Jan 26th,"74,999",apartment,yearly,1,2,929 sqft,"Plaza Residences Block B, Plaza Residences, JVC District 13, Jumeirah Village Circle (JVC), Dubai",https://www.bayut.com/property/details-8400236.html,74999,74999,1.0,2.0,929.0
Big Size Corner Apartment | 2 BR+Maid | 4 Baths,"129,999",apartment,yearly,2,4,"1,548 sqft","Laya Residences, JVC District 10, Jumeirah Village Circle (JVC), Dubai",https://www.bayut.com/property/details-13703828.html,129999,129999,2.0,4.0,1548.0
Handover Soon - Be the First Tenant – Modern -JVC,"100,000",apartment,yearly,1,2,838 sqft,"Neva Residences, JVC District 16, Jumeirah Village Circle (JVC), Dubai",https://www.bayut.com/property/details-13656194.html,100000,100000,1.0,2.0,838.0
Modern Living – Brand-New 1BR - Hand Over Soon,"72,000",apartment,yearly,1,2,838 sqft,"Neva Residences, JVC District 16, Jumeirah Village Circle (JVC), Dubai",https://www.bayut.com/property/details-13656071.html,72000,72000,1.0,2.0,838.0
Full Facilities/Hand Over Soon/Fully Furnished 1BR,"70,000",apartment,yearly,1,2,842 sqft,"Neva Residences, JVC District 16, Jumeirah Village Circle (JVC), Dubai",https://www.bayut.com/property/details-13656016.html,70000,70000,1.0,2.0,842.0
Modern & Luxury Living –New Brand -Hand Over Soon,"90,000",apartment,yearly,1,2,842 sqft,"Neva Residences, JVC District 16, Jumeirah Village Circle (JVC), Dubai",https://www.bayut.com/property/details-13655936.html,90000,90000,1.0,2.0,842.0
"Binghatti Venus, JVC District 13, Jumeirah Village Circle (JVC), Dubai","70,000",apartment,yearly,1,2,670 sqft,"Binghatti Venus, JVC District 13, Jumeirah Village Circle (JVC), Dubai",https://www.bayut.com/property/details-13706690.html,70000,70000,1.0,2.0,670.0
Brand New | Finely Finished | 1 BR for Rent,"100,000",apartment,yearly,1,1,928 sqft,"Neva Residences, JVC District 16, Jumeirah Village Circle (JVC), Dubai",https://www.bayut.com/property/details-13720469.html,100000,100000,1.0,1.0,928.0
Spacious 1BHK | Massive Layout | Best Price,"77,000",apartment,yearly,1,2,"1,230 sqft","Laya Residences, JVC District 10, Jumeirah Village Circle (JVC), Dubai",https://www.bayut.com/property/details-13719628.html,77000,77000,1.0,2.0,1230.0
LUXURIOUS 1 BR | PRIVATE POOL | POOL VIEW | BIGGER LAYOUT,"109,999",apartment,yearly,1,2,807 sqft,"Binghatti Royale, JVC District 18, Jumeirah Village Circle (JVC), Dubai",https://www.bayut.com/property/details-13724346.html,109999,109999,1.0,2.0,807.0
Fully Furnished | Modern Layout | Available 10th January,"84,999",apartment,yearly,1,1,619 sqft,"Binghatti Crest, JVC District 13, Jumeirah Village Circle (JVC), Dubai",https://www.bayut.com/property/details-13733901.html,84999,84999,1.0,1.0,619.0
Maid Room | Vacant | Flexible Owner,"80,000",apartment,yearly,2,3,"1,443 sqft","Autumn 1 Block B, Autumn, Seasons Community, JVC District 15, Jumeirah Village Circle (JVC), Dubai",https://www.bayut.com/property/details-13720633.html,80000,80000,2.0,3.0,1443.0
1BR converted to 2BR | Furnished | Vacant,"75,000",apartment,yearly,1,2,"1,009 sqft","Magnolia 1, Emirates Gardens 2, JVC District 14, Jumeirah Village Circle (JVC), Dubai",https://www.bayut.com/property/details-13660152.html,75000,75000,1.0,2.0,1009.0
Elite Furnished | Pearl House 2 | Call Now,"105,000",apartment,yearly,1,2,755 sqft,"Pearl House 2, JVC District 12, Jumeirah Village Circle (JVC), Dubai",https://www.bayut.com/property/details-13644365.html,105000,105000,1.0,2.0,755.0
Brand New Unit | Smart System | Ready to Move in,"88,000",apartment,yearly,1,2,797 sqft,"Binghatti Phoenix, JVC District 13, Jumeirah Village Circle (JVC), Dubai",https://www.bayut.com/property/details-13655407.html,88000,88000,1.0,2.0,797.0
4Br+Maid | Brand New | Spacious | Basement Hall,"280,000",villa,yearly,4,5,"1,707 sqft","Westar Vista, JVC District 13, Jumeirah Village Circle (JVC), Dubai",https://www.bayut.com/property/details-13650227.html,280000,280000,4.0,5.0,1707.0
1 BEDROOM | FURNISHED | READY TO MOVE | SUMMER,"75,000",apartment,yearly,1,2,572 sqft,"Summer 2 Block A, Summer, Seasons Community, JVC District 15, Jumeirah Village Circle (JVC), Dubai",https://www.bayut.com/property/details-13667069.html,75000,75000,1.0,2.0,572.0
BRIGHT 1 BR | PRIME LOCATION | COMMUNITY VIEW,"79,000",apartment,yearly,1,2,771 sqft,"Binghatti Heights, JVC District 10, Jumeirah Village Circle (JVC), Dubai",https://www.bayut.com/property/details-13651836.html,79000,79000,1.0,2.0,771.0
4 bed | Best Ammenities | Spacious,"200,000",villa,yearly,4,5,"1,632 sqft","Sydney Villas, JVC District 15, Jumeirah Village Circle (JVC), Dubai",https://www.bayut.com/property/details-13660481.html,200000,200000,4.0,5.0,1632.0
Community View | Prime Location | Spacious Unit,"80,000",apartment,yearly,1,2,750 sqft,"Sydney Tower, JVC District 18, Jumeirah Village Circle (JVC), Dubai",https://www.bayut.com/property/details-13708623.html,80000,80000,1.0,2.0,750.0
4 bed | Best Ammenities | Spacious,"230,000",villa,yearly,4,5,"5,031 sqft","Sydney Villas, JVC District 15, Jumeirah Village Circle (JVC), Dubai",https://www.bayut.com/property/details-13660380.html,230000,230000,4.0,5.0,5031.0
Fully Furnished | Pool View | Spacious Layout,"89,999",apartment,yearly,1,1,669 sqft,"Binghatti Emerald, JVC District 15, Jumeirah Village Circle (JVC), Dubai",https://www.bayut.com/property/details-13656776.html,89999,89999,1.0,1.0,669.0
High-End Furnished 1-Bed | Premium Interiors I Prime Location,"75,000",apartment,yearly,1,2,758 sqft,"Binghatti Jasmine, JVC District 15, Jumeirah Village Circle (JVC), Dubai",https://www.bayut.com/property/details-13655493.html,75000,75000,1.0,2.0,758.0
Unfurnished | Vacant | Spacious Layout,"70,000",apartment,yearly,1,2,739 sqft,"Al Amir Residence, JVC District 11, Jumeirah Village Circle (JVC), Dubai",https://www.bayut.com/property/details-13663565.html,70000,70000,1.0,2.0,739.0
Modern 2BR + Maid | Spacious Layout | Ready to Move,"88,000",apartment,yearly,2,3,894 sqft,"Shamal Waves, JVC District 14, Jumeirah Village Circle (JVC), Dubai",https://www.bayut.com/property/details-13658049.html,88000,88000,2.0,3.0,894.0
Luxury 2 Bed | Fully Furnished | Gym | Balcony,"160,000",apartment,yearly,2,3,"1,425 sqft","Hadley Heights, JVC District 11, Jumeirah Village Circle (JVC), Dubai",https://www.bayut.com/property/details-13647590.html,160000,160000,2.0,3.0,1425.0
Spacious Layout | Vacant | Ready to Move,"75,000",apartment,yearly,1,2,700 sqft,"Al Amir Residence, JVC District 11, Jumeirah Village Circle (JVC), Dubai",https://www.bayut.com/property/details-13663001.html,75000,75000,1.0,2.0,700.0
SMART HOME| CONVENIENT LOCATION IN JVC |HIGH FLOOR,"75,000",apartment,yearly,1,2,670 sqft,"Binghatti Corner, JVC District 10, Jumeirah Village Circle (JVC), Dubai",https://www.bayut.com/property/details-13680001.html,75000,75000,1.0,2.0,670.0
BRAND NEW 1 BR | LAUNDRY ROOM | PRIVATE POOL | BIGGER LAYOUT | HIGH FLOOR,"104,999",apartment,yearly,1,2,911 sqft,"Binghatti Phantom, JVC District 17, Jumeirah Village Circle (JVC), Dubai",https://www.bayut.com/property/details-13682579.html,104999,104999,1.0,2.0,911.0
2 bhk + maid room + storeroom I Extra spacious I Prime location,"113,000",apartment,yearly,2,2,"1,509 sqft","Al Naim Residence, JVC District 10, Jumeirah Village Circle (JVC), Dubai",https://www.bayut.com/property/details-13660086.html,113000,113000,2.0,2.0,1509.0
1BR Apt. With Balcony And Pool View | Vacant,"70,000",apartment,yearly,1,2,786 sqft,"Plaza Residences Block B, Plaza Residences, JVC District 13, Jumeirah Village Circle (JVC), Dubai",https://www.bayut.com/property/details-13657527.html,70000,70000,1.0,2.0,786.0
Versatile space I With closed kitchen I Easy access,"97,000",apartment,yearly,2,3,"1,335 sqft","Imperial Tower, JVC District 17, Jumeirah Village Circle (JVC), Dubai",https://www.bayut.com/property/details-13735100.html,97000,97000,2.0,3.0,1335.0
1BHK+Maid | Spacious Unit | Community View,"74,999",apartment,yearly,1,2,823 sqft,"Rigel Apartments, JVC District 10, Jumeirah Village Circle (JVC), Dubai",https://www.bayut.com/property/details-13652287.html,74999,74999,1.0,2.0,823.0
Luxury 2-Bed Apartment | Smart Living | Exceptional Value,"90,000",apartment,yearly,2,2,989 sqft,"Binghatti Gems, JVC District 12, Jumeirah Village Circle (JVC), Dubai",https://www.bayut.com/property/details-13651895.html,90000,90000,2.0,2.0,989.0
BRAND NEW 1 BR | PRIVATE POOL | BIGGER LAYOUT | EQUIPPED KITCHEN,"114,999",apartment,yearly,1,2,807 sqft,"Binghatti Royale, JVC District 18, Jumeirah Village Circle (JVC), Dubai",https://www.bayut.com/property/details-13682792.html,114999,114999,1.0,2.0,807.0
4BHK | Spacious Layout | Community View,"185,000",townhouse,yearly,4,4,"3,165 sqft","Fortunato, JVC District 11, Jumeirah Village Circle (JVC), Dubai",https://www.bayut.com/property/details-13636986.html,185000,185000,4.0,4.0,3165.0
Brand-New Fully Furnished 1BR | Luxury Living,"120,000",apartment,yearly,1,2,784 sqft,"Pearl House 2, JVC District 12, Jumeirah Village Circle (JVC), Dubai",https://www.bayut.com/property/details-13716253.html,120000,120000,1.0,2.0,784.0
Premium 1Bedroom For Rent I Bright Layout I Great Amenities,"73,000",apartment,yearly,1,2,915 sqft,"Al Naim Residence, JVC District 10, Jumeirah Village Circle (JVC), Dubai",https://www.bayut.com/property/details-13640378.html,73000,73000,1.0,2.0,915.0
Ready to Move | Brand New | Modern Finishes,"90,000",apartment,yearly,1,2,874 sqft,"Lumina Vista Residences, JVC District 14, Jumeirah Village Circle (JVC), Dubai",https://www.bayut.com/property/details-11833479.html,90000,90000,1.0,2.0,874.0
Spacious 1BR | Modern Layout | High End Quality | Good Amenities,"60,000",apartment,yearly,1,2,606 sqft,"Aurion Residence, JVC District 10, Jumeirah Village Circle (JVC), Dubai",https://www.bayut.com/property/details-13620309.html,60000,60000,1.0,2.0,606.0
Private Pool | Royal Suite | Ready To Move,"114,999",apartment,yearly,2,2,"1,112 sqft","Binghatti House, JVC District 10, Jumeirah Village Circle (JVC), Dubai",https://www.bayut.com/property/details-13603736.html,114999,114999,2.0,2.0,1112.0
Near Exit | Study Room | Near Mall | Mid Floor,"69,999",apartment,yearly,1,2,827 sqft,"Crystal Residence, JVC District 11, Jumeirah Village Circle (JVC), Dubai",https://www.bayut.com/property/details-13675826.html,69999,69999,1.0,2.0,827.0
Fully Furnished | Great Finishing | Best Amenities,"149,990",apartment,yearly,2,3,"1,330 sqft","Binghatti Azure, JVC District 16, Jumeirah Village Circle (JVC), Dubai",https://www.bayut.com/property/details-13582211.html,149990,149990,2.0,3.0,1330.0
Pool View | Fully Furnished | Premium Quality,"149,990",apartment,yearly,2,3,"1,330 sqft","Binghatti Azure, JVC District 16, Jumeirah Village Circle (JVC), Dubai",https://www.bayut.com/property/details-13582044.html,149990,149990,2.0,3.0,1330.0
Premium furnished unit with great amenity I Modern & elegance I Prime spot,"84,999",apartment,yearly,1,2,619 sqft,"Binghatti Crest, JVC District 13, Jumeirah Village Circle (JVC), Dubai",https://www.bayut.com/property/details-13652556.html,84999,84999,1.0,2.0,619.0
Best Layout | Spacious | Unfurnished,"82,000",apartment,yearly,2,1,797 sqft,"Binghatti Phoenix, JVC District 13, Jumeirah Village Circle (JVC), Dubai",https://www.bayut.com/property/details-13734852.html,82000,82000,2.0,1.0,797.0
Open View | Prime Location | Call To Inquire,"65,000",apartment,yearly,1,2,731 sqft,"Aayah Residences, JVC District 12, Jumeirah Village Circle (JVC), Dubai",https://www.bayut.com/property/details-13643409.html,65000,65000,1.0,2.0,731.0
1 bhk Apartment | Close kitchen appliances | DXB.,"65,000",apartment,yearly,1,2,"1,010 sqft","Lavender 2, Emirates Gardens, JVC District 12, Jumeirah Village Circle (JVC), Dubai",https://www.bayut.com/property/details-13568986.html,65000,65000,1.0,2.0,1010.0
Premium quality unit I Best price I Prime spot,"90,000",apartment,yearly,1,2,674 sqft,"Oakley Square Residence, JVC District 11, Jumeirah Village Circle (JVC), Dubai",https://www.bayut.com/property/details-13646822.html,90000,90000,1.0,2.0,674.0
Ready to Move | Spacious Layout | Prime Location,"155,000",apartment,yearly,2,2,996 sqft,"Binghatti Aurora, JVC District 12, Jumeirah Village Circle (JVC), Dubai",https://www.bayut.com/property/details-13586092.html,155000,155000,2.0,2.0,996.0
1-Bedroom | Full Furnished | Great Amenities,"80,000",apartment,yearly,1,2,780 sqft,"Pantheon Elysee I, JVC District 13, Jumeirah Village Circle (JVC), Dubai",https://www.bayut.com/property/details-13584053.html,80000,80000,1.0,2.0,780.0
Luxury 2 Bedroom For Rent I Best Quality I Prime Location,"120,000",apartment,yearly,2,3,"1,333 sqft","AAA Residence, JVC District 13, Jumeirah Village Circle (JVC), Dubai",https://www.bayut.com/property/details-13607037.html,120000,120000,2.0,3.0,1333.0
Spacious 2BR | Community View | Pay In 4 Chqs,"110,000",apartment,yearly,2,3,"1,619 sqft","Siena 2, Siena, Tuscan Residence, JVC District 10, Jumeirah Village Circle (JVC), Dubai",https://www.bayut.com/property/details-13662024.html,110000,110000,2.0,3.0,1619.0
4BHK | Spacious Layout | Community View,"200,000",villa,yearly,4,5,"1,632 sqft","Sydney Villas, JVC District 15, Jumeirah Village Circle (JVC), Dubai",https://www.bayut.com/property/details-13655966.html,200000,200000,4.0,5.0,1632.0
Fully Fitted Kitchen | Pool View | Huge Layout,"120,000",apartment,yearly,2,3,"1,146 sqft","La Residenza, JVC District 10, Jumeirah Village Circle (JVC), Dubai",https://www.bayut.com/property/details-13643226.html,120000,120000,2.0,3.0,1146.0
4BHK | Spacious Layout | Community View,"200,000",villa,yearly,4,5,"1,595 sqft","Sydney Villas, JVC District 15, Jumeirah Village Circle (JVC), Dubai",https://www.bayut.com/property/details-13656152.html,200000,200000,4.0,5.0,1595.0
4BHK | Spacious Layout | Community View,"230,000",villa,yearly,4,5,"5,030 sqft","Sydney Villas, JVC District 15, Jumeirah Village Circle (JVC), Dubai",https://www.bayut.com/property/details-13655809.html,230000,230000,4.0,5.0,5030.0
Fully Furnished | Great Location | Call Now,"79,999",apartment,yearly,1,2,705 sqft,"Penrose Place, JVC District 13, Jumeirah Village Circle (JVC), Dubai",https://www.bayut.com/property/details-13661985.html,79999,79999,1.0,2.0,705.0
Stylish 1 BHK | Spacious Layout | Modern Finishing | Shamal 2 – JVC,"73,000",apartment,yearly,1,2,771 sqft,"Shamal Residences 2, Shamal Residences, JVC District 14, Jumeirah Village Circle (JVC), Dubai",https://www.bayut.com/property/details-13657796.html,73000,73000,1.0,2.0,771.0
Premium villa with modern interiors I With maids room I Prime spot,"165,000",villa,yearly,4,6,"1,768 sqft","The Ghaf Tree, JVC District 13, Jumeirah Village Circle (JVC), Dubai",https://www.bayut.com/property/details-13656593.html,165000,165000,4.0,6.0,1768.0
Ready to Move In | Upgraded | Biggest Plot,"285,000",villa,yearly,2,4,"8,259 sqft","JVC District 16, Jumeirah Village Circle (JVC), Dubai",https://www.bayut.com/property/details-13662822.html,285000,285000,2.0,4.0,8259.0
Kitchen Appliances | Modern Amenities | Spacious,"75,000",apartment,yearly,1,2,576 sqft,"Binghatti Venus, JVC District 13, Jumeirah Village Circle (JVC), Dubai",https://www.bayut.com/property/details-13658734.html,75000,75000,1.0,2.0,576.0
2BED PRIVATE POOL STORAGE AREA,"190,000",apartment,yearly,2,2,"2,145 sqft","SH Living 1, JVC District 14, Jumeirah Village Circle (JVC), Dubai",https://www.bayut.com/property/details-13655114.html,190000,190000,2.0,2.0,2145.0
Modern 2BR | Smart Home | Spacious Layout,"139,999",apartment,yearly,2,3,"1,017 sqft","Aura, JVC District 14, Jumeirah Village Circle (JVC), Dubai",https://www.bayut.com/property/details-13658565.html,139999,139999,2.0,3.0,1017.0
Modern Finishing | Bright Unit | Ready To Move,"90,000",apartment,yearly,2,2,"1,179 sqft","Remal Tower, JVC District 13, Jumeirah Village Circle (JVC), Dubai",https://www.bayut.com/property/details-13655691.html,90000,90000,2.0,2.0,1179.0
Spacious Apartment For Rent I Contemporary Living I Located in JVC,"73,000",apartment,yearly,1,2,912 sqft,"Imperial Tower, JVC District 17, Jumeirah Village Circle (JVC), Dubai",https://www.bayut.com/property/details-13665141.html,73000,73000,1.0,2.0,912.0
1 bhk Apartment | with best ammenities | Road view,"79,999",apartment,yearly,1,2,799 sqft,"Penrose Place, JVC District 13, Jumeirah Village Circle (JVC), Dubai",https://www.bayut.com/property/details-13658016.html,79999,79999,1.0,2.0,799.0
2BHK+Close Kitchen | High Floor | Park View,"87,999",apartment,yearly,2,2,"1,018 sqft","Rose 10, JVC District 11, Jumeirah Village Circle (JVC), Dubai",https://www.bayut.com/property/details-13649577.html,87999,87999,2.0,2.0,1018.0
Affordable Rent | Furnished | Marina Skyline View,"80,000",apartment,yearly,1,2,746 sqft,"Bloom Heights 2, Bloom Heights, JVC District 15, Jumeirah Village Circle (JVC), Dubai",https://www.bayut.com/property/details-13658156.html,80000,80000,1.0,2.0,746.0
Spacious 2BHK | Fully Equipped Kitchen | Open View | Vacant,"110,000",apartment,yearly,2,2,"1,188 sqft","Aria Residence, JVC District 14, Jumeirah Village Circle (JVC), Dubai",https://www.bayut.com/property/details-13632714.html,110000,110000,2.0,2.0,1188.0
Quality Finishes I Spacious 2-Bedroom I Urban Lifestyle Redefined,"120,000",apartment,yearly,2,3,"1,267 sqft","SH Living 1, JVC District 14, Jumeirah Village Circle (JVC), Dubai",https://www.bayut.com/property/details-13655304.html,120000,120000,2.0,3.0,1267.0
Contemporary 1-Bed Suite | Stylish Ambience | Ideal Lifestyle,"60,000",apartment,yearly,1,2,696 sqft,"Noora Residence 1, Noora Residence, JVC District 10, Jumeirah Village Circle (JVC), Dubai",https://www.bayut.com/property/details-13662798.html,60000,60000,1.0,2.0,696.0
OPEN KITCHEN I UNFURNISHED I SPACIOUS,"79,999",apartment,yearly,1,2,748 sqft,"Bloom Heights 2, Bloom Heights, JVC District 15, Jumeirah Village Circle (JVC), Dubai",https://www.bayut.com/property/details-13656598.html,79999,79999,1.0,2.0,748.0
Unfurnished | Private Pool | 12 cheques,"130,000",apartment,yearly,2,2,"1,113 sqft","Binghatti House, JVC District 10, Jumeirah Village Circle (JVC), Dubai",https://www.bayut.com/property/details-13662478.html,130000,130000,2.0,2.0,1113.0
Community View | Prime Location | Spacious Unit,"64,000",apartment,yearly,1,2,602 sqft,"Masaar Residence, JVC District 15, Jumeirah Village Circle (JVC), Dubai",https://www.bayut.com/property/details-13654847.html,64000,64000,1.0,2.0,602.0
Spacious 1BR | Near to Exit | Ready to Move,"64,999",apartment,yearly,1,2,"1,025 sqft","Autumn, Seasons Community, JVC District 15, Jumeirah Village Circle (JVC), Dubai",https://www.bayut.com/property/details-13657469.html,64999,64999,1.0,2.0,1025.0
Road View | Spacious Unit | Call Now,"90,000",apartment,yearly,2,3,"1,152 sqft","Al Zubaidi Residence, JVC District 10, Jumeirah Village Circle (JVC), Dubai",https://www.bayut.com/property/details-13657322.html,90000,90000,2.0,3.0,1152.0
Bright & Spacious I Skyline view I Prime location,"68,000",apartment,yearly,1,2,711 sqft,"Jeewar Apartments, JVC District 11, Jumeirah Village Circle (JVC), Dubai",https://www.bayut.com/property/details-13658318.html,68000,68000,1.0,2.0,711.0
ELEGANT 2 BR | HIGH FLOOR | BRIGHT AND SPACIOUS,"89,999",apartment,yearly,2,2,"1,105 sqft","Dune Residency, JVC District 17, Jumeirah Village Circle (JVC), Dubai",https://www.bayut.com/property/details-13423997.html,89999,89999,2.0,2.0,1105.0
Upgraded | Pool Level and View | Ready to move in,"70,000",apartment,yearly,1,1,771 sqft,"Diamond Views 1, JVC District 14, Jumeirah Village Circle (JVC), Dubai",https://www.bayut.com/property/details-13445888.html,70000,70000,1.0,1.0,771.0
Vacant | Fully Furnished | Upgraded,"80,000",apartment,yearly,1,1,712 sqft,"Laya Mansion, JVC District 15, Jumeirah Village Circle (JVC), Dubai",https://www.bayut.com/property/details-13352158.html,80000,80000,1.0,1.0,712.0
Spacious 2BR | Community View | Call Now,"100,000",apartment,yearly,2,2,"1,079 sqft","Binghatti Venus, JVC District 13, Jumeirah Village Circle (JVC), Dubai",https://www.bayut.com/property/details-13405863.html,100000,100000,2.0,2.0,1079.0
SPACIOUS 4BR VILLA | MAID ROOM | TERRACE + PARKING,"190,000",villa,yearly,4,6,"1,808 sqft","The Ghaf Tree, JVC District 13, Jumeirah Village Circle (JVC), Dubai",https://www.bayut.com/property/details-13391947.html,190000,190000,4.0,6.0,1808.0
Kitchen Appliances | Ready To Move | Spacious,"99,999",apartment,yearly,2,2,"1,091 sqft","Xanadu Residence 2, JVC District 13, Jumeirah Village Circle (JVC), Dubai",https://www.bayut.com/property/details-13395157.html,99999,99999,2.0,2.0,1091.0
SPACIOUS UNIT | GREEN VIEW | NEAR CIRCLE MALL,"68,000",apartment,yearly,1,2,706 sqft,"Jeewar Apartments, JVC District 11, Jumeirah Village Circle (JVC), Dubai",https://www.bayut.com/property/details-13379185.html,68000,68000,1.0,2.0,706.0
UNFURNISHED | MOVE IN NOW | COMMUNITY VIEW,"90,000",apartment,yearly,2,2,888 sqft,"Fortunato, JVC District 11, Jumeirah Village Circle (JVC), Dubai",https://www.bayut.com/property/details-13395632.html,90000,90000,2.0,2.0,888.0
Spacious 1BR | Move In Ready | All Amenities,"67,000",apartment,yearly,1,2,706 sqft,"Jeewar Apartments, JVC District 11, Jumeirah Village Circle (JVC), Dubai",https://www.bayut.com/property/details-13379850.html,67000,67000,1.0,2.0,706.0
Multiple Options | Brand New | High Floor,"120,000",apartment,yearly,1,2,795 sqft,"Binghatti Phantom, JVC District 17, Jumeirah Village Circle (JVC), Dubai",https://www.bayut.com/property/details-13390954.html,120000,120000,1.0,2.0,795.0
Sunny And Bright | Single Row | Best Layout,"190,000",townhouse,yearly,3,4,"2,583 sqft","JVC District 12, Jumeirah Village Circle (JVC), Dubai",https://www.bayut.com/property/details-13299746.html,190000,190000,3.0,4.0,2583.0
Fully Furnished 2 bed | Best Ammenities | Spacious Apartment,"165,000",apartment,yearly,2,4,"1,784 sqft","Eleganz by Danube, JVC District 14, Jumeirah Village Circle (JVC), Dubai",https://www.bayut.com/property/details-13212903.html,165000,165000,2.0,4.0,1784.0
Semi Furnished | Spacious | Prime Location,"89,999",apartment,yearly,2,3,"1,230 sqft","Fortunato, JVC District 11, Jumeirah Village Circle (JVC), Dubai",https://www.bayut.com/property/details-13225471.html,89999,89999,2.0,3.0,1230.0
Luxury 2BR | Private Pool | Brand New & Vacant,"129,000",apartment,yearly,2,2,"1,152 sqft","Binghatti Tulip, JVC District 11, Jumeirah Village Circle (JVC), Dubai",https://www.bayut.com/property/details-13277014.html,129000,129000,2.0,2.0,1152.0
Premium Quality | Prime Location | Convenient Access,"110,000",apartment,yearly,2,3,"1,127 sqft","La Residenza, JVC District 10, Jumeirah Village Circle (JVC), Dubai",https://www.bayut.com/property/details-13265076.html,110000,110000,2.0,3.0,1127.0
Skyline Comfort | Luxurious 1Bed |Multiple Cheques,"95,000",apartment,yearly,1,2,803 sqft,"Belgravia Heights 1, JVC District 12, Jumeirah Village Circle (JVC), Dubai",https://www.bayut.com/property/details-13153565.html,95000,95000,1.0,2.0,803.0
On the Podium Level | Jump to the Pool | Bright,"60,000",apartment,yearly,1,2,851 sqft,"The Manhattan, JVC District 10, Jumeirah Village Circle (JVC), Dubai",https://www.bayut.com/property/details-13233285.html,60000,60000,1.0,2.0,851.0
Brand New | Smart Home | High Floor,"75,000",apartment,yearly,1,2,679 sqft,"Aura, JVC District 14, Jumeirah Village Circle (JVC), Dubai",https://www.bayut.com/property/details-13076191.html,75000,75000,1.0,2.0,679.0
Ready To Move | Unfurnished | Spacious Layout,"120,000",apartment,yearly,2,3,"1,300 sqft","SH Living 1, JVC District 14, Jumeirah Village Circle (JVC), Dubai",https://www.bayut.com/property/details-13093389.html,120000,120000,2.0,3.0,1300.0
High Floor | Kitchen Appliance | Vacant,"120,000",apartment,yearly,2,3,"1,226 sqft","SH Living 1, JVC District 14, Jumeirah Village Circle (JVC), Dubai",https://www.bayut.com/property/details-13093782.html,120000,120000,2.0,3.0,1226.0
Elegant 1BR Converted Hallway | Massive Garden,"109,999",townhouse,yearly,1,2,"1,937 sqft","Nakheel Townhouse, JVC District 12, Jumeirah Village Circle (JVC), Dubai",https://www.bayut.com/property/details-13027419.html,109999,109999,1.0,2.0,1937.0
Spacious Living | Bigger Layout | Ready to Move,"95,000",apartment,yearly,2,3,"1,417 sqft","Lolena Residence, JVC District 12, Jumeirah Village Circle (JVC), Dubai",https://www.bayut.com/property/details-13682423.html,95000,95000,2.0,3.0,1417.0
High Floor | Unfurnished | Private pool,"110,000",apartment,yearly,1,2,795 sqft,"Binghatti Phantom, JVC District 17, Jumeirah Village Circle (JVC), Dubai",https://www.bayut.com/property/details-13645845.html,110000,110000,1.0,2.0,795.0
Fully Renovated | Upgraded | Quality | 4 CHQS | Facilities,"73,000",apartment,yearly,1,2,754 sqft,"Al Amir Residence, JVC District 11, Jumeirah Village Circle (JVC), Dubai",https://www.bayut.com/property/details-13661600.html,73000,73000,1.0,2.0,754.0
Fully Furnished | Great Location | Call Now,"84,990",apartment,yearly,1,2,765 sqft,"Lucky 1 Residences, JVC District 13, Jumeirah Village Circle (JVC), Dubai",https://www.bayut.com/property/details-13614304.html,84990,84990,1.0,2.0,765.0
Ready Now | Spacious Unit | Luxury Finish,"90,000",apartment,yearly,1,2,734 sqft,"Bloom Tower B, Bloom Towers, JVC District 10, Jumeirah Village Circle (JVC), Dubai",https://www.bayut.com/property/details-10290430.html,90000,90000,1.0,2.0,734.0
MODERN BRIGHT HOUSE | SPECIOUS | NEAR TO MALL | NEAR EXIT | NEAR MOSQUE,"199,999",townhouse,yearly,4,6,"1,867 sqft","Comfy Villas, JVC District 11, Jumeirah Village Circle (JVC), Dubai",https://www.bayut.com/property/details-13654905.html,199999,199999,4.0,6.0,1867.0
Pool View | Modern Layout | High End Quality,"70,000",apartment,yearly,1,2,572 sqft,"Summer 2 Block A, Summer, Seasons Community, JVC District 15, Jumeirah Village Circle (JVC), Dubai",https://www.bayut.com/property/details-13663561.html,70000,70000,1.0,2.0,572.0
Vacant | Prime Location | Spacious,"205,000",townhouse,yearly,3,3,"1,874 sqft","Heilbronn Villas, JVC District 14, Jumeirah Village Circle (JVC), Dubai",https://www.bayut.com/property/details-13633139.html,205000,205000,3.0,3.0,1874.0
Spacious 4Bhk Villa | Underground Basement | JVC,"270,000",villa,yearly,4,6,"25,188 sqft","Westar Casablanca East, JVC District 12, Jumeirah Village Circle (JVC), Dubai",https://www.bayut.com/property/details-13673382.html,270000,270000,4.0,6.0,25188.0
1BHK Apartment | Road View | Best Amenities | Prime Location,"75,000",apartment,yearly,1,2,803 sqft,"Rigel Apartments, JVC District 10, Jumeirah Village Circle (JVC), Dubai",https://www.bayut.com/property/details-13663027.html,75000,75000,1.0,2.0,803.0
Modern 2BR | Ready to Move | Fully Fitted Kitchen,"109,980",apartment,yearly,2,3,"1,056 sqft","Bloom Heights 1, Bloom Heights, JVC District 15, Jumeirah Village Circle (JVC), Dubai",https://www.bayut.com/property/details-13705355.html,109980,109980,2.0,3.0,1056.0
Spacious 1BR | Unfurnished | Huge Layout,"65,000",apartment,yearly,1,2,"1,040 sqft","Cappadocia, JVC District 13, Jumeirah Village Circle (JVC), Dubai",https://www.bayut.com/property/details-11852731.html,65000,65000,1.0,2.0,1040.0
Brand New | Pool View | Fitted Kitchen | Vacant,"90,000",apartment,yearly,1,2,743 sqft,"Binghatti Phoenix, JVC District 13, Jumeirah Village Circle (JVC), Dubai",https://www.bayut.com/property/details-13716107.html,90000,90000,1.0,2.0,743.0
BRANDNEW 1BR | READY TO MOVE,"120,000",apartment,yearly,1,2,912 sqft,"Binghatti Phantom, JVC District 17, Jumeirah Village Circle (JVC), Dubai",https://www.bayut.com/property/details-13732226.html,120000,120000,1.0,2.0,912.0
Brand New |Vacant | Park & Pool View,"180,000",apartment,yearly,3,3,"1,309 sqft","Luma Park Views, JVC District 14, Jumeirah Village Circle (JVC), Dubai",https://www.bayut.com/property/details-13707708.html,180000,180000,3.0,3.0,1309.0
Corner Unit | Vacant | Near to exit,"230,000",villa,yearly,4,5,"1,793 sqft","Iris Park, JVC District 15, Jumeirah Village Circle (JVC), Dubai",https://www.bayut.com/property/details-13688702.html,230000,230000,4.0,5.0,1793.0
Large 1 bed | Balcony | Available now,"85,000",apartment,yearly,1,2,885 sqft,"Bluebell  Residence, JVC District 11, Jumeirah Village Circle (JVC), Dubai",https://www.bayut.com/property/details-13682620.html,85000,85000,1.0,2.0,885.0
Corner Unit | Modern | Multiple Cheques,"75,000",apartment,yearly,1,2,670 sqft,"Binghatti Venus, JVC District 13, Jumeirah Village Circle (JVC), Dubai",https://www.bayut.com/property/details-13718023.html,75000,75000,1.0,2.0,670.0
Modern Design | Premium Quality | Good Amenities | Ready to Move,"85,000",apartment,yearly,1,2,745 sqft,"Binghatti Azure, JVC District 16, Jumeirah Village Circle (JVC), Dubai",https://www.bayut.com/property/details-13711941.html,85000,85000,1.0,2.0,745.0
Brand New | Fully Furnished | Stylish Design,"110,000",apartment,yearly,1,2,"1,043 sqft","Pearl House by Imtiaz, JVC District 13, Jumeirah Village Circle (JVC), Dubai",https://www.bayut.com/property/details-13678175.html,110000,110000,1.0,2.0,1043.0
Unfurnished | Private Pool | Brand New,"89,999",apartment,yearly,1,2,796 sqft,"Binghatti Phantom, JVC District 17, Jumeirah Village Circle (JVC), Dubai",https://www.bayut.com/property/details-13682566.html,89999,89999,1.0,2.0,796.0
Fully Furnished | Great Location | Call Now,"250,000",villa,yearly,3,5,"1,455 sqft","Mirabella 7, JVC District 12, Jumeirah Village Circle (JVC), Dubai",https://www.bayut.com/property/details-13705607.html,250000,250000,3.0,5.0,1455.0
Big Layout | Open View | 2 Bedroom fully Furnished,"80,000",apartment,yearly,2,2,"1,594 sqft","Knightsbridge Court, JVC District 13, Jumeirah Village Circle (JVC), Dubai",https://www.bayut.com/property/details-13729936.html,80000,80000,2.0,2.0,1594.0
High Class | 1 Bedroom | Fitted Kitchen,"90,000",apartment,yearly,1,2,867 sqft,"Chaimaa Avenue 2, JVC District 13, Jumeirah Village Circle (JVC), Dubai",https://www.bayut.com/property/details-13705495.html,90000,90000,1.0,2.0,867.0
Spacious Layout | High Floor | Vacant,"70,000",apartment,yearly,1,2,901 sqft,"Sobha Daffodil Wing B, Sobha Daffodil, JVC District 13, Jumeirah Village Circle (JVC), Dubai",https://www.bayut.com/property/details-13718161.html,70000,70000,1.0,2.0,901.0
High Rise | Open View | Brand New,"104,999",apartment,yearly,1,2,795 sqft,"Binghatti Phantom, JVC District 17, Jumeirah Village Circle (JVC), Dubai",https://www.bayut.com/property/details-13682880.html,104999,104999,1.0,2.0,795.0
Close Kitchen| Ready To Move | Bright and Spacious,"89,999",apartment,yearly,2,2,"1,019 sqft","Rose 10, JVC District 11, Jumeirah Village Circle (JVC), Dubai",https://www.bayut.com/property/details-13708558.html,89999,89999,2.0,2.0,1019.0
