title,price,property_type,frequency,bedrooms,bathrooms,area,location,url
1BR Apartment for Rent | Balcony & Pool | JVC,"74,000",Apartment,Yearly,1,2,905 sqft,"AAA Residence, JVC District 13, Jumeirah Village Circle (JVC), Dubai",https://www.bayut.com/property/details-9398172.html
1 B/R with Balcony | Pool & Gym | JVC,"69,000",Apartment,Yearly,1,1,883 sqft,"Emerald Tower, JVC District 18, Jumeirah Village Circle (JVC), Dubai",https://www.bayut.com/property/details-4864285.html
"Binghatti Phoenix, Jumeirah Village Circle, Dubai","89,990",Apartment,Yearly,1,2,826 sqft,"Binghatti Phoenix, JVC District 13, Jumeirah Village Circle (JVC), Dubai",https://www.bayut.com/property/details-13470548.html
Converted into 2BR | Private Garden | Furnished,"140,000",Apartment,Yearly,1,2,"1,133 sqft","Signature Livings South, Signature Livings, JVC District 10, Jumeirah Village Circle (JVC), Dubai",https://www.bayut.com/property/details-13307028.html
Spacious 1Br | Prime Location | JVC,"75,000",Apartment,Yearly,1,2,925 sqft,"Reef Residence, JVC District 13, Jumeirah Village Circle (JVC), Dubai",https://www.bayut.com/property/details-13664095.html
Spacious 1BHK | Prime Location | Ready To Move,"75,000",Apartment,Yearly,1,1,753 sqft,"Al Amir Residence, JVC District 11, Jumeirah Village Circle (JVC), Dubai",https://www.bayut.com/property/details-13662160.html
Spacious 1BR | Pool View | Ready to Move In,"90,000",Apartment,Yearly,1,2,717 sqft,"Signature Livings South, Signature Livings, JVC District 10, Jumeirah Village Circle (JVC), Dubai",https://www.bayut.com/property/details-13654745.html
Bright & Spacious | Prime Location | Ready to Move,"90,000",Apartment,Yearly,1,2,894 sqft,"Mayas Geneva, JVC District 14, Jumeirah Village Circle (JVC), Dubai",https://www.bayut.com/property/details-13056460.html
Prime Location | Luxury Family Villa | 4BR + Maid,"175,000",Villa,Yearly,4,6,"1,697 sqft","The Ghaf Tree, JVC District 13, Jumeirah Village Circle (JVC), Dubai",https://www.bayut.com/property/details-12875515.html
1 bhk Apartment | with best ammenities | Community View,"70,000",Apartment,Yearly,1,2,978 sqft,"Lavender 2, Emirates Gardens, JVC District 12, Jumeirah Village Circle (JVC), Dubai",https://www.bayut.com/property/details-13550320.html
Bright & Elegant unit I With skyline view & closed kitchen I Prime location,"90,000",Apartment,Yearly,2,2,"1,417 sqft","Lolena Residence, JVC District 12, Jumeirah Village Circle (JVC), Dubai",https://www.bayut.com/property/details-13680510.html
Stylish 1BR Fully Furnished I Smart Home I Ready to Move,"79,999",Apartment,Yearly,1,2,638 sqft,"Binghatti Heights, JVC District 10, Jumeirah Village Circle (JVC), Dubai",https://www.bayut.com/property/details-13545569.html
Brand new upgraded|Specious 1 Bed I Flexible Payment Plan I Ready to move,"67,999",Apartment,Yearly,1,2,997 sqft,"Magnolia 2, Emirates Gardens 2, JVC District 14, Jumeirah Village Circle (JVC), Dubai",https://www.bayut.com/property/details-13542420.html
Modern Touch 2BHK I High end Quality I Nice Layout,"99,000",Apartment,Yearly,2,2,"1,147 sqft","Golden Dream Tower 1, JVC District 18, Jumeirah Village Circle (JVC), Dubai",https://www.bayut.com/property/details-12766382.html
Brand New Studio | Big Balcony | Now at Lower Rent!,"53,000",Apartment,Yearly,,1,426 sqft,"Imperial Tower 2, JVC District 17, Jumeirah Village Circle (JVC), Dubai",https://www.bayut.com/property/details-11000397.html
Pool Access - Spacious layout - With Appliances,"90,000",Apartment,Yearly,1,2,"1,056 sqft","Westview Garden, JVC District 15, Jumeirah Village Circle (JVC), Dubai",https://www.bayut.com/property/details-13589404.html
Book Now -Pool View-1/2/3 BHK,"88,000",Apartment,Yearly,1,2,890 sqft,"Westview Garden, JVC District 15, Jumeirah Village Circle (JVC), Dubai",https://www.bayut.com/property/details-13539018.html
Modern Living | Fully Furnished | Vacant,"99,999",Apartment,Yearly,1,2,853 sqft,"Al Serh Residences 11, JVC District 10, Jumeirah Village Circle (JVC), Dubai",https://www.bayut.com/property/details-13663866.html
Fully Furnished 1BHK | Spacious Layout | Prime JVC Location,"90,000",Apartment,Yearly,1,2,794 sqft,"Binghatti Orchid, JVC District 10, Jumeirah Village Circle (JVC), Dubai",https://www.bayut.com/property/details-13656719.html
Chiller W Dewa-Spacious Layout-Multiple Options,"130,000",Apartment,Yearly,2,3,"1,470 sqft","Westview Garden, JVC District 15, Jumeirah Village Circle (JVC), Dubai",https://www.bayut.com/property/details-13539010.html
Modern Living | Fully Furnished | Vacant,"89,999",Apartment,Yearly,1,2,868 sqft,"Al Serh Residences 11, JVC District 10, Jumeirah Village Circle (JVC), Dubai",https://www.bayut.com/property/details-13371627.html
AC Inclusive | 12 Cheques | Kitchen Equipped,"68,000",Apartment,Yearly,1,2,864 sqft,"Al Yousuf Tower 1, Al Yousuf Towers, JVC District 12, Jumeirah Village Circle (JVC), Dubai",https://www.bayut.com/property/details-13676744.html
AC Inclusive | 12 Cheques | Kitchen Equipped,"75,000",Apartment,Yearly,1,2,"1,146 sqft","Al Yousuf Tower 1, Al Yousuf Towers, JVC District 12, Jumeirah Village Circle (JVC), Dubai",https://www.bayut.com/property/details-13493844.html
12 Cheques | Kitchen Equipped | AC Inclusive,"62,000",Apartment,Yearly,1,2,750 sqft,"Al Yousuf Tower 2, Al Yousuf Towers, JVC District 12, Jumeirah Village Circle (JVC), Dubai",https://www.bayut.com/property/details-13478082.html
AC Inclusive | 12 Cheques Kitchen Equipped,"72,000",Apartment,Yearly,1,2,"1,003 sqft","Al Yousuf Tower 1, Al Yousuf Towers, JVC District 12, Jumeirah Village Circle (JVC), Dubai",https://www.bayut.com/property/details-13125060.html
Chiller free | Near circle Mall | multiple cheques,"60,000",Apartment,Yearly,1,1,731 sqft,"Diamond Views III, JVC District 11, Jumeirah Village Circle (JVC), Dubai",https://www.bayut.com/property/details-13537590.html
Premium Quality | Next to Community Park | Vacant,"63,000",Apartment,Yearly,,1,506 sqft,"Oakley Square Residence, JVC District 11, Jumeirah Village Circle (JVC), Dubai",https://www.bayut.com/property/details-13634751.html
High Floor | Vacating Soon | Spacious | Exclusive,"71,999",Apartment,Yearly,1,2,726 sqft,"La Riviera Apartments, JVC District 10, Jumeirah Village Circle (JVC), Dubai",https://www.bayut.com/property/details-13519203.html
Multiple Options | Island Kitchen | Brand New,"89,999",Apartment,Yearly,1,2,765 sqft,"Binghatti Phoenix, JVC District 13, Jumeirah Village Circle (JVC), Dubai",https://www.bayut.com/property/details-13646292.html
Vacant | Brand New | Luxury Living,"60,000",Apartment,Yearly,,1,412 sqft,"West Tower, Luma 22, JVC District 10, Jumeirah Village Circle (JVC), Dubai",https://www.bayut.com/property/details-11948038.html
Available From January | Prime Location | Multiple Cheques,"85,000",Apartment,Yearly,1,2,762 sqft,"Concept 7 Residences, JVC District 11, Jumeirah Village Circle (JVC), Dubai",https://www.bayut.com/property/details-11193760.html
"Binghatti Phoenix, Jumeirah Village Circle, Dubai","64,990",Apartment,Yearly,,1,409 sqft,"Binghatti Phoenix, JVC District 13, Jumeirah Village Circle (JVC), Dubai",https://www.bayut.com/property/details-13683251.html
Phantom by Binghatti: A Vision Beyond Luxury,"99,999",Apartment,Yearly,1,2,911 sqft,"Binghatti Phantom, JVC District 17, Jumeirah Village Circle (JVC), Dubai",https://www.bayut.com/property/details-13609092.html
"Binghatti Phantom, Jumeirah Village Circle, Dubai","102,999",Apartment,Yearly,1,2,795 sqft,"Binghatti Phantom, JVC District 17, Jumeirah Village Circle (JVC), Dubai",https://www.bayut.com/property/details-13490495.html
Refined 2-Bed Apartment | Premium Finishes | Exceptional Comfort,"89,999",Apartment,Yearly,2,3,"1,128 sqft","Rose 10, JVC District 11, Jumeirah Village Circle (JVC), Dubai",https://www.bayut.com/property/details-13580955.html
Massive Duplex 2BR Apartment I Bright Unit I Prime JVC Location,"145,000",Apartment,Yearly,2,3,"2,344 sqft","Al Waleed Building, JVC District 13, Jumeirah Village Circle (JVC), Dubai",https://www.bayut.com/property/details-13384700.html
Unique Layout I Brand New Building I Closed Kitchen,"119,990",Apartment,Yearly,2,3,"1,300 sqft","SH Living 1, JVC District 14, Jumeirah Village Circle (JVC), Dubai",https://www.bayut.com/property/details-12964934.html
Brand New | Fully Furnished | Pool Facing,"104,995",Apartment,Yearly,1,2,755 sqft,"Pearl House 2, JVC District 12, Jumeirah Village Circle (JVC), Dubai",https://www.bayut.com/property/details-13340019.html
Spacious layout I Dream nest I Prime location,"85,000",Apartment,Yearly,1,2,814 sqft,"Belgravia 3A, Belgravia 3, JVC District 15, Jumeirah Village Circle (JVC), Dubai",https://www.bayut.com/property/details-13658628.html
Park View | Spacious 1BR + 2 Bath | Available Now,"85,000",Apartment,Yearly,1,2,799 sqft,"Binghatti Phoenix, JVC District 13, Jumeirah Village Circle (JVC), Dubai",https://www.bayut.com/property/details-13670088.html
Chiller Free | Park View | Semi Furnished | Studio | Ready To Move,"49,999",Apartment,Yearly,,1,407 sqft,"Pantheon Elysee III, JVC District 15, Jumeirah Village Circle (JVC), Dubai",https://www.bayut.com/property/details-12326387.html
Spacious 1BHK | Balcony | Premium Amenities,"65,000",Apartment,Yearly,1,2,978 sqft,"Lavender 2, Emirates Gardens, JVC District 12, Jumeirah Village Circle (JVC), Dubai",https://www.bayut.com/property/details-13672198.html
Ultra Luxury | 1 BHK Modern | Unfurnished,"65,000",Apartment,Yearly,,1,618 sqft,"Hameni Residence, JVC District 15, Jumeirah Village Circle (JVC), Dubai",https://www.bayut.com/property/details-13669946.html
2 BR+ Maid | Spacious | Dishwasher,"115,000",Apartment,Yearly,2,3,"1,234 sqft","Lucky 1 Residences, JVC District 13, Jumeirah Village Circle (JVC), Dubai",https://www.bayut.com/property/details-13000702.html
"Binghatti Rose, JVC District 15, Jumeirah Village Circle (JVC), Dubai","84,999",Apartment,Yearly,2,2,959 sqft,"Binghatti Rose, JVC District 15, Jumeirah Village Circle (JVC), Dubai",https://www.bayut.com/property/details-13707028.html
Premium Studio Living in Binghatti Azure,"59,900",Apartment,Yearly,,1,338 sqft,"Binghatti Azure, JVC District 16, Jumeirah Village Circle (JVC), Dubai",https://www.bayut.com/property/details-13667167.html
"12 cheques Binghatti Azure, Jumeirah Village Circle, Dubai","59,999",Apartment,Yearly,,1,386 sqft,"Binghatti Azure, JVC District 16, Jumeirah Village Circle (JVC), Dubai",https://www.bayut.com/property/details-13650253.html
Brand New - Pool View - Multiple Options,"88,000",Apartment,Yearly,1,2,890 sqft,"Westview Garden, JVC District 15, Jumeirah Village Circle (JVC), Dubai",https://www.bayut.com/property/details-13539005.html
Spacious 2-Bedroom Apartment – Community & Park View,"135,000",Apartment,Yearly,2,3,"1,481 sqft","Westview Garden, JVC District 15, Jumeirah Village Circle (JVC), Dubai",https://www.bayut.com/property/details-13194127.html
Vacant | Garden View | Fully furnished,"84,999",Apartment,Yearly,1,1,621 sqft,"Luma21, JVC District 14, Jumeirah Village Circle (JVC), Dubai",https://www.bayut.com/property/details-13709157.html
Fully Furnished |pool view| Brand New,"100,000",Apartment,Yearly,1,2,745 sqft,"Pearl House by Imtiaz, JVC District 13, Jumeirah Village Circle (JVC), Dubai",https://www.bayut.com/property/details-13067653.html
Modern Furnished | Prime Location | Ready To Move,"85,000",Apartment,Yearly,1,2,758 sqft,"Oxford Residence 2, JVC District 10, Jumeirah Village Circle (JVC), Dubai",https://www.bayut.com/property/details-13277682.html
Smart 1BR + Maids | Chiller Free | Book Now,"80,000",Apartment,Yearly,1,2,852 sqft,"Avanos Residence, JVC District 10, Jumeirah Village Circle (JVC), Dubai",https://www.bayut.com/property/details-13005708.html
LUXURY MODERN 1 BEDROOM / CLOSE KITCHEN/ WITH BALCONY/ READY TO MOVE,"80,000",Apartment,Yearly,1,1,813 sqft,"SH Living 1, JVC District 14, Jumeirah Village Circle (JVC), Dubai",https://www.bayut.com/property/details-13521170.html
Spacious 2BR Duplex | Big Terrace | Prime JVC Location,"130,000",Apartment,Yearly,2,3,"1,942 sqft","Royal JVC Building, JVC District 10, Jumeirah Village Circle (JVC), Dubai",https://www.bayut.com/property/details-13672808.html
Spacious 1 Bedroom | Balcony | Ready to Move In,"70,000",Apartment,Yearly,1,2,803 sqft,"Crystal Residence, JVC District 11, Jumeirah Village Circle (JVC), Dubai",https://www.bayut.com/property/details-13668623.html
"Spacious, | Fitted Kitchen Appliances| Modern","70,000",Apartment,Yearly,1,2,805 sqft,"Rigel Apartments, JVC District 10, Jumeirah Village Circle (JVC), Dubai",https://www.bayut.com/property/details-13154316.html
UNFURNISHED STUDIO || NEAR TO JVC EXIT || CALL US NOW,"48,000",Apartment,Yearly,,1,451 sqft,"Hanover Square, JVC District 10, Jumeirah Village Circle (JVC), Dubai",https://www.bayut.com/property/details-13650882.html
Spacious Duplex | 2BHK+Maid | Upgraded Unit,"155,000",Apartment,Yearly,2,3,"2,501 sqft","Fortunato, JVC District 11, Jumeirah Village Circle (JVC), Dubai",https://www.bayut.com/property/details-13380428.html
Brand New | Bigger Layout | Multiple Options,"134,999",Apartment,Yearly,2,2,"1,202 sqft","Binghatti Phoenix, JVC District 13, Jumeirah Village Circle (JVC), Dubai",https://www.bayut.com/property/details-13416694.html
Brand New | Best Layout | Multiple Options,"84,999",Apartment,Yearly,1,2,800 sqft,"Binghatti Phoenix, JVC District 13, Jumeirah Village Circle (JVC), Dubai",https://www.bayut.com/property/details-13477581.html
Ready To Move-In | 1 Bed + Study | Top Quality | Huge Layout | Best Amenities,"104,000",Apartment,Yearly,1,2,855 sqft,"Oxford Terraces, JVC District 11, Jumeirah Village Circle (JVC), Dubai",https://www.bayut.com/property/details-13094173.html
spacious 1 BR - Apartment I Great Finishing I Cozy & Bright Living,"65,000",Apartment,Yearly,1,2,829 sqft,"Oxford Building, JVC District 14, Jumeirah Village Circle (JVC), Dubai",https://www.bayut.com/property/details-13589268.html
Brand New | Smart Home | Biggest Layout,"59,999",Apartment,Yearly,,1,498 sqft,"Binghatti Phoenix, JVC District 13, Jumeirah Village Circle (JVC), Dubai",https://www.bayut.com/property/details-13633781.html
Brand New Studio | Premium Location | Vacant,"55,000",Apartment,Yearly,,1,397 sqft,"Aura, JVC District 14, Jumeirah Village Circle (JVC), Dubai",https://www.bayut.com/property/details-13674781.html
Community View | Prime Location | Spacious Unit,"79,999",Apartment,Yearly,2,2,"1,594 sqft","Knightsbridge Court, JVC District 13, Jumeirah Village Circle (JVC), Dubai",https://www.bayut.com/property/details-12790355.html
Near To Exit | High Floor | Prime Location,"99,999",Apartment,Yearly,2,3,"1,152 sqft","Golden Dream Tower 1, JVC District 18, Jumeirah Village Circle (JVC), Dubai",https://www.bayut.com/property/details-13536370.html
Brand New Building I Bright & Luxury Layout I Prime Location,"78,000",Apartment,Yearly,1,2,"1,060 sqft","Serenity Lakes 5, JVC District 10, Jumeirah Village Circle (JVC), Dubai",https://www.bayut.com/property/details-13480678.html
Golden Opportunity at Golden Dream Tower – Studio for AED 50K,"50,000",Apartment,Yearly,,1,412 sqft,"Golden Dream Tower 1, JVC District 18, Jumeirah Village Circle (JVC), Dubai",https://www.bayut.com/property/details-12967277.html
Binghatti Crest at JVC | Contemporary Apartments,"79,999",Apartment,Yearly,1,1,618 sqft,"Binghatti Crest, JVC District 13, Jumeirah Village Circle (JVC), Dubai",https://www.bayut.com/property/details-13711782.html
Premium Finish | 1BR | Study Room Included,"80,000",Apartment,Yearly,1,2,859 sqft,"Avanos Residence, JVC District 10, Jumeirah Village Circle (JVC), Dubai",https://www.bayut.com/property/details-13657481.html
READY TO MOVE l GREAT LOCATION l CALL ME,"100,000",Apartment,Yearly,2,2,"1,483 sqft","Roxana Residence B, Roxana Residences, JVC District 12, Jumeirah Village Circle (JVC), Dubai",https://www.bayut.com/property/details-13705647.html
Elegant Furnished Apartment | Luma 22 | Prime JVC Location,"80,000",Apartment,Yearly,1,1,710 sqft,"West Tower, Luma 22, JVC District 10, Jumeirah Village Circle (JVC), Dubai",https://www.bayut.com/property/details-13458913.html
Spacious 2bhk I With huge balcony I Prime spot,"90,000",Apartment,Yearly,2,3,"1,231 sqft","Fortunato, JVC District 11, Jumeirah Village Circle (JVC), Dubai",https://www.bayut.com/property/details-13674776.html
Spacious unit with maids' room I High- quality finish I Easy Access,"71,999",Apartment,Yearly,1,2,803 sqft,"Rigel Apartments, JVC District 10, Jumeirah Village Circle (JVC), Dubai",https://www.bayut.com/property/details-13581501.html
Fully Furnished I Spacious Unit | Community View,"70,000",Apartment,Yearly,1,2,682 sqft,"La Riviera Estate A, La Riviera Estates, JVC District 10, Jumeirah Village Circle (JVC), Dubai",https://www.bayut.com/property/details-13519130.html
1bhk + Maid room I Vacant with kitchen appliances I Prime location,"75,000",Apartment,Yearly,1,2,820 sqft,"Laya Mansion, JVC District 15, Jumeirah Village Circle (JVC), Dubai",https://www.bayut.com/property/details-13396795.html
Pool View | Spacious Layout | Prime Location,"70,000",Apartment,Yearly,1,2,740 sqft,"Binghatti Jasmine, JVC District 15, Jumeirah Village Circle (JVC), Dubai",https://www.bayut.com/property/details-13584274.html
Studio | Tennis/ Paddle Court View | Equipped Kitchen,"55,000",Apartment,Yearly,,1,491 sqft,"La Vita Bella, JVC District 10, Jumeirah Village Circle (JVC), Dubai",https://www.bayut.com/property/details-13670022.html
2 B/R with Balcony | Pool and Gym | JVC,"113,000",Apartment,Yearly,2,3,"1,509 sqft","Al Naim Residence, JVC District 10, Jumeirah Village Circle (JVC), Dubai",https://www.bayut.com/property/details-13648026.html
"Binghatti Corner, Jumeirah Village Circle (JVC)","89,900",Apartment,Yearly,1,1,697 sqft,"Binghatti Corner, JVC District 10, Jumeirah Village Circle (JVC), Dubai",https://www.bayut.com/property/details-13518275.html
Spacious 1BR | Unfurnished | Modern,"74,900",Apartment,Yearly,1,2,866 sqft,"Marwa Heights, JVC District 15, Jumeirah Village Circle (JVC), Dubai",https://www.bayut.com/property/details-13454101.html
Near to Mall - Best Amenities - With Storage,"140,000",Apartment,Yearly,2,3,"1,290 sqft","Westview Tower, JVC District 11, Jumeirah Village Circle (JVC), Dubai",https://www.bayut.com/property/details-13676227.html
Spacious and Huge | AC Inclusive | 12 Cheques,"92,000",Apartment,Yearly,2,3,"1,256 sqft","Al Yousuf Tower 2, Al Yousuf Towers, JVC District 12, Jumeirah Village Circle (JVC), Dubai",https://www.bayut.com/property/details-13477933.html
Bright & Modern 2BR | Luxury Community | Ready to Move-in,"125,000",Apartment,Yearly,2,2,"1,126 sqft","Belgravia Heights 1, JVC District 12, Jumeirah Village Circle (JVC), Dubai",https://www.bayut.com/property/details-13536801.html
Brand New / Premium Quality / Fully Furnished,"95,000",Apartment,Yearly,1,2,805 sqft,"The Sloane by Belgravia Heights, JVC District 12, Jumeirah Village Circle (JVC), Dubai",https://www.bayut.com/property/details-13082359.html
1BR+Private Pool | Brand New | Premium Quality,"120,000",Apartment,Yearly,1,2,806 sqft,"Binghatti Royale, JVC District 18, Jumeirah Village Circle (JVC), Dubai",https://www.bayut.com/property/details-13705831.html
Fully furnished | Well Maintained | Call Now,"89,999",Apartment,Yearly,1,2,898 sqft,"Park View Tower, JVC District 14, Jumeirah Village Circle (JVC), Dubai",https://www.bayut.com/property/details-13531077.html
Spacious unit I Semi-closed kitchen I Near to circle mall,"64,999",Apartment,Yearly,1,2,875 sqft,"Pulse Smart Residence, JVC District 11, Jumeirah Village Circle (JVC), Dubai",https://www.bayut.com/property/details-13675719.html
Premium unit with skyline views I Great amenity I Prime spot,"85,000",Apartment,Yearly,2,2,961 sqft,"Binghatti Rose, JVC District 15, Jumeirah Village Circle (JVC), Dubai",https://www.bayut.com/property/details-13672903.html
Luxurious unit I With great amenity I Prime spot,"90,000",Apartment,Yearly,2,3,"1,128 sqft","Rose 10, JVC District 11, Jumeirah Village Circle (JVC), Dubai",https://www.bayut.com/property/details-13582189.html
Fully Furnished | Vacant | Unobstructed View,"74,995",Apartment,Yearly,1,2,995 sqft,"Binghatti Gate, JVC District 15, Jumeirah Village Circle (JVC), Dubai",https://www.bayut.com/property/details-13678682.html
Spacious 1BR with Balcony | Equipped Kitchen | Upgraded Amenities | JVC,"69,000",Apartment,Yearly,1,2,837 sqft,"Imperial Tower, JVC District 17, Jumeirah Village Circle (JVC), Dubai",https://www.bayut.com/property/details-13709984.html
"EXCLUSIVE MONTH-END SUPER SALE - LIMITED UNITS, REDUCED PRICES | ZERO MAINT FEES | Equipped Kitchen","69,000",Apartment,Yearly,1,2,837 sqft,"Imperial Tower, JVC District 17, Jumeirah Village Circle (JVC), Dubai",https://www.bayut.com/property/details-10522032.html
2 B/R with 2 Balconies | High Floor | Brand New,"95,000",Apartment,Yearly,2,3,"1,335 sqft","Imperial Tower, JVC District 17, Jumeirah Village Circle (JVC), Dubai",https://www.bayut.com/property/details-9427722.html
Spacious 2BR with Balcony| Closed Kitchen,"95,000",Apartment,Yearly,2,3,"1,335 sqft","Imperial Tower, JVC District 17, Jumeirah Village Circle (JVC), Dubai",https://www.bayut.com/property/details-9401369.html
Huge Layout | Well Maintained | JVC | Book Now,"61,999",Apartment,Yearly,1,2,"1,016 sqft","Siena 1, Siena, Tuscan Residence, JVC District 10, Jumeirah Village Circle (JVC), Dubai",https://www.bayut.com/property/details-13405747.html
Available | Best View | High Floor | Furnished,"140,000",Apartment,Yearly,1,2,921 sqft,"Binghatti Royale, JVC District 18, Jumeirah Village Circle (JVC), Dubai",https://www.bayut.com/property/details-13662683.html
Fully Furnished | Best View | High Floor | New,"130,000",Apartment,Yearly,1,2,806 sqft,"Binghatti Royale, JVC District 18, Jumeirah Village Circle (JVC), Dubai",https://www.bayut.com/property/details-13647481.html
Vacant | Best View | High Floor | Fully Furnished,"130,000",Apartment,Yearly,1,2,806 sqft,"Binghatti Royale, JVC District 18, Jumeirah Village Circle (JVC), Dubai",https://www.bayut.com/property/details-13645887.html
Community View | High End Quality | Prime Location,"100,000",Apartment,Yearly,1,2,904 sqft,"Catch Residences, JVC District 12, Jumeirah Village Circle (JVC), Dubai",https://www.bayut.com/property/details-13690516.html
Modern | Elegant | Ready to Move,"57,999",Apartment,Yearly,,1,394 sqft,"Bloom Tower B, Bloom Towers, JVC District 10, Jumeirah Village Circle (JVC), Dubai",https://www.bayut.com/property/details-13703764.html
Fully Upgraded | Fully Furnished | Pool View | vastu compliant,"82,000",Apartment,Yearly,1,2,"1,006 sqft","Magnolia 2, Emirates Gardens 2, JVC District 14, Jumeirah Village Circle (JVC), Dubai",https://www.bayut.com/property/details-13064622.html
SPACIOUS HIGH FLOOR | MODERN| NEAR TO MALL,"155,000",Apartment,Yearly,2,3,"1,484 sqft","The Vybe, JVC District 16, Jumeirah Village Circle (JVC), Dubai",https://www.bayut.com/property/details-13509025.html
Spacious | Brand New | Modern Layout,"78,000",Apartment,Yearly,1,1,723 sqft,"The Vybe, JVC District 16, Jumeirah Village Circle (JVC), Dubai",https://www.bayut.com/property/details-13000402.html
Unique Design | Elegant 2 Bed + Maid | High-End Finishing,"110,000",Apartment,Yearly,2,3,"1,401 sqft","Lucky 1 Residences, JVC District 13, Jumeirah Village Circle (JVC), Dubai",https://www.bayut.com/property/details-12510579.html
Fully Upgraded Unit For Rent I Modern Living I Prime JVC Location,"75,000",Apartment,Yearly,1,2,768 sqft,"Lucky 1 Residences, JVC District 13, Jumeirah Village Circle (JVC), Dubai",https://www.bayut.com/property/details-13429191.html
Brand New | Best Quality | Park View,"60,000",Apartment,Yearly,,1,426 sqft,"Binghatti Phoenix, JVC District 13, Jumeirah Village Circle (JVC), Dubai",https://www.bayut.com/property/details-13659577.html
4 Bed | Townhouse | Unfurnished | Vacating soon,"190,000",Townhouse,Yearly,4,5,"4,400 sqft","Shamal Terraces, JVC District 14, Jumeirah Village Circle (JVC), Dubai",https://www.bayut.com/property/details-13457161.html
Spacious 1 BHK | Private Pool | Brand New,"95,000",Apartment,Yearly,1,2,796 sqft,"Binghatti Phantom, JVC District 17, Jumeirah Village Circle (JVC), Dubai",https://www.bayut.com/property/details-13313714.html
Bright 1 BR | High-end Finishing I Elegant Layout I Big Terrace,"75,000",Apartment,Yearly,1,2,904 sqft,"AAA Residence, JVC District 13, Jumeirah Village Circle (JVC), Dubai",https://www.bayut.com/property/details-13369551.html
Premium Studio | Spacious | Semifurnished | Chiller Included,"56,000",Apartment,Yearly,,1,586 sqft,"Sobo Apartments, JVC District 15, Jumeirah Village Circle (JVC), Dubai",https://www.bayut.com/property/details-13497277.html
A Rare 1BR Pool View Extra Spacious Living Next to Park,"90,000",Apartment,Yearly,1,2,928 sqft,"Hameni Residence, JVC District 15, Jumeirah Village Circle (JVC), Dubai",https://www.bayut.com/property/details-13641024.html
Stylish 1BR | Brand New | Private Pool I High Floor,"105,000",Apartment,Yearly,1,2,807 sqft,"Binghatti Royale, JVC District 18, Jumeirah Village Circle (JVC), Dubai",https://www.bayut.com/property/details-13477567.html
Community View | Spacious 2Br | Best Amenities,"124,999",Apartment,Yearly,2,2,"1,189 sqft","Marwa Heights, JVC District 15, Jumeirah Village Circle (JVC), Dubai",https://www.bayut.com/property/details-13690234.html
Road Facing | Spacious Unit | Prime Location,"59,000",Apartment,Yearly,1,2,602 sqft,"Masaar Residence, JVC District 15, Jumeirah Village Circle (JVC), Dubai",https://www.bayut.com/property/details-13674001.html
Modern Living | Brand New | Bigger Layout,"110,000",Apartment,Yearly,1,2,911 sqft,"Binghatti Phantom, JVC District 17, Jumeirah Village Circle (JVC), Dubai",https://www.bayut.com/property/details-13668622.html
Elegant Furnished Studio | Premium Finishes | Bright & Stylish Living,"64,999",Apartment,Yearly,,1,387 sqft,"Binghatti Aurora, JVC District 12, Jumeirah Village Circle (JVC), Dubai",https://www.bayut.com/property/details-13671929.html
Modern Studio | Furnished | 12 Cheques,"54,000",Apartment,Yearly,,1,505 sqft,"Siena 1, Siena, Tuscan Residence, JVC District 10, Jumeirah Village Circle (JVC), Dubai",https://www.bayut.com/property/details-13707232.html
Luxurious 1 BHK| Bright & Spacious| Brand New,"90,000",Apartment,Yearly,1,2,760 sqft,"Binghatti Phoenix, JVC District 13, Jumeirah Village Circle (JVC), Dubai",https://www.bayut.com/property/details-13447579.html
Brand new l 2 Bedroom l For Family l Ready to move,"73,000",Apartment,Yearly,2,2,771 sqft,"S. S. Lootah Residence, JVC District 11, Jumeirah Village Circle (JVC), Dubai",https://www.bayut.com/property/details-13677385.html
4 Cheques | Pool Facing | Vacant | Largest Layout,"147,500",Apartment,Yearly,2,2,"1,217 sqft","Belgravia 3B, Belgravia 3, JVC District 15, Jumeirah Village Circle (JVC), Dubai",https://www.bayut.com/property/details-13680676.html
Pool View | Unfurnished | Studio |,"60,000",Apartment,Yearly,,1,424 sqft,"Belgravia 3B, Belgravia 3, JVC District 15, Jumeirah Village Circle (JVC), Dubai",https://www.bayut.com/property/details-13571421.html
Spacious | Prime Location | Fully Fitted Kitchen,"76,000",Apartment,Yearly,1,2,724 sqft,"Aria Residence, JVC District 14, Jumeirah Village Circle (JVC), Dubai",https://www.bayut.com/property/details-13705804.html
Pool-Park View | Corner Unit | High Floor,"65,000",Apartment,Yearly,,1,428 sqft,"Binghatti Phoenix, JVC District 13, Jumeirah Village Circle (JVC), Dubai",https://www.bayut.com/property/details-13396919.html
Ready To Move In | Duplex | Spacious Layout,"129,000",Apartment,Yearly,2,3,"1,840 sqft","Villa Myra, JVC District 15, Jumeirah Village Circle (JVC), Dubai",https://www.bayut.com/property/details-13634049.html
High Floor | Spacious Layout | Fitted Kitchen,"90,000",Apartment,Yearly,1,1,861 sqft,"Binghatti Phoenix, JVC District 13, Jumeirah Village Circle (JVC), Dubai",https://www.bayut.com/property/details-13648341.html
Large Layout | Appliances | Dishwasher | Premium,"86,000",Apartment,Yearly,1,2,773 sqft,"Harrington House, JVC District 14, Jumeirah Village Circle (JVC), Dubai",https://www.bayut.com/property/details-13579500.html
2 Bedroom | Best Amenities | Road view,"120,000",Apartment,Yearly,2,4,"1,258 sqft","Summer 2 Block A, Summer, Seasons Community, JVC District 15, Jumeirah Village Circle (JVC), Dubai",https://www.bayut.com/property/details-13673322.html
Spacious Layout | Ready to Move | Good Location,"100,000",Apartment,Yearly,2,2,"1,090 sqft","Xanadu Residence 2, JVC District 13, Jumeirah Village Circle (JVC), Dubai",https://www.bayut.com/property/details-13538040.html
Spacious 1BHK | Chiller Free | With Balcony |,"70,000",Apartment,Yearly,1,2,952 sqft,"Pantheon Boulevard, JVC District 13, Jumeirah Village Circle (JVC), Dubai",https://www.bayut.com/property/details-13667042.html
Prime Location | Close To Circle Mall | Spacious,"65,000",Apartment,Yearly,1,2,875 sqft,"Pulse Smart Residence, JVC District 11, Jumeirah Village Circle (JVC), Dubai",https://www.bayut.com/property/details-13278333.html
Largest Layout | Pool Facing | Newly Furnished,"131,575",Apartment,Yearly,2,2,"1,133 sqft","Signature Livings South, Signature Livings, JVC District 10, Jumeirah Village Circle (JVC), Dubai",https://www.bayut.com/property/details-13189764.html
Brand New - Community View - Multiple Options,"88,000",Apartment,Yearly,1,2,887 sqft,"Westview Garden, JVC District 15, Jumeirah Village Circle (JVC), Dubai",https://www.bayut.com/property/details-13580850.html
Ready to Move | Huge Layout | Ideal location,"90,000",Apartment,Yearly,2,2,"1,417 sqft","Lolena Residence, JVC District 12, Jumeirah Village Circle (JVC), Dubai",https://www.bayut.com/property/details-13648475.html
Rented unit | High Floor | Kitchen Appliances,"74,999",Apartment,Yearly,1,2,753 sqft,"Bloom Heights 1, Bloom Heights, JVC District 15, Jumeirah Village Circle (JVC), Dubai",https://www.bayut.com/property/details-13579965.html
Fully Furnished | Ready to Move In | Best Deal,"55,000",Apartment,Yearly,,1,438 sqft,"DAMAC Ghalia, JVC District 18, Jumeirah Village Circle (JVC), Dubai",https://www.bayut.com/property/details-12360579.html
Brand New - Huge Terrace- Pool View,"95,000",Apartment,Yearly,1,2,"1,097 sqft","Westview Garden, JVC District 15, Jumeirah Village Circle (JVC), Dubai",https://www.bayut.com/property/details-13547827.html
Community View | High End Quality | Prime Location,"93,999",Apartment,Yearly,1,2,783 sqft,"Belgravia Square, JVC District 14, Jumeirah Village Circle (JVC), Dubai",https://www.bayut.com/property/details-13686075.html
Smart Home | Pool View | Spacious Layout,"85,000",Apartment,Yearly,1,2,940 sqft,"La Riviera Azure, JVC District 10, Jumeirah Village Circle (JVC), Dubai",https://www.bayut.com/property/details-13202806.html
Furnished 2BHK + Store Room | Best Price |,"105,000",Apartment,Yearly,2,3,"1,280 sqft","Alcove, JVC District 11, Jumeirah Village Circle (JVC), Dubai",https://www.bayut.com/property/details-13671036.html
Brand New - Huge size - Chiller with Dewa,"90,000",Apartment,Yearly,1,2,919 sqft,"Westview Garden, JVC District 15, Jumeirah Village Circle (JVC), Dubai",https://www.bayut.com/property/details-13169249.html
Ready to Move In | Prime Location | Garden view,"72,000",Apartment,Yearly,1,2,711 sqft,"Jeewar Apartments, JVC District 11, Jumeirah Village Circle (JVC), Dubai",https://www.bayut.com/property/details-13523298.html
Exclusive ! Luxury Living ! Balcony ! JSS School ! Vacant !,"62,000",Apartment,Yearly,1,2,682 sqft,"La Riviera Estate A, La Riviera Estates, JVC District 10, Jumeirah Village Circle (JVC), Dubai",https://www.bayut.com/property/details-13406649.html
Spacious 1 Bedroom I On High Floor I Prime Location,"70,000",Apartment,Yearly,1,2,886 sqft,"Reef Residence, JVC District 13, Jumeirah Village Circle (JVC), Dubai",https://www.bayut.com/property/details-13375345.html
Spacious 1BR | Ready to Move | Prime Location,"84,999",Apartment,Yearly,1,2,760 sqft,"Binghatti Phoenix, JVC District 13, Jumeirah Village Circle (JVC), Dubai",https://www.bayut.com/property/details-13661256.html
Spacious 1BR | Elegant Living | Bright Unit | Good Amenities,"65,000",Apartment,Yearly,1,2,805 sqft,"Imperial Tower, JVC District 17, Jumeirah Village Circle (JVC), Dubai",https://www.bayut.com/property/details-13472026.html
Brand New - Huge Size - Multiple options,"140,000",Apartment,Yearly,2,3,"1,458 sqft","Westview Garden, JVC District 15, Jumeirah Village Circle (JVC), Dubai",https://www.bayut.com/property/details-13539021.html
Modern Furnished | Vacant | Spacious,"70,000",Apartment,Yearly,1,2,572 sqft,"Summer 2 Block A, Summer, Seasons Community, JVC District 15, Jumeirah Village Circle (JVC), Dubai",https://www.bayut.com/property/details-13392500.html
Closed Kitchen | Modern Layout | Ready to Move,"75,000",Apartment,Yearly,1,2,898 sqft,"Golden Dream Tower 1, JVC District 18, Jumeirah Village Circle (JVC), Dubai",https://www.bayut.com/property/details-13616114.html
Prime Location | Ready to Move | Book Now,"115,000",Apartment,Yearly,2,3,"1,058 sqft","Bloom Heights 1, Bloom Heights, JVC District 15, Jumeirah Village Circle (JVC), Dubai",https://www.bayut.com/property/details-13671409.html
Ready to Move | Prime Location | Book Now,"46,000",Apartment,Yearly,,1,395 sqft,"Bloom Heights 1, Bloom Heights, JVC District 15, Jumeirah Village Circle (JVC), Dubai",https://www.bayut.com/property/details-13670898.html
Best Price | 1 Bedroom convert to 2 Bedrooms | Ready to Move,"74,999",Apartment,Yearly,1,2,894 sqft,"Shamal Waves, JVC District 14, Jumeirah Village Circle (JVC), Dubai",https://www.bayut.com/property/details-13051780.html
Modern Living | Fully Furnished | Vacant,"54,999",Apartment,Yearly,,1,401 sqft,"Casa Grande, JVC District 11, Jumeirah Village Circle (JVC), Dubai",https://www.bayut.com/property/details-13664094.html
"Bright apartment,Kitchen appliances,Ready to move","114,999",Apartment,Yearly,2,2,"1,055 sqft","Bloom Heights 1, Bloom Heights, JVC District 15, Jumeirah Village Circle (JVC), Dubai",https://www.bayut.com/property/details-13509555.html
"Bright apartment,Close kitchen,Ready to move","99,000",Apartment,Yearly,2,3,"1,334 sqft","Imperial Tower, JVC District 17, Jumeirah Village Circle (JVC), Dubai",https://www.bayut.com/property/details-13511015.html
Brand New | Park View | View Today,"90,000",Apartment,Yearly,1,2,865 sqft,"Hadley Heights, JVC District 11, Jumeirah Village Circle (JVC), Dubai",https://www.bayut.com/property/details-13673615.html
Be The First Tenant | Furnished Studio | Ready,"71,998",Apartment,Yearly,,1,550 sqft,"The Autograph, JVC District 10, Jumeirah Village Circle (JVC), Dubai",https://www.bayut.com/property/details-13675584.html
Ready To Move-In | Fully Furnished | Premium Quality | Best Amenities | Book Now!,"90,000",Apartment,Yearly,1,2,877 sqft,"Beverly Residence, JVC District 13, Jumeirah Village Circle (JVC), Dubai",https://www.bayut.com/property/details-8674231.html
Brand New | High Floor | Ready To Move,"50,000",Apartment,Yearly,,1,303 sqft,"Binghatti Tulip, JVC District 11, Jumeirah Village Circle (JVC), Dubai",https://www.bayut.com/property/details-13643612.html
Fully Furnished Studio | Prime JVC Location | Ready to Move,"54,999",Apartment,Yearly,,1,396 sqft,"Bloom Heights 2, Bloom Heights, JVC District 15, Jumeirah Village Circle (JVC), Dubai",https://www.bayut.com/property/details-13667095.html
1BR+ Maid Room | Near to JSS School | Chiller Free 100%,"75,000",Apartment,Yearly,1,2,"1,217 sqft","Laya Residences, JVC District 10, Jumeirah Village Circle (JVC), Dubai",https://www.bayut.com/property/details-13610999.html
Panoramic View | Brand New | Vacant,"80,000",Apartment,Yearly,1,2,678 sqft,"Binghatti Azure, JVC District 16, Jumeirah Village Circle (JVC), Dubai",https://www.bayut.com/property/details-13661833.html
Furnished 1 Bedroom | High Floor | skyline View,"80,000",Apartment,Yearly,1,2,638 sqft,"Binghatti Heights, JVC District 10, Jumeirah Village Circle (JVC), Dubai",https://www.bayut.com/property/details-13571937.html
Stylish | Studio | Chiller Free Near Circle Mall,"55,000",Apartment,Yearly,,1,371 sqft,"Casa Grande, JVC District 11, Jumeirah Village Circle (JVC), Dubai",https://www.bayut.com/property/details-13631009.html
Luxury | Marina View | Spacious,"49,999",Apartment,Yearly,,1,409 sqft,"Bloom Tower C, Bloom Towers, JVC District 10, Jumeirah Village Circle (JVC), Dubai",https://www.bayut.com/property/details-13345963.html
Furnished | Dishwasher | Call Now,"77,000",Apartment,Yearly,1,2,820 sqft,"O2 Tower, JVC District 14, Jumeirah Village Circle (JVC), Dubai",https://www.bayut.com/property/details-13662247.html
Spacious Layout | Prime Location | Best Deal,"69,000",Apartment,Yearly,1,2,633 sqft,"Pantheon Elysee I, JVC District 13, Jumeirah Village Circle (JVC), Dubai",https://www.bayut.com/property/details-13160530.html
Spacious Layout | Prime Location | Best Deal,"69,000",Apartment,Yearly,1,2,633 sqft,"Pantheon Elysee I, JVC District 13, Jumeirah Village Circle (JVC), Dubai",https://www.bayut.com/property/details-13160530.html
Pool View | Modern Layout | High End Quality,"54,999",Apartment,Yearly,,1,444 sqft,"Laya Mansion, JVC District 15, Jumeirah Village Circle (JVC), Dubai",https://www.bayut.com/property/details-13671513.html
Upgraded Apartment | Unfurnished | Near to Exit,"55,000",Apartment,Yearly,1,2,647 sqft,"Autumn, Seasons Community, JVC District 15, Jumeirah Village Circle (JVC), Dubai",https://www.bayut.com/property/details-13666422.html
Fully Furnished / Huge Layout / Near To Park,"64,999",Apartment,Yearly,1,2,979 sqft,"Maple 1, Emirates Gardens 2, JVC District 14, Jumeirah Village Circle (JVC), Dubai",https://www.bayut.com/property/details-13658891.html
Fully Furnished I Balcony I High-End Living in JVC,"70,000",Apartment,Yearly,1,2,963 sqft,"Plaza Residences Block A, Plaza Residences, JVC District 13, Jumeirah Village Circle (JVC), Dubai",https://www.bayut.com/property/details-13306103.html
Brand new / Available from 1st NOV/ Luxury Living,"110,000",Apartment,Yearly,1,2,879 sqft,"Luma Park Views, JVC District 14, Jumeirah Village Circle (JVC), Dubai",https://www.bayut.com/property/details-13197584.html
Brand New | Available from 15 January 2026 | Luxury Living,"184,999",Apartment,Yearly,3,4,"1,309 sqft","Luma Park Views, JVC District 14, Jumeirah Village Circle (JVC), Dubai",https://www.bayut.com/property/details-13583942.html
2BHK+Maid | Spacious Layout | Multiple Cheques,"190,000",Villa,Yearly,2,4,"7,806 sqft","JVC District 16, Jumeirah Village Circle (JVC), Dubai",https://www.bayut.com/property/details-13662041.html
Brand New| Near Exit & Entrance | Near Circle Mall,"49,999",Apartment,Yearly,,1,390 sqft,"Binghatti Azure, JVC District 16, Jumeirah Village Circle (JVC), Dubai",https://www.bayut.com/property/details-12024375.html
Pool View | Prime Location | Brand New,"59,999",Apartment,Yearly,,1,426 sqft,"Binghatti Phoenix, JVC District 13, Jumeirah Village Circle (JVC), Dubai",https://www.bayut.com/property/details-13125362.html
Spacious Unit | Huge Layout | Prime Location,"84,999",Apartment,Yearly,1,2,792 sqft,"Binghatti Phoenix, JVC District 13, Jumeirah Village Circle (JVC), Dubai",https://www.bayut.com/property/details-13635429.html
1 bhk Apartment | with best ammenities | Road view,"85,000",Apartment,Yearly,1,2,798 sqft,"Binghatti Phoenix, JVC District 13, Jumeirah Village Circle (JVC), Dubai",https://www.bayut.com/property/details-13423733.html
1 bhk Apartment | with best ammenities | Road view,"85,000",Apartment,Yearly,1,2,798 sqft,"Binghatti Phoenix, JVC District 13, Jumeirah Village Circle (JVC), Dubai",https://www.bayut.com/property/details-13423335.html
3bhk Unfurnished | Huge Layout | Community View,"129,999",Apartment,Yearly,3,3,"1,358 sqft","Binghatti Heights, JVC District 10, Jumeirah Village Circle (JVC), Dubai",https://www.bayut.com/property/details-12687625.html
Unfurnished | Spacious | Marina View,"48,000",Apartment,Yearly,,1,410 sqft,"Bloom Tower C, Bloom Towers, JVC District 10, Jumeirah Village Circle (JVC), Dubai",https://www.bayut.com/property/details-13465614.html
1 bhk Apartment | with best ammenities | Road view,"85,000",Apartment,Yearly,1,2,781 sqft,"Binghatti Aurora, JVC District 12, Jumeirah Village Circle (JVC), Dubai",https://www.bayut.com/property/details-13547489.html
Fully Furnished | Great Finishing | Best Amenities,"100,000",Apartment,Yearly,1,2,769 sqft,"Pearl House 2, JVC District 12, Jumeirah Village Circle (JVC), Dubai",https://www.bayut.com/property/details-13523518.html
Brand New | Park View | Multiple options,"89,999",Apartment,Yearly,1,2,793 sqft,"Binghatti Phoenix, JVC District 13, Jumeirah Village Circle (JVC), Dubai",https://www.bayut.com/property/details-13639144.html
Upgraded Layout 1BHK I Fitted Kitchen I Community View,"65,000",Apartment,Yearly,1,2,726 sqft,"Xanadu Residence 2, JVC District 13, Jumeirah Village Circle (JVC), Dubai",https://www.bayut.com/property/details-12964668.html
I Large Size 2BHK Apartment I Cozy-Bright Layout I Ready To Move-In I,"99,999",Apartment,Yearly,2,2,"1,239 sqft","Xanadu Residence 2, JVC District 13, Jumeirah Village Circle (JVC), Dubai",https://www.bayut.com/property/details-11914147.html
1 bhk Apartment | with best ammenities | Road view,"79,999",Apartment,Yearly,1,2,763 sqft,"Pantheon Elysee I, JVC District 13, Jumeirah Village Circle (JVC), Dubai",https://www.bayut.com/property/details-13506002.html
1-Bed plus study | Prime Quality | Front of circle mall|,"73,999",Apartment,Yearly,1,2,827 sqft,"Crystal Residence, JVC District 11, Jumeirah Village Circle (JVC), Dubai",https://www.bayut.com/property/details-13610354.html
All-New | Superior Quality | Call Now,"64,999",Apartment,Yearly,1,2,701 sqft,"Empire Residence, JVC District 17, Jumeirah Village Circle (JVC), Dubai",https://www.bayut.com/property/details-12771454.html
2 Bedroom | 2 Balcony | Open Kitchen,"95,000",Apartment,Yearly,2,3,"1,334 sqft","Imperial Tower, JVC District 17, Jumeirah Village Circle (JVC), Dubai",https://www.bayut.com/property/details-13598526.html
"Maids Room, High Floor, U Shape Kitchen, Ready To Move IN","109,000",Apartment,Yearly,1,2,922 sqft,"Binghatti Royale, JVC District 18, Jumeirah Village Circle (JVC), Dubai",https://www.bayut.com/property/details-13596924.html
Community View | High End Quality | Furnished,"95,999",Apartment,Yearly,1,2,779 sqft,"Pearl House by Imtiaz, JVC District 13, Jumeirah Village Circle (JVC), Dubai",https://www.bayut.com/property/details-13591735.html
Furnished 1BHk | Close to Exit | Book now,"69,999",Apartment,Yearly,1,2,675 sqft,"DAMAC Ghalia, JVC District 18, Jumeirah Village Circle (JVC), Dubai",https://www.bayut.com/property/details-13644383.html
High Floor | Fully Furnished | Marina View,"84,999",Apartment,Yearly,1,2,637 sqft,"Binghatti Heights, JVC District 10, Jumeirah Village Circle (JVC), Dubai",https://www.bayut.com/property/details-13610580.html
Fully Furnished | Great Finishing | Best Amenities,"64,999",Apartment,Yearly,,1,541 sqft,"Signature Livings North, Signature Livings, JVC District 10, Jumeirah Village Circle (JVC), Dubai",https://www.bayut.com/property/details-13480256.html
Kitchen Appliances | Best Price | Mid Floor,"90,000",Apartment,Yearly,1,2,798 sqft,"Binghatti Phoenix, JVC District 13, Jumeirah Village Circle (JVC), Dubai",https://www.bayut.com/property/details-13241637.html
Fully Furnished | Great Location | Near jss scl,"70,000",Apartment,Yearly,1,2,871 sqft,"Laya Residences, JVC District 10, Jumeirah Village Circle (JVC), Dubai",https://www.bayut.com/property/details-13305629.html
Vacant! Marvelous Studio | Fully Furnished | Premium Quality | Stunning Interior | Book Now!,"59,999",Apartment,Yearly,,1,397 sqft,"Beverly Residence, JVC District 13, Jumeirah Village Circle (JVC), Dubai",https://www.bayut.com/property/details-10221746.html
Pool View | High Floor | Brand New | Fitted Kitchen,"55,000",Apartment,Yearly,,1,458 sqft,"Hadley Heights, JVC District 11, Jumeirah Village Circle (JVC), Dubai",https://www.bayut.com/property/details-13605339.html
Luxury Living ! Pool View ! Balcony ! From February 1st.,"70,000",Apartment,Yearly,1,2,803 sqft,"La Riviera Apartments, JVC District 10, Jumeirah Village Circle (JVC), Dubai",https://www.bayut.com/property/details-13629729.html
Brand New | Premium Quality | Prime Location,"61,000",Apartment,Yearly,,1,409 sqft,"Binghatti Phoenix, JVC District 13, Jumeirah Village Circle (JVC), Dubai",https://www.bayut.com/property/details-13634886.html
Brand New | Premium Quality | Prime Location,"64,999",Apartment,Yearly,,1,498 sqft,"Binghatti Phoenix, JVC District 13, Jumeirah Village Circle (JVC), Dubai",https://www.bayut.com/property/details-13278317.html
Spacious Size | Kitchen Appliances | Vacant,"65,000",Apartment,Yearly,1,2,831 sqft,"Roxana Residence D, Roxana Residences, JVC District 12, Jumeirah Village Circle (JVC), Dubai",https://www.bayut.com/property/details-13597056.html
Park View | Prime Location | Call Now,"76,000",Apartment,Yearly,1,2,696 sqft,"Pantheon Elysee III, JVC District 15, Jumeirah Village Circle (JVC), Dubai",https://www.bayut.com/property/details-13630212.html
Community View | High End Quality | Prime Location,"90,000",Apartment,Yearly,1,2,819 sqft,"Belgravia Square, JVC District 14, Jumeirah Village Circle (JVC), Dubai",https://www.bayut.com/property/details-12747509.html
Fully Furnished | Great Location | Call Now,"55,000",Apartment,Yearly,,1,466 sqft,"Uniestate Prime Tower, JVC District 10, Jumeirah Village Circle (JVC), Dubai",https://www.bayut.com/property/details-13614704.html
Relaxing view | Modern 1BHK | With Balcony,"75,000",Apartment,Yearly,1,2,744 sqft,"Bloom Heights 2, Bloom Heights, JVC District 15, Jumeirah Village Circle (JVC), Dubai",https://www.bayut.com/property/details-13527588.html
"Binghatti Emerald, Jumeirah Village Circle. Dubai","94,990",Apartment,Yearly,1,2,656 sqft,"Binghatti Emerald, JVC District 15, Jumeirah Village Circle (JVC), Dubai",https://www.bayut.com/property/details-13519909.html
Fully Furnished | Brand New | 12 Cheques,"59,999",Apartment,Yearly,,1,325 sqft,"Binghatti Gardenia, JVC District 11, Jumeirah Village Circle (JVC), Dubai",https://www.bayut.com/property/details-12591804.html
Fully Furnished | Flexible Cheques | Book Now,"75,000",Apartment,Yearly,1,2,871 sqft,"Laya Residences, JVC District 10, Jumeirah Village Circle (JVC), Dubai",https://www.bayut.com/property/details-13479971.html
Semi Furnihsed/ Brand New/ Ready to Move,"84,999",Apartment,Yearly,1,2,833 sqft,"Binghatti Phoenix, JVC District 13, Jumeirah Village Circle (JVC), Dubai",https://www.bayut.com/property/details-13608599.html
Private Pool 1 Bedroom | High Floor | Skyline View,"105,000",Apartment,Yearly,1,2,807 sqft,"Binghatti Royale, JVC District 18, Jumeirah Village Circle (JVC), Dubai",https://www.bayut.com/property/details-13590833.html
1 Bedroom with Pool | High Floor | Open View - Ready to Move,"105,000",Apartment,Yearly,1,2,807 sqft,"Binghatti Royale, JVC District 18, Jumeirah Village Circle (JVC), Dubai",https://www.bayut.com/property/details-13590820.html
1 Bedoom with Pool | High Floor | Skyline View,"105,000",Apartment,Yearly,1,2,807 sqft,"Binghatti Royale, JVC District 18, Jumeirah Village Circle (JVC), Dubai",https://www.bayut.com/property/details-13590825.html
1 Bedoom with Pool | High Floor | Skyline View,"105,000",Apartment,Yearly,1,2,807 sqft,"Binghatti Royale, JVC District 18, Jumeirah Village Circle (JVC), Dubai",https://www.bayut.com/property/details-13590825.html
Brand New | Smart Home | Spacious Layout,"89,999",Apartment,Yearly,1,2,926 sqft,"Binghatti Aurora, JVC District 12, Jumeirah Village Circle (JVC), Dubai",https://www.bayut.com/property/details-13573193.html
1Br+Study | Road Facing | Fitted Kitchen,"74,999",Apartment,Yearly,1,2,808 sqft,"Rigel Apartments, JVC District 10, Jumeirah Village Circle (JVC), Dubai",https://www.bayut.com/property/details-13396176.html
Fully Furnished | Ready To Move | Spacious,"53,999",Apartment,Yearly,,1,433 sqft,"Laya Mansion, JVC District 15, Jumeirah Village Circle (JVC), Dubai",https://www.bayut.com/property/details-13601814.html
Spacious & Big Size 2Bed with Amazing View | Book Today,"125,000",Apartment,Yearly,2,3,"1,481 sqft","Reef Residence, JVC District 13, Jumeirah Village Circle (JVC), Dubai",https://www.bayut.com/property/details-13609060.html
1BHK + Study | Ground Floor | Spacious Unit,"75,000",Apartment,Yearly,1,2,"1,217 sqft","Laya Residences, JVC District 10, Jumeirah Village Circle (JVC), Dubai",https://www.bayut.com/property/details-13609254.html
Community View | Specious | Grt Layout,"69,950",Apartment,Yearly,1,2,818 sqft,"Fortunato, JVC District 11, Jumeirah Village Circle (JVC), Dubai",https://www.bayut.com/property/details-13608413.html
Fitted Kitchen | Prime Location | Community View,"129,999",Apartment,Yearly,2,2,"1,202 sqft","Binghatti Phoenix, JVC District 13, Jumeirah Village Circle (JVC), Dubai",https://www.bayut.com/property/details-13354262.html
Fully Furnished | Ready to Move | Bills Included,"65,000",Apartment,Yearly,,1,482 sqft,"Maple 1, Emirates Gardens 2, JVC District 14, Jumeirah Village Circle (JVC), Dubai",https://www.bayut.com/property/details-13547406.html
1 Bedroom Unfurnished | Pool View | Premium,"85,000",Apartment,Yearly,1,2,825 sqft,"Signature Livings North, Signature Livings, JVC District 10, Jumeirah Village Circle (JVC), Dubai",https://www.bayut.com/property/details-13171514.html
Fully Furnished | High Floor | Prime Location,"65,999",Apartment,Yearly,1,2,832 sqft,"Roxana Residence D, Roxana Residences, JVC District 12, Jumeirah Village Circle (JVC), Dubai",https://www.bayut.com/property/details-13597559.html
Fully Furnished 1BR | Bright Layout | Upgraded Unit | Luxurious Living,"85,000",Apartment,Yearly,1,2,873 sqft,"Eleganz by Danube, JVC District 14, Jumeirah Village Circle (JVC), Dubai",https://www.bayut.com/property/details-13494530.html
Fully Furnished | Prime Location | Call Now,"109,900",Apartment,Yearly,1,2,786 sqft,"Pearl House 2, JVC District 12, Jumeirah Village Circle (JVC), Dubai",https://www.bayut.com/property/details-13466320.html
6000 Monthly with Bills | Near to Circle Mall | Studio JVC,"55,000",Apartment,Yearly,,1,401 sqft,"Casa Grande, JVC District 11, Jumeirah Village Circle (JVC), Dubai",https://www.bayut.com/property/details-13592935.html
Exclusive | Pool & Park View | Fitted Kitchen |,"89,999",Apartment,Yearly,1,2,865 sqft,"Hadley Heights, JVC District 11, Jumeirah Village Circle (JVC), Dubai",https://www.bayut.com/property/details-13354909.html
Furnished 1 BHK| Pool View| Ready to Move In,"99,999",Apartment,Yearly,1,2,930 sqft,"Westwood Grande by Imtiaz, JVC District 18, Jumeirah Village Circle (JVC), Dubai",https://www.bayut.com/property/details-12545501.html
1BHK Duplex | Unique Layout | Specious,"79,990",Apartment,Yearly,1,2,"1,135 sqft","Fortunato, JVC District 11, Jumeirah Village Circle (JVC), Dubai",https://www.bayut.com/property/details-12421156.html
Community View | Premium Quality | Spacious Unit,"89,999",Apartment,Yearly,2,2,960 sqft,"Binghatti Rose, JVC District 15, Jumeirah Village Circle (JVC), Dubai",https://www.bayut.com/property/details-13593968.html
Full Park View | Private Jacuzzi | Move-In Now,"120,000",Apartment,Yearly,1,2,924 sqft,"Binghatti Royale, JVC District 18, Jumeirah Village Circle (JVC), Dubai",https://www.bayut.com/property/details-13446931.html
Unfurnished 2Bhk| Prime Location| Road view,"90,000",Apartment,Yearly,2,2,961 sqft,"Binghatti Rose, JVC District 15, Jumeirah Village Circle (JVC), Dubai",https://www.bayut.com/property/details-13572892.html
Brand New | Fully Furnished | Spacious Size,"60,000",Apartment,Yearly,,1,416 sqft,"Pantheon Elysee III, JVC District 15, Jumeirah Village Circle (JVC), Dubai",https://www.bayut.com/property/details-13299401.html
Vacant Boulevard View | Spacious 1BR with Balcony,"80,000",Apartment,Yearly,1,2,726 sqft,"Binghatti Crescent, JVC District 11, Jumeirah Village Circle (JVC), Dubai",https://www.bayut.com/property/details-13274571.html
Huge Layout | Ready to Move | Study Room,"85,000",Apartment,Yearly,1,2,958 sqft,"Rigel Apartments, JVC District 10, Jumeirah Village Circle (JVC), Dubai",https://www.bayut.com/property/details-13429492.html
Luxury Furnished 1BHK | Brand New | Close to Mall,"99,999",Apartment,Yearly,1,2,769 sqft,"Pearl House 2, JVC District 12, Jumeirah Village Circle (JVC), Dubai",https://www.bayut.com/property/details-13573063.html
Huge Layout | Vacant | Prime Location,"55,000",Apartment,Yearly,,1,488 sqft,"The Square Tower, JVC District 13, Jumeirah Village Circle (JVC), Dubai",https://www.bayut.com/property/details-13421313.html
1 BHK + Study | Unfurnished Unit| Ready to move in,"79,999",Apartment,Yearly,1,2,854 sqft,"Rigel Apartments, JVC District 10, Jumeirah Village Circle (JVC), Dubai",https://www.bayut.com/property/details-13152940.html
Bright Huge Studio | Renovated | Easy 12 Cheques,"75,000",Apartment,Yearly,,1,848 sqft,"Arezzo 2, Arezzo, Tuscan Residence, JVC District 10, Jumeirah Village Circle (JVC), Dubai",https://www.bayut.com/property/details-13541295.html
Fully Furnished | Premium Quality | Prime Location,"100,000",Apartment,Yearly,1,2,930 sqft,"Westwood Grande by Imtiaz, JVC District 18, Jumeirah Village Circle (JVC), Dubai",https://www.bayut.com/property/details-13539377.html
Brand New | Open Plan | 1 Bedroom + Study,"99,000",Apartment,Yearly,1,2,852 sqft,"Al Serh Residences 11, JVC District 10, Jumeirah Village Circle (JVC), Dubai",https://www.bayut.com/property/details-13537730.html
Park View | Brand New | Higher Floor,"65,000",Apartment,Yearly,,1,480 sqft,"Pantheon Elysee III, JVC District 15, Jumeirah Village Circle (JVC), Dubai",https://www.bayut.com/property/details-11795629.html
Fully Furnished | Great Finishing | Best Amenities,"61,000",Apartment,Yearly,,1,416 sqft,"Pantheon Elysee III, JVC District 15, Jumeirah Village Circle (JVC), Dubai",https://www.bayut.com/property/details-13327997.html
Fully Furnished | Pool View | High End Quality,"66,000",Apartment,Yearly,,1,430 sqft,"Oxford Residence 2, JVC District 10, Jumeirah Village Circle (JVC), Dubai",https://www.bayut.com/property/details-13537201.html
Community View | High End Quality | Prime Location,"69,999",Apartment,Yearly,1,2,617 sqft,"Binghatti Luna, JVC District 12, Jumeirah Village Circle (JVC), Dubai",https://www.bayut.com/property/details-13516302.html
Luxury Studio | Vacant Now | Modern,"68,000",Apartment,Yearly,,1,505 sqft,"Oakley Square Residence, JVC District 11, Jumeirah Village Circle (JVC), Dubai",https://www.bayut.com/property/details-13522046.html
Brand New | Pool View | Prime Location,"84,999",Apartment,Yearly,1,2,826 sqft,"Binghatti Phoenix, JVC District 13, Jumeirah Village Circle (JVC), Dubai",https://www.bayut.com/property/details-13124710.html
WIHT MAIDROOM l KITCHEN APPLINCES l PRIME LOCATION,"80,000",Apartment,Yearly,1,2,859 sqft,"Avanos Residence, JVC District 10, Jumeirah Village Circle (JVC), Dubai",https://www.bayut.com/property/details-13484004.html
Furnished | Ready to move in | 4 Cheques Available,"85,000",Apartment,Yearly,1,1,946 sqft,"Oxford Residence, JVC District 13, Jumeirah Village Circle (JVC), Dubai",https://www.bayut.com/property/details-10882701.html
Fully Furnished beautiful Ready to Move In | 2 BR | Harrington House for rent,"110,000",Apartment,Yearly,2,2,998 sqft,"Harrington House, JVC District 14, Jumeirah Village Circle (JVC), Dubai",https://www.bayut.com/property/details-6550406.html
Spacious and Bright Apt | Ready to move in,"73,000",Apartment,Yearly,1,2,"1,255 sqft","Fortunato, JVC District 11, Jumeirah Village Circle (JVC), Dubai",https://www.bayut.com/property/details-5232574.html
1 bhk + Study | Smart home |Front street Facing,"109,999",Apartment,Yearly,1,2,787 sqft,"Pearl House 2, JVC District 12, Jumeirah Village Circle (JVC), Dubai",https://www.bayut.com/property/details-13450588.html
Spacious 2BR | Community View | Prime Location,"110,000",Apartment,Yearly,2,2,962 sqft,"Binghatti Rose, JVC District 15, Jumeirah Village Circle (JVC), Dubai",https://www.bayut.com/property/details-13528107.html
Huge Layout | Furnished | Unfurnished | Dishwasher,"72,000",Apartment,Yearly,1,2,827 sqft,"Cappadocia, JVC District 13, Jumeirah Village Circle (JVC), Dubai",https://www.bayut.com/property/details-13074009.html
Spacious 1BR | Move In Ready | All Amenities,"62,000",Apartment,Yearly,1,2,854 sqft,"The Manhattan, JVC District 10, Jumeirah Village Circle (JVC), Dubai",https://www.bayut.com/property/details-13509457.html
Brand New Apartment | Prime Location | High Floor | Private Pool,"100,000",Apartment,Yearly,1,2,911 sqft,"Binghatti Phantom, JVC District 17, Jumeirah Village Circle (JVC), Dubai",https://www.bayut.com/property/details-13419887.html
Large 1BR | Luxury tower | Closed Balcony,"75,000",Apartment,Yearly,1,2,925 sqft,"Reef Residence, JVC District 13, Jumeirah Village Circle (JVC), Dubai",https://www.bayut.com/property/details-13417953.html
AMAZING VIEW | HIGH FLOOR APARTMENT | SPACIOUS APARTMENT,"48,000",Apartment,Yearly,,1,416 sqft,"May Residence Tower 3, May Residence, JVC District 10, Jumeirah Village Circle (JVC), Dubai",https://www.bayut.com/property/details-13201000.html
Royal Suite | Private Pool | Brand New,"99,900",Apartment,Yearly,1,2,795 sqft,"Binghatti Phantom, JVC District 17, Jumeirah Village Circle (JVC), Dubai",https://www.bayut.com/property/details-13204738.html
Vacant | Furnished | Premium Quality,"105,000",Apartment,Yearly,1,1,791 sqft,"Oxford 212, JVC District 10, Jumeirah Village Circle (JVC), Dubai",https://www.bayut.com/property/details-10013694.html
1BR+Store | Prime Location | Community View,"72,990",Apartment,Yearly,1,2,984 sqft,"Al Naim Residence, JVC District 10, Jumeirah Village Circle (JVC), Dubai",https://www.bayut.com/property/details-13466769.html
Unfurnished 1 Bhk| Marina View| Ready to Move In,"68,999",Apartment,Yearly,1,2,620 sqft,"Binghatti Heights, JVC District 10, Jumeirah Village Circle (JVC), Dubai",https://www.bayut.com/property/details-12806538.html
Fully Furnished | Community View | Prime Location,"76,999",Apartment,Yearly,1,2,946 sqft,"Oxford Residence, JVC District 13, Jumeirah Village Circle (JVC), Dubai",https://www.bayut.com/property/details-13091272.html
Large Layout | Bright and Brand New Unit,"90,000",Apartment,Yearly,1,2,"1,059 sqft","Serenity Lakes 5, JVC District 10, Jumeirah Village Circle (JVC), Dubai",https://www.bayut.com/property/details-13317658.html
Amazing Pool View | Huge Layout | Bright Unit,"90,000",Apartment,Yearly,1,2,"1,295 sqft","Serenity Lakes 5, JVC District 10, Jumeirah Village Circle (JVC), Dubai",https://www.bayut.com/property/details-13149536.html
Brand New Studio | Huge Layout | Unfurnished,"60,000",Apartment,Yearly,,1,445 sqft,"Binghatti Phoenix, JVC District 13, Jumeirah Village Circle (JVC), Dubai",https://www.bayut.com/property/details-13392385.html
Best offers | Prime location | Spacious Villa,"200,000",Villa,Yearly,4,5,"1,733 sqft","Sandoval Lane, JVC District 14, Jumeirah Village Circle (JVC), Dubai",https://www.bayut.com/property/details-13113377.html
Excellent Building | Best Amenities | Vacant,"75,000",Apartment,Yearly,1,2,748 sqft,"Bloom Heights 2, Bloom Heights, JVC District 15, Jumeirah Village Circle (JVC), Dubai",https://www.bayut.com/property/details-13416902.html
Desirable Area | Vacant Apt with Balcony,"85,000",Apartment,Yearly,1,1,950 sqft,"Al Manal Elite, JVC District 13, Jumeirah Village Circle (JVC), Dubai",https://www.bayut.com/property/details-13353979.html
Brand New | Park View | Spacious 1 BR,"85,000",Apartment,Yearly,1,2,800 sqft,"Binghatti Phoenix, JVC District 13, Jumeirah Village Circle (JVC), Dubai",https://www.bayut.com/property/details-13419764.html
"Binghatti Phantom, Jumeirah Village Circle, Dubai","104,990",Apartment,Yearly,1,2,795 sqft,"Binghatti Phantom, JVC District 17, Jumeirah Village Circle (JVC), Dubai",https://www.bayut.com/property/details-13718427.html
12 Cheques l Brand new l 2 Bedroom l For Family,"73,000",Apartment,Yearly,2,2,771 sqft,"S. S. Lootah Residence, JVC District 11, Jumeirah Village Circle (JVC), Dubai",https://www.bayut.com/property/details-13709693.html
Fully Furnished | Ready to move | Brand new,"115,000",Apartment,Yearly,1,2,849 sqft,"Pearl House 2, JVC District 12, Jumeirah Village Circle (JVC), Dubai",https://www.bayut.com/property/details-13680347.html
12 Cheques | Modern Amenities | Semi Furnished,"100,000",Apartment,Yearly,2,3,939 sqft,"Binghatti Rose, JVC District 15, Jumeirah Village Circle (JVC), Dubai",https://www.bayut.com/property/details-13712776.html
Spacious 2BHK | Modern Finishes | Prime JVC Location,"125,000",Apartment,Yearly,2,2,"1,548 sqft","Laya Residences, JVC District 10, Jumeirah Village Circle (JVC), Dubai",https://www.bayut.com/property/details-13706290.html
Modern Living | 1-Bedroom with Premium Finishes | Vacant,"89,999",Apartment,Yearly,1,2,674 sqft,"Oakley Square Residence, JVC District 11, Jumeirah Village Circle (JVC), Dubai",https://www.bayut.com/property/details-13684342.html
Elegant Apartment | Pool View | Royal,"99,000",Apartment,Yearly,1,1,921 sqft,"Binghatti Royale, JVC District 18, Jumeirah Village Circle (JVC), Dubai",https://www.bayut.com/property/details-13710469.html
FINAL UNITS | NO COMMISSION | BRAND NEW,"75,000",Apartment,Yearly,1,1,701 sqft,"The Vybe, JVC District 16, Jumeirah Village Circle (JVC), Dubai",https://www.bayut.com/property/details-13662286.html
Brand New | Multiple Cheque | High Floor | Fully Furnished,"95,000",Apartment,Yearly,1,2,640 sqft,"Binghatti Crest, JVC District 13, Jumeirah Village Circle (JVC), Dubai",https://www.bayut.com/property/details-8738447.html
"Pool View 2BR with Storage room Fully Furnished High End Quality,","95,000",Apartment,Yearly,2,3,"1,280 sqft","Alcove, JVC District 11, Jumeirah Village Circle (JVC), Dubai",https://www.bayut.com/property/details-13672805.html
FINAL UNITS | NO COMMISSION | BRAND NEW,"145,000",Apartment,Yearly,2,3,"1,198 sqft","The Vybe, JVC District 16, Jumeirah Village Circle (JVC), Dubai",https://www.bayut.com/property/details-13662923.html
FINAL UNITS | NO COMMISSION | BRAND NEW,"75,000",Apartment,Yearly,1,1,736 sqft,"The Vybe, JVC District 16, Jumeirah Village Circle (JVC), Dubai",https://www.bayut.com/property/details-13661914.html
Bright & Spacious 2BR | Balcony | Great Amenities,"125,000",Apartment,Yearly,2,3,"1,040 sqft","Bluebell  Residence, JVC District 11, Jumeirah Village Circle (JVC), Dubai",https://www.bayut.com/property/details-13666942.html
Modern Studio | Jumeirah Village Circle,"55,000",Apartment,Yearly,,1,453 sqft,"O2 Tower, JVC District 14, Jumeirah Village Circle (JVC), Dubai",https://www.bayut.com/property/details-13670285.html
Studio Apartment | with best ammenities | Call Now,"47,000",Apartment,Yearly,,1,478 sqft,"Serenity Lakes 5, JVC District 10, Jumeirah Village Circle (JVC), Dubai",https://www.bayut.com/property/details-13702950.html
Pool View I Vacant I Smart Home,"78,000",Apartment,Yearly,1,1,640 sqft,"Binghatti Corner, JVC District 10, Jumeirah Village Circle (JVC), Dubai",https://www.bayut.com/property/details-13650980.html
Elegant Studio - Fully Equipped - Ready To Move In,"47,000",Apartment,Yearly,,1,337 sqft,"The Square Tower, JVC District 13, Jumeirah Village Circle (JVC), Dubai",https://www.bayut.com/property/details-13649654.html
Exclusive | Fully Furnished | Vacant | Maid's Room,"90,000",Apartment,Yearly,1,2,848 sqft,"Rigel Apartments, JVC District 10, Jumeirah Village Circle (JVC), Dubai",https://www.bayut.com/property/details-13682422.html
FULLY FURNISHED 2BHK / CHILLER FREE /READY TO MOVE,"95,000",Apartment,Yearly,2,3,"1,280 sqft","Alcove, JVC District 11, Jumeirah Village Circle (JVC), Dubai",https://www.bayut.com/property/details-13645297.html
Close Kitchen | Spacious Layout | Ready to Move,"95,000",Apartment,Yearly,2,2,"1,027 sqft","Venus 1, JVC District 12, Jumeirah Village Circle (JVC), Dubai",https://www.bayut.com/property/details-13680576.html
COMMUNITY VIEW | VACANT | BRAND NEW,"55,000",Apartment,Yearly,,1,384 sqft,"Binghatti Aurora, JVC District 12, Jumeirah Village Circle (JVC), Dubai",https://www.bayut.com/property/details-13675669.html
Pool View and chiller free | Kept Well Maintained,"70,000",Apartment,Yearly,1,2,829 sqft,"Oxford Building, JVC District 14, Jumeirah Village Circle (JVC), Dubai",https://www.bayut.com/property/details-10293367.html
Brand New 1BR | Fully Furnished | High ROI,"105,000",Apartment,Yearly,1,2,802 sqft,"Pearl House by Imtiaz, JVC District 13, Jumeirah Village Circle (JVC), Dubai",https://www.bayut.com/property/details-13669911.html
Bright Studio I Well Maintained I Vacant,"50,000",Apartment,Yearly,,1,415 sqft,"May Residence Tower 3, May Residence, JVC District 10, Jumeirah Village Circle (JVC), Dubai",https://www.bayut.com/property/details-13674878.html
A Rare 1BR Pool View Extra Spacious Living Next to Park,"90,000",Apartment,Yearly,1,2,928 sqft,"Hameni Residence, JVC District 15, Jumeirah Village Circle (JVC), Dubai",https://www.bayut.com/property/details-13641024.html
Spacious Apartment | Road View | Ready to Move,"58,000",Apartment,Yearly,,1,411 sqft,"Oxford Terraces, JVC District 11, Jumeirah Village Circle (JVC), Dubai",https://www.bayut.com/property/details-13673323.html
Spacious 2BHK Fully Closed Kitchen Next to JSS School,"105,000",Apartment,Yearly,2,3,"1,352 sqft","Le Grand Chateau C, Le Grand Chateau, JVC District 10, Jumeirah Village Circle (JVC), Dubai",https://www.bayut.com/property/details-13660251.html
|| Prime Location || Spacious 1-BHK For Rent In JVC ||,"68,000",Apartment,Yearly,1,2,709 sqft,"Burj Residence 2, JVC District 10, Jumeirah Village Circle (JVC), Dubai",https://www.bayut.com/property/details-13635734.html
Fitted Kitchen | Fully Furnished | Ready to Move,"74,000",Apartment,Yearly,1,2,872 sqft,"Laya Residences, JVC District 10, Jumeirah Village Circle (JVC), Dubai",https://www.bayut.com/property/details-13581785.html
Premium 3 BHK | Alexa Smart Homes | Maid Room |,"175,000",Apartment,Yearly,3,4,"2,100 sqft","La Rose, JVC District 12, Jumeirah Village Circle (JVC), Dubai",https://www.bayut.com/property/details-11765919.html
Brand New | AVAILABLE | Hot Location,"59,999",Apartment,Yearly,,1,380 sqft,"Binghatti Aurora, JVC District 12, Jumeirah Village Circle (JVC), Dubai",https://www.bayut.com/property/details-13649336.html
"Move In Ready | Brand New Premium 2BR in Binghatti Crest, JVC","110,000",Apartment,Yearly,2,2,960 sqft,"Binghatti Crest, JVC District 13, Jumeirah Village Circle (JVC), Dubai",https://www.bayut.com/property/details-13582968.html
2BR with Balcony | Spacious Layout | Vibrant Community Living,"110,000",Apartment,Yearly,2,2,"1,185 sqft","Binghatti Crest, JVC District 13, Jumeirah Village Circle (JVC), Dubai",https://www.bayut.com/property/details-13585567.html
Premium unit with skyline views I Great amenity I Prime spot,"85,000",Apartment,Yearly,2,2,961 sqft,"Binghatti Rose, JVC District 15, Jumeirah Village Circle (JVC), Dubai",https://www.bayut.com/property/details-13672903.html
Grab the opportunity! | 1 BHK for family | with class amenities,"58,000",Apartment,Yearly,1,2,721 sqft,"Al Yousuf Tower 2, Al Yousuf Towers, JVC District 12, Jumeirah Village Circle (JVC), Dubai",https://www.bayut.com/property/details-11623343.html
High ROI | Private Pool | Prime Location,"110,000",Apartment,Yearly,1,2,795 sqft,"Binghatti Phantom, JVC District 17, Jumeirah Village Circle (JVC), Dubai",https://www.bayut.com/property/details-13600561.html
"Modern 2BR Home in Maison VI, JVC","125,000",Apartment,Yearly,2,2,"1,238 sqft","Maison VI, JVC District 11, Jumeirah Village Circle (JVC), Dubai",https://www.bayut.com/property/details-13600765.html
Affordable | Unique Layout | Community View,"61,999",Apartment,Yearly,,1,409 sqft,"Binghatti Phoenix, JVC District 13, Jumeirah Village Circle (JVC), Dubai",https://www.bayut.com/property/details-13601871.html
Ready To Move in / Prime Location / Modern Layout,"44,000",Apartment,Yearly,,1,419 sqft,"The Square Tower, JVC District 13, Jumeirah Village Circle (JVC), Dubai",https://www.bayut.com/property/details-13587029.html
Ready to move in | Fully furnished | 1 Bedroom,"80,000",Apartment,Yearly,1,1,"1,088 sqft","Diamond Views II, JVC District 11, Jumeirah Village Circle (JVC), Dubai",https://www.bayut.com/property/details-13591901.html
Fully Furnished Studio I Premium Layout I Ready To Move In,"55,000",Apartment,Yearly,,1,492 sqft,"Dune Residency, JVC District 17, Jumeirah Village Circle (JVC), Dubai",https://www.bayut.com/property/details-13544789.html
Private Pool | 1BR + Study | High Floor,"114,999",Apartment,Yearly,1,2,920 sqft,"Binghatti Royale, JVC District 18, Jumeirah Village Circle (JVC), Dubai",https://www.bayut.com/property/details-13591584.html
Ready to Move | Brand New Unit | Unfurnished,"85,000",Apartment,Yearly,1,2,785 sqft,"Binghatti Aurora, JVC District 12, Jumeirah Village Circle (JVC), Dubai",https://www.bayut.com/property/details-13579123.html
Unfurnished | Private Pool | Prime Unit,"105,000",Apartment,Yearly,1,2,794 sqft,"Binghatti Phantom, JVC District 17, Jumeirah Village Circle (JVC), Dubai",https://www.bayut.com/property/details-13458983.html
Spacious 2 BHK | Family | Al Barsha South,"115,000",Apartment,Yearly,2,3,"1,463 sqft","Golden Homes Building, JVC District 15, Jumeirah Village Circle (JVC), Dubai",https://www.bayut.com/property/details-13542699.html
1 BHK | Family Friendly | Al Barsha South,"80,000",Apartment,Yearly,1,2,"1,050 sqft","Golden Homes Building, JVC District 15, Jumeirah Village Circle (JVC), Dubai",https://www.bayut.com/property/details-13542256.html
ALL BILLS INCLUDED | FULLY FURNISHED | READY TO MOVE,"70,000",Apartment,Yearly,1,2,644 sqft,"Burj Sabah, JVC District 12, Jumeirah Village Circle (JVC), Dubai",https://www.bayut.com/property/details-13488520.html
PRIME JVC LOCATION | MOVE IN READY | ELEGANT 2BR,"95,000",Apartment,Yearly,2,3,888 sqft,"Fortunato, JVC District 11, Jumeirah Village Circle (JVC), Dubai",https://www.bayut.com/property/details-13469977.html
6 Cheques | Modern Layout | Negotiable,"55,000",Apartment,Yearly,,1,362 sqft,"Regina Tower, JVC District 12, Jumeirah Village Circle (JVC), Dubai",https://www.bayut.com/property/details-13528196.html
Exclusive | Unfurnished | Spacious,"110,000",Apartment,Yearly,2,3,983 sqft,"Bluebell  Residence, JVC District 11, Jumeirah Village Circle (JVC), Dubai",https://www.bayut.com/property/details-13465641.html
ALL BILLS INCLUDED | FULLY FURNISHED | READY TO MOVE,"60,000",Apartment,Yearly,,1,318 sqft,"Burj Sabah, JVC District 12, Jumeirah Village Circle (JVC), Dubai",https://www.bayut.com/property/details-13488506.html
Modern & Spacious 1BR | Private Pool | JVC Community,"110,000",Apartment,Yearly,1,2,806 sqft,"Binghatti Royale, JVC District 18, Jumeirah Village Circle (JVC), Dubai",https://www.bayut.com/property/details-13463263.html
"Binghatti Phoenix, Jumeirah Village Circle,Dubai","84,999",Apartment,Yearly,1,2,798 sqft,"Binghatti Phoenix, JVC District 13, Jumeirah Village Circle (JVC), Dubai",https://www.bayut.com/property/details-13462900.html
2 BHK+ Maids | Fully Furnished | Book Now,"120,000",Apartment,Yearly,2,4,"1,257 sqft","Summer 2 Block A, Summer, Seasons Community, JVC District 15, Jumeirah Village Circle (JVC), Dubai",https://www.bayut.com/property/details-13434707.html
Vacant | Smart Home | Fully Furnished | Community View,"110,000",Apartment,Yearly,1,2,789 sqft,"Pearl House 2, JVC District 12, Jumeirah Village Circle (JVC), Dubai",https://www.bayut.com/property/details-13424174.html
Fully Equipped / Stunning Studio / Ready To Move,"50,000",Apartment,Yearly,,1,389 sqft,"The Square Tower, JVC District 13, Jumeirah Village Circle (JVC), Dubai",https://www.bayut.com/property/details-13363852.html
Best Layout | Pool + Park View | Ready to Move,"85,000",Apartment,Yearly,1,2,798 sqft,"Binghatti Phoenix, JVC District 13, Jumeirah Village Circle (JVC), Dubai",https://www.bayut.com/property/details-13505297.html
Massive 1BR Semi Close Kitchen with Built in Appliances pool view,"78,000",Apartment,Yearly,1,2,770 sqft,"Golden Dream Tower 1, JVC District 18, Jumeirah Village Circle (JVC), Dubai",https://www.bayut.com/property/details-13437186.html
FULLY FURNISHED | ELEGANT | SPACIOUS AND BRIGHT,"67,000",Apartment,Yearly,,1,472 sqft,"Park View Tower, JVC District 14, Jumeirah Village Circle (JVC), Dubai",https://www.bayut.com/property/details-13460775.html
Lowest in Market I 1-Bedroom Duplex I Rare Layout | Exclusive,"90,000",Apartment,Yearly,1,2,"1,118 sqft","Villa Myra, JVC District 15, Jumeirah Village Circle (JVC), Dubai",https://www.bayut.com/property/details-13397098.html
Premium Quality | Brand New and Vacant Unit,"120,000",Apartment,Yearly,1,2,923 sqft,"Binghatti Royale, JVC District 18, Jumeirah Village Circle (JVC), Dubai",https://www.bayut.com/property/details-13343137.html
Easy Access to Hessa Street | Furnished | Close to Circle Mall,"68,000",Apartment,Yearly,1,2,675 sqft,"Tower 108, JVC District 18, Jumeirah Village Circle (JVC), Dubai",https://www.bayut.com/property/details-13273615.html
Community View | Prime Location | Spacious Unit,"99,990",Apartment,Yearly,2,3,"1,190 sqft","Dune Residency, JVC District 17, Jumeirah Village Circle (JVC), Dubai",https://www.bayut.com/property/details-13314405.html
12 Cheques | Brand New | Unobstructed View,"109,995",Apartment,Yearly,1,2,796 sqft,"Binghatti Phantom, JVC District 17, Jumeirah Village Circle (JVC), Dubai",https://www.bayut.com/property/details-13279946.html
Spacious and Brand New Apt with Private Jaccuzzi,"130,000",Apartment,Yearly,1,2,808 sqft,"Binghatti Royale, JVC District 18, Jumeirah Village Circle (JVC), Dubai",https://www.bayut.com/property/details-13343136.html
Unfurnished 1BR | Balcony | Vacant Soon,"89,000",Apartment,Yearly,1,2,867 sqft,"Oxford Residence 2, JVC District 10, Jumeirah Village Circle (JVC), Dubai",https://www.bayut.com/property/details-13314361.html
Vacant in December | Fully Furnished | Low floor,"90,000",Apartment,Yearly,1,2,800 sqft,"Rokane G25, JVC District 10, Jumeirah Village Circle (JVC), Dubai",https://www.bayut.com/property/details-13240683.html
Fully Furnished | Great Location | Call Now,"89,999",Apartment,Yearly,1,2,688 sqft,"Binghatti Onyx, JVC District 15, Jumeirah Village Circle (JVC), Dubai",https://www.bayut.com/property/details-13119987.html
Modern | Prime Location | Bright,"60,000",Apartment,Yearly,,1,395 sqft,"Bloom Heights 1, Bloom Heights, JVC District 15, Jumeirah Village Circle (JVC), Dubai",https://www.bayut.com/property/details-13237863.html
Brand New | Pool View | Prime Quality,"64,000",Apartment,Yearly,,1,426 sqft,"Binghatti Phoenix, JVC District 13, Jumeirah Village Circle (JVC), Dubai",https://www.bayut.com/property/details-13125566.html
Studio with Balcony l Brand New,"55,000",Apartment,Yearly,,1,428 sqft,"Binghatti Phoenix, JVC District 13, Jumeirah Village Circle (JVC), Dubai",https://www.bayut.com/property/details-13379714.html
Spacious and Unfurnished | Modern Studio for Rent,"47,999",Apartment,Yearly,,1,429 sqft,"Esplora by BNW, JVC District 18, Jumeirah Village Circle (JVC), Dubai",https://www.bayut.com/property/details-13081043.html
Modern Living in JVC | Pool View Studio in Mass Residence,"60,000",Apartment,Yearly,,1,507 sqft,"Mass Residence, JVC District 11, Jumeirah Village Circle (JVC), Dubai",https://www.bayut.com/property/details-13076182.html
1 Bedroom Apartment | Unfurnished | Available,"85,000",Apartment,Yearly,1,2,692 sqft,"Binghatti Onyx, JVC District 15, Jumeirah Village Circle (JVC), Dubai",https://www.bayut.com/property/details-13020323.html
Upgraded 4-Bedroom + Maid Townhouse,"175,000",Townhouse,Yearly,4,5,"2,172 sqft","The Ghaf Tree, JVC District 13, Jumeirah Village Circle (JVC), Dubai",https://www.bayut.com/property/details-13016321.html
Excellent Community | Superb Finishing | Vacant,"70,000",Apartment,Yearly,1,1,672 sqft,"Bloom Tower B, Bloom Towers, JVC District 10, Jumeirah Village Circle (JVC), Dubai",https://www.bayut.com/property/details-12924336.html
Marina View| Unfurnished | Premium Quality,"75,000",Apartment,Yearly,1,2,688 sqft,"Binghatti Corner, JVC District 10, Jumeirah Village Circle (JVC), Dubai",https://www.bayut.com/property/details-12836779.html
Fully Furnished | Ready to move in | 4 Cheques,"80,000",Apartment,Yearly,1,1,679 sqft,"Bluebell  Residence, JVC District 11, Jumeirah Village Circle (JVC), Dubai",https://www.bayut.com/property/details-12788914.html
Brand New | Spacious Layout | Mall Entrance,"80,000",Apartment,Yearly,1,2,854 sqft,"Mass Residence, JVC District 11, Jumeirah Village Circle (JVC), Dubai",https://www.bayut.com/property/details-12796705.html
No Security Deposit | All Bills Included,"115,000",Apartment,Yearly,1,1,758 sqft,"Belgravia Heights 1, JVC District 12, Jumeirah Village Circle (JVC), Dubai",https://www.bayut.com/property/details-12747688.html
Excellent Community | Best Amenities | Vacant,"52,000",Apartment,Yearly,,1,354 sqft,"Bloom Tower B, Bloom Towers, JVC District 10, Jumeirah Village Circle (JVC), Dubai",https://www.bayut.com/property/details-12841879.html
Pool View | 3 Baths | Ready to Move,"84,999",Apartment,Yearly,2,3,965 sqft,"Binghatti Mirage, JVC District 10, Jumeirah Village Circle (JVC), Dubai",https://www.bayut.com/property/details-12746114.html
Ready To Move | Fully Furnished | Exclusive,"79,999",Apartment,Yearly,1,2,701 sqft,"Empire Residence, JVC District 17, Jumeirah Village Circle (JVC), Dubai",https://www.bayut.com/property/details-12672278.html
Brand New 1 B/R with Balcony,"71,000",Apartment,Yearly,1,2,912 sqft,"Imperial Tower, JVC District 17, Jumeirah Village Circle (JVC), Dubai",https://www.bayut.com/property/details-9308340.html
Higher Floor | Fitted Kitchen | Prime Location,"87,999",Apartment,Yearly,1,2,786 sqft,"Binghatti Orchid, JVC District 10, Jumeirah Village Circle (JVC), Dubai",https://www.bayut.com/property/details-12647426.html
Excellent Building | Superb finishing | Tenanted,"68,000",Apartment,Yearly,1,2,763 sqft,"La Riviera Apartments, JVC District 10, Jumeirah Village Circle (JVC), Dubai",https://www.bayut.com/property/details-12635461.html
Hassle Free Living | Barbecue Lovers | Spacious Terrace,"78,000",Apartment,Yearly,1,1,900 sqft,"LOCI Residences, JVC District 14, Jumeirah Village Circle (JVC), Dubai",https://www.bayut.com/property/details-9179476.html
Elegant Layout Fully Furnished Spacious and Huge,"70,000",Apartment,Yearly,,1,382 sqft,"Serenity Lakes 5, JVC District 10, Jumeirah Village Circle (JVC), Dubai",https://www.bayut.com/property/details-13152326.html
High Floor | Community View | Brand New,"55,000",Apartment,Yearly,,1,389 sqft,"Binghatti Azure, JVC District 16, Jumeirah Village Circle (JVC), Dubai",https://www.bayut.com/property/details-12313211.html
READY TO MOVE IN || FULLY FURNISHED STUDIO || CALL US NOW,"53,999",Apartment,Yearly,,1,374 sqft,"Empire Residence, JVC District 17, Jumeirah Village Circle (JVC), Dubai",https://www.bayut.com/property/details-12427598.html
Community View | Prime Location | Spacious Unit,"74,999",Apartment,Yearly,1,2,745 sqft,"Binghatti Azure, JVC District 16, Jumeirah Village Circle (JVC), Dubai",https://www.bayut.com/property/details-12331673.html
Brand New | Opposite Circle Mall | Premium,"84,999",Apartment,Yearly,1,2,855 sqft,"Mass Residence, JVC District 11, Jumeirah Village Circle (JVC), Dubai",https://www.bayut.com/property/details-12387124.html
Spacious | Open View | 1BR | For Rent,"70,000",Apartment,Yearly,1,2,494 sqft,"Binghatti Tulip, JVC District 11, Jumeirah Village Circle (JVC), Dubai",https://www.bayut.com/property/details-12346070.html
FULLY FURNISHED 1BHK || BRAND NEW BUILDING || BE THE FIRST TENANT,"89,999",Apartment,Yearly,1,2,729 sqft,"Binghatti Amber, JVC District 11, Jumeirah Village Circle (JVC), Dubai",https://www.bayut.com/property/details-11962676.html
Elegantly Furnished One Bedroom for Immediate rent in Bloom Tower B in JVC,"78,000",Apartment,Yearly,1,2,687 sqft,"Bloom Tower B, Bloom Towers, JVC District 10, Jumeirah Village Circle (JVC), Dubai",https://www.bayut.com/property/details-12548830.html
BEAUTIFUL SEMI FURNISHED 1BHK I THE HEART OF JVC,"65,000",Apartment,Yearly,1,2,577 sqft,"The Square Tower, JVC District 13, Jumeirah Village Circle (JVC), Dubai",https://www.bayut.com/property/details-12190012.html
Unfurnished | On Low Floor | Spacious and Ready to Move In,"70,000",Apartment,Yearly,1,2,777 sqft,"Binghatti Mirage, JVC District 10, Jumeirah Village Circle (JVC), Dubai",https://www.bayut.com/property/details-13726470.html
Brand New | Pool View | Multiple options,"90,000",Apartment,Yearly,1,2,766 sqft,"Binghatti Phoenix, JVC District 13, Jumeirah Village Circle (JVC), Dubai",https://www.bayut.com/property/details-13639145.html
Ready to move-in | Fully Equipped Kitchen,"90,000",Apartment,Yearly,1,2,"1,009 sqft","Luma 22, JVC District 10, Jumeirah Village Circle (JVC), Dubai",https://www.bayut.com/property/details-13294421.html
Urban Living 1 Bed I Luxurious Interiors I Ready To Move In,"73,000",Apartment,Yearly,1,2,885 sqft,"Golden Dream Tower 1, JVC District 18, Jumeirah Village Circle (JVC), Dubai",https://www.bayut.com/property/details-12989460.html
Spacious Huge Elegant Layout Fully Furnished,"55,000",Apartment,Yearly,,1,382 sqft,"Serenity Lakes 5, JVC District 10, Jumeirah Village Circle (JVC), Dubai",https://www.bayut.com/property/details-13136584.html
Brand New | 02 Bed Room Hall | No Commission | One Month Grace Period,"73,000",Apartment,Yearly,2,2,800 sqft,"JVC District 11, Jumeirah Village Circle (JVC), Dubai",https://www.bayut.com/property/details-12103842.html
FURNISHED / MAID ROOM / SPACIOUS UNIT,"220,000",Apartment,Yearly,2,3,"2,512 sqft","Hyati Residence, JVC District 14, Jumeirah Village Circle (JVC), Dubai",https://www.bayut.com/property/details-13709098.html
Designed By Professionals | New | Upgraded to 2BHK,"100,000",Apartment,Yearly,1,1,"1,256 sqft","LOCI Residences, JVC District 14, Jumeirah Village Circle (JVC), Dubai",https://www.bayut.com/property/details-13713474.html
Spacious Lay out and Balcony | Community View,"80,000",Apartment,Yearly,1,2,677 sqft,"Binghatti Azure, JVC District 16, Jumeirah Village Circle (JVC), Dubai",https://www.bayut.com/property/details-13729018.html
Brand New | 1Br+Private Pool | Fitted Kitchen,"120,000",Apartment,Yearly,1,2,919 sqft,"Binghatti Royale, JVC District 18, Jumeirah Village Circle (JVC), Dubai",https://www.bayut.com/property/details-13705430.html
Sky View | Prime location | Private pool,"110,000",Apartment,Yearly,1,2,795 sqft,"Binghatti Phantom, JVC District 17, Jumeirah Village Circle (JVC), Dubai",https://www.bayut.com/property/details-13727667.html
Premium Quality | Spacious 1BR | Fully Furnished,"69,999",Apartment,Yearly,1,2,744 sqft,"DAMAC Ghalia, JVC District 18, Jumeirah Village Circle (JVC), Dubai",https://www.bayut.com/property/details-11887472.html
Well Maintained | Bright| Vacant Studio,"48,000",Apartment,Yearly,,1,550 sqft,"Shamal Waves, JVC District 14, Jumeirah Village Circle (JVC), Dubai",https://www.bayut.com/property/details-11760448.html
Comfort & Space | 2 Bedroom Apartment | Semi Furnished,"150,000",Apartment,Yearly,2,3,"1,269 sqft","Luma 22, JVC District 10, Jumeirah Village Circle (JVC), Dubai",https://www.bayut.com/property/details-13698346.html
Spacious | Unfurnished | In prime location,"95,000",Apartment,Yearly,2,3,"1,027 sqft","Jumeirah Village Circle (JVC), Dubai",https://www.bayut.com/property/details-13710440.html
Smart Home 1BR | Invited Balcony Relaxing Views | Kitchen Appliances,"85,000",Apartment,Yearly,1,2,765 sqft,"Binghatti Phoenix, JVC District 13, Jumeirah Village Circle (JVC), Dubai",https://www.bayut.com/property/details-13703970.html
3BHK+Maid | Spacious Layout | Vacant,"150,000",Apartment,Yearly,3,4,"1,991 sqft","Roxana Residence C, Roxana Residences, JVC District 12, Jumeirah Village Circle (JVC), Dubai",https://www.bayut.com/property/details-13719300.html
Prime location | Semi furnished | with Balcony,"55,000",Apartment,Yearly,,1,370 sqft,"Binghatti Lavender, JVC District 10, Jumeirah Village Circle (JVC), Dubai",https://www.bayut.com/property/details-13728448.html
Brand New | 2 Bedroom plus Maid | Full Park View,"180,000",Apartment,Yearly,2,3,"1,425 sqft","Hadley Heights, JVC District 11, Jumeirah Village Circle (JVC), Dubai",https://www.bayut.com/property/details-13703268.html
Large 1 Bed | 2 Bathrooms| with Parking,"60,000",Apartment,Yearly,1,2,"1,010 sqft","Maple 2, Emirates Gardens 2, JVC District 14, Jumeirah Village Circle (JVC), Dubai",https://www.bayut.com/property/details-13703265.html
Vacant Soon l Unfurnished l Pool View,"85,000",Apartment,Yearly,1,2,735 sqft,"Chaimaa Avenue Residences, JVC District 13, Jumeirah Village Circle (JVC), Dubai",https://www.bayut.com/property/details-13701711.html
2BR apartment located in the modern design building in JVC,"85,000",Apartment,Yearly,2,2,965 sqft,"Binghatti Mirage, JVC District 10, Jumeirah Village Circle (JVC), Dubai",https://www.bayut.com/property/details-13678401.html
Brand New | Low Floor | Close to Amenities,"108,000",Apartment,Yearly,1,2,910 sqft,"Binghatti Phantom, JVC District 17, Jumeirah Village Circle (JVC), Dubai",https://www.bayut.com/property/details-13712666.html
Modern 1-Bedroom | Spacious | Brand-New Apartment,"99,000",Apartment,Yearly,1,2,841 sqft,"Hadley Heights, JVC District 11, Jumeirah Village Circle (JVC), Dubai",https://www.bayut.com/property/details-13672222.html
BIG UNIT | WITH TERRACE | FIRST FLOOR,"48,000",Apartment,Yearly,,1,649 sqft,"May Residence Tower 2, May Residence, JVC District 10, Jumeirah Village Circle (JVC), Dubai",https://www.bayut.com/property/details-13669485.html
"4-Bed Villa, Iris Park – Unfurnished","235,000",Villa,Yearly,4,5,"4,160 sqft","Iris Park, JVC District 15, Jumeirah Village Circle (JVC), Dubai",https://www.bayut.com/property/details-13686221.html
Spacious 1 Bedroom | Well Maintained | Vacant Soon,"95,000",Apartment,Yearly,1,1,841 sqft,"Belgravia 3B, Belgravia 3, JVC District 15, Jumeirah Village Circle (JVC), Dubai",https://www.bayut.com/property/details-13670870.html
Brand New | Ready To Move | Bright and Spacious,"85,000",Apartment,Yearly,1,2,785 sqft,"Binghatti Aurora, JVC District 12, Jumeirah Village Circle (JVC), Dubai",https://www.bayut.com/property/details-13668152.html
Unfurnished| Ready to move in | No commission,"76,000",Apartment,Yearly,1,2,759 sqft,"Oxford Residence, JVC District 13, Jumeirah Village Circle (JVC), Dubai",https://www.bayut.com/property/details-13638930.html
COZY STUDIO | GREAT COMMUNITY | AFFORDABLE LIVING,"42,999",Apartment,Yearly,,1,319 sqft,"Kensington Manor, JVC District 13, Jumeirah Village Circle (JVC), Dubai",https://www.bayut.com/property/details-7785899.html
High Floor | Spacious Layout | Park View,"75,000",Apartment,Yearly,1,2,750 sqft,"Bloom Heights 1, Bloom Heights, JVC District 15, Jumeirah Village Circle (JVC), Dubai",https://www.bayut.com/property/details-13645759.html
2 bhk Apartment | with best ammenities | Road view,"90,000",Apartment,Yearly,2,3,"1,417 sqft","Lolena Residence, JVC District 12, Jumeirah Village Circle (JVC), Dubai",https://www.bayut.com/property/details-13649120.html
"Fully Furnished Studio | The Square Tower| Rent 75,000 (Bills Included)","75,000",Apartment,Yearly,,1,419 sqft,"The Square Tower, JVC District 13, Jumeirah Village Circle (JVC), Dubai",https://www.bayut.com/property/details-13665583.html
PRIVATE POOL | SEMI FURNISHED | MID-FLOOR,"89,000",Apartment,Yearly,1,2,796 sqft,"Binghatti Phantom, JVC District 17, Jumeirah Village Circle (JVC), Dubai",https://www.bayut.com/property/details-13647209.html
Huge Balcony | Ready To Move In I Luxurious 1-Bed,"90,000",Apartment,Yearly,1,2,"2,025 sqft","Eaton Place, JVC District 15, Jumeirah Village Circle (JVC), Dubai",https://www.bayut.com/property/details-13648155.html
Ready to Move-In | Great Community View | Excellent Location,"85,000",Apartment,Yearly,1,2,797 sqft,"Binghatti Phoenix, JVC District 13, Jumeirah Village Circle (JVC), Dubai",https://www.bayut.com/property/details-13655037.html
Spacious One-Bedroom I Prime Location I Vacant,"75,000",Apartment,Yearly,1,2,925 sqft,"Reef Residence, JVC District 13, Jumeirah Village Circle (JVC), Dubai",https://www.bayut.com/property/details-13678284.html
1-Bedroom + Storage | 928 sq. ft | Open View to JVC Central Park | Binghatti Phantom,"110,000",Apartment,Yearly,1,2,795 sqft,"Binghatti Phantom, JVC District 17, Jumeirah Village Circle (JVC), Dubai",https://www.bayut.com/property/details-13653007.html
1-Bedroom + Storage | 928 sq. ft | Open View to JVC Central Park | Binghatti Phantom,"110,000",Apartment,Yearly,1,2,795 sqft,"Binghatti Phantom, JVC District 17, Jumeirah Village Circle (JVC), Dubai",https://www.bayut.com/property/details-13653007.html
Brand New | Spacious | Vacant,"85,000",Apartment,Yearly,1,2,800 sqft,"Binghatti Phoenix, JVC District 13, Jumeirah Village Circle (JVC), Dubai",https://www.bayut.com/property/details-13650808.html
Furnished | Chiller Free | open view,"85,000",Apartment,Yearly,2,2,"1,066 sqft","Knightsbridge Court, JVC District 13, Jumeirah Village Circle (JVC), Dubai",https://www.bayut.com/property/details-13658040.html
FULLY UPGRADE | POOL VIEW | MULTI CHQS,"68,000",Apartment,Yearly,1,1,726 sqft,"Diamond Views III, JVC District 11, Jumeirah Village Circle (JVC), Dubai",https://www.bayut.com/property/details-13671352.html
G+2 | Near Park | Premium Finishing | Call Now,"239,999",Villa,Yearly,4,6,"2,558 sqft","Solitaire Casa, JVC District 10, Jumeirah Village Circle (JVC), Dubai",https://www.bayut.com/property/details-13651869.html
FULLY FURNISHED | PARK VIEW | BIGGEST LAYOUT,"80,000",Apartment,Yearly,1,1,"1,088 sqft","Diamond Views II, JVC District 11, Jumeirah Village Circle (JVC), Dubai",https://www.bayut.com/property/details-13626351.html
2 bhk Apartment | with best ammenities | Road view,"110,000",Apartment,Yearly,2,3,"1,463 sqft","La Residenza, JVC District 10, Jumeirah Village Circle (JVC), Dubai",https://www.bayut.com/property/details-13657028.html
Furnished Studio Apartment | Premium | Move-In Ready,"68,000",Apartment,Yearly,,1,411 sqft,"Oxford Terraces, JVC District 11, Jumeirah Village Circle (JVC), Dubai",https://www.bayut.com/property/details-13644671.html
Luxurious 2BR | Huge Layout | Call Now,"109,950",Apartment,Yearly,2,3,"1,113 sqft","La Residenza, JVC District 10, Jumeirah Village Circle (JVC), Dubai",https://www.bayut.com/property/details-11879427.html
Fully Furnished ready to move | Premium Quality |,"89,999",Apartment,Yearly,1,2,815 sqft,"Belgravia 2, JVC District 14, Jumeirah Village Circle (JVC), Dubai",https://www.bayut.com/property/details-13617148.html
Brand New | Large Layout | Park View | Vacant Now,"320,000",Villa,Yearly,5,7,"5,535 sqft","Jumeirah Village Circle (JVC), Dubai",https://www.bayut.com/property/details-13655205.html
Elegant New Studio | Fully Furnished | Vacant Now,"65,000",Apartment,Yearly,,1,409 sqft,"Pearl House by Imtiaz, JVC District 13, Jumeirah Village Circle (JVC), Dubai",https://www.bayut.com/property/details-13659445.html
Pool View | Prime JVC Location | Diamond Views 4,"65,000",Apartment,Yearly,1,2,682 sqft,"Diamond Views 4, JVC District 11, Jumeirah Village Circle (JVC), Dubai",https://www.bayut.com/property/details-13666646.html
HIGH FLOOR | OPEN VIEW | READY TO MOVE IN,"55,000",Apartment,Yearly,,1,387 sqft,"Binghatti Azure, JVC District 16, Jumeirah Village Circle (JVC), Dubai",https://www.bayut.com/property/details-13648846.html
Urgently Rent | 2 BHK with Close Kitchen | Best Price,"120,000",Apartment,Yearly,2,2,"1,300 sqft","SH Living 1, JVC District 14, Jumeirah Village Circle (JVC), Dubai",https://www.bayut.com/property/details-13659357.html
LUXURY FINISHING | BRAND NEW | PRIME LOCATION,"125,000",Apartment,Yearly,2,2,"1,171 sqft","Binghatti Heights, JVC District 10, Jumeirah Village Circle (JVC), Dubai",https://www.bayut.com/property/details-13647635.html
Private Pool | Pool and Park View| Ready To Move,"107,999",Apartment,Yearly,1,2,922 sqft,"Binghatti Royale, JVC District 18, Jumeirah Village Circle (JVC), Dubai",https://www.bayut.com/property/details-13626465.html
4BR + Maids | Vacant Soon | Good Location,"220,000",Townhouse,Yearly,4,6,"3,600 sqft","Heilbronn Villas, JVC District 14, Jumeirah Village Circle (JVC), Dubai",https://www.bayut.com/property/details-13645451.html
Spacious 1BHK with Jacuzzi | Prime Location | Urgently Available for Rent,"100,000",Apartment,Yearly,1,1,"1,206 sqft","SH Living 1, JVC District 14, Jumeirah Village Circle (JVC), Dubai",https://www.bayut.com/property/details-13660789.html
Grt Location | Near To Mall | Specious,"99,950",Apartment,Yearly,2,3,"1,327 sqft","Fortunato, JVC District 11, Jumeirah Village Circle (JVC), Dubai",https://www.bayut.com/property/details-13607544.html
Huge Layout | Ready To Move | Amazing Amenities,"65,000",Apartment,Yearly,,1,505 sqft,"Oakley Square Residence, JVC District 11, Jumeirah Village Circle (JVC), Dubai",https://www.bayut.com/property/details-13668143.html
High-Demand Location | Furnished 1BR | Skyline View,"69,000",Apartment,Yearly,1,2,605 sqft,"Summer 2 Block A, Summer, Seasons Community, JVC District 15, Jumeirah Village Circle (JVC), Dubai",https://www.bayut.com/property/details-13620200.html
Ready now -Unfurnished -1bedr -New- Park View,"80,000",Apartment,Yearly,1,2,793 sqft,"Binghatti Phoenix, JVC District 13, Jumeirah Village Circle (JVC), Dubai",https://www.bayut.com/property/details-13611756.html
High-Demand Location | Furnished 1BR | Skyline View,"69,000",Apartment,Yearly,1,2,605 sqft,"Summer 2 Block A, Summer, Seasons Community, JVC District 15, Jumeirah Village Circle (JVC), Dubai",https://www.bayut.com/property/details-13617796.html
Private Pool | High Floor | Brand New | Marina View,"130,000",Apartment,Yearly,2,2,"1,111 sqft","Binghatti House, JVC District 10, Jumeirah Village Circle (JVC), Dubai",https://www.bayut.com/property/details-13634342.html
Fully Furnished | Spacious Layout | Prime Location,"100,000",Apartment,Yearly,1,2,853 sqft,"AG Residence, JVC District 11, Jumeirah Village Circle (JVC), Dubai",https://www.bayut.com/property/details-13592239.html
| Prime Location | Well Maintained | Huge Size with study,"72,999",Apartment,Yearly,1,2,847 sqft,"Rigel Apartments, JVC District 10, Jumeirah Village Circle (JVC), Dubai",https://www.bayut.com/property/details-13617285.html
Furnished | Huge Balcony | High Floor,"75,000",Apartment,Yearly,1,2,867 sqft,"Tower 108, JVC District 18, Jumeirah Village Circle (JVC), Dubai",https://www.bayut.com/property/details-13637871.html
Fully Furnished | Premium Quality | Prime Location,"80,000",Apartment,Yearly,1,2,835 sqft,"DAMAC Ghalia, JVC District 18, Jumeirah Village Circle (JVC), Dubai",https://www.bayut.com/property/details-13593669.html
URGENTLY RENT | PRIME 1BHK | BEST PRICE,"75,000",Apartment,Yearly,1,1,751 sqft,"SH Living 1, JVC District 14, Jumeirah Village Circle (JVC), Dubai",https://www.bayut.com/property/details-13647585.html
Vaastu | Kitchen Appliances | High Floor | Pool View,"82,000",Apartment,Yearly,1,1,657 sqft,"Binghatti Emerald, JVC District 15, Jumeirah Village Circle (JVC), Dubai",https://www.bayut.com/property/details-13636603.html
Ready To Move in Spacious layout Fully Furnished,"118,000",Apartment,Yearly,2,2,"1,143 sqft","Bloom Tower A, Bloom Towers, JVC District 10, Jumeirah Village Circle (JVC), Dubai",https://www.bayut.com/property/details-13602157.html
Fully Furnished | Pool View |12 Cheques with Bills,"72,000",Apartment,Yearly,,1,513 sqft,"G24 Tower, JVC District 11, Jumeirah Village Circle (JVC), Dubai",https://www.bayut.com/property/details-13610351.html
Spacious 1BR / Well Maintained / Move In Ready Now,"68,000",Apartment,Yearly,1,2,799 sqft,"Regina Tower, JVC District 12, Jumeirah Village Circle (JVC), Dubai",https://www.bayut.com/property/details-13592310.html
"Live Royal, Live Elegant | Brand New | Private Jacuzzi","119,999",Apartment,Yearly,1,2,922 sqft,"Binghatti Royale, JVC District 18, Jumeirah Village Circle (JVC), Dubai",https://www.bayut.com/property/details-13592634.html
"Binghatti Royale, JVC District 18, Jumeirah Village Circle (JVC), Dubai","100,000",Apartment,Yearly,1,2,807 sqft,"Binghatti Royale, JVC District 18, Jumeirah Village Circle (JVC), Dubai",https://www.bayut.com/property/details-13600008.html
Brand-New 1BR | Private Pool | Smart Home | Upto 4 payments | Exclusive,"95,000",Apartment,Yearly,1,2,808 sqft,"Binghatti Royale, JVC District 18, Jumeirah Village Circle (JVC), Dubai",https://www.bayut.com/property/details-13590539.html
Fully Furnished | Great Location | Park View,"64,999",Apartment,Yearly,,1,399 sqft,"Pantheon Elysee III, JVC District 15, Jumeirah Village Circle (JVC), Dubai",https://www.bayut.com/property/details-13579031.html
Ready to Move-In | Huge Layout | Fully Furnished,"81,000",Apartment,Yearly,1,2,"1,012 sqft","Tower 108, JVC District 18, Jumeirah Village Circle (JVC), Dubai",https://www.bayut.com/property/details-13581667.html
Massive|Garden View|Near Jss|Available 15 Jan 2026,"115,000",Apartment,Yearly,2,3,"1,518 sqft","Le Grand Chateau C, Le Grand Chateau, JVC District 10, Jumeirah Village Circle (JVC), Dubai",https://www.bayut.com/property/details-13579047.html
Private Pool | 1 Bedroom | Spacious Layout | Premium Quality,"120,000",Apartment,Yearly,1,2,922 sqft,"Binghatti Royale, JVC District 18, Jumeirah Village Circle (JVC), Dubai",https://www.bayut.com/property/details-13622390.html
BEST RENT 1 BEDROOM MASAAR RESDINCES JVC,"62,000",Apartment,Yearly,1,2,602 sqft,"Masaar Residence, JVC District 15, Jumeirah Village Circle (JVC), Dubai",https://www.bayut.com/property/details-13612409.html
Spacious Layout I With Balcony I Ready to move,"50,000",Apartment,Yearly,,1,392 sqft,"La Perla Blanca, JVC District 15, Jumeirah Village Circle (JVC), Dubai",https://www.bayut.com/property/details-13593439.html
Modern 1-Bedroom with Pool Overlooking Parks and Skyline,"120,000",Apartment,Yearly,1,2,922 sqft,"Binghatti Royale, JVC District 18, Jumeirah Village Circle (JVC), Dubai",https://www.bayut.com/property/details-13622388.html
Prime Location | Open View | JVC,"80,000",Apartment,Yearly,1,2,"1,010 sqft","Gardenia 2, Emirates Gardens, JVC District 12, Jumeirah Village Circle (JVC), Dubai",https://www.bayut.com/property/details-13586515.html
CHICK THE VIDEO HIGH QUALITY BEST OFFER PRIME ST,"58,000",Apartment,Yearly,,1,455 sqft,"Binghatti Lavender, JVC District 10, Jumeirah Village Circle (JVC), Dubai",https://www.bayut.com/property/details-13633486.html
READY TO MOVE IN FOR 65K 1BR W/ 2 BALCONIES FAMILY BLDG,"65,000",Apartment,Yearly,1,2,787 sqft,"Continents Tower, JVC District 13, Jumeirah Village Circle (JVC), Dubai",https://www.bayut.com/property/details-10164258.html
VACANT / READY / BALCONY / PARKING,"46,000",Apartment,Yearly,,1,381 sqft,"Serenity Lakes 5, JVC District 10, Jumeirah Village Circle (JVC), Dubai",https://www.bayut.com/property/details-13605875.html
Prime Location I Spacious Layout I Close to Amenities,"68,000",Apartment,Yearly,1,2,677 sqft,"La Perla Blanca, JVC District 15, Jumeirah Village Circle (JVC), Dubai",https://www.bayut.com/property/details-13593103.html
Fully Furnished | Private Pool | Marina View,"149,900",Apartment,Yearly,2,3,"1,111 sqft","Binghatti House, JVC District 10, Jumeirah Village Circle (JVC), Dubai",https://www.bayut.com/property/details-13588253.html
Spacious 1 BR Unit | Ready to Move-in | Book Now,"90,000",Apartment,Yearly,1,2,864 sqft,"Golden Dream Tower 1, JVC District 18, Jumeirah Village Circle (JVC), Dubai",https://www.bayut.com/property/details-13585707.html
Large 2BR | Closed kitchen | Great Location,"82,500",Apartment,Yearly,2,3,"1,328 sqft","Sunrise Tower JVC, JVC District 11, Jumeirah Village Circle (JVC), Dubai",https://www.bayut.com/property/details-13585151.html
High Floor | Spacious | Marina View | 2 Beds,"115,000",Apartment,Yearly,2,2,"1,236 sqft","Binghatti Corner, JVC District 10, Jumeirah Village Circle (JVC), Dubai",https://www.bayut.com/property/details-13541500.html
Semi Furnished - Huge One BR - Golf View,"75,000",Apartment,Yearly,1,2,967 sqft,"O2 Tower, JVC District 14, Jumeirah Village Circle (JVC), Dubai",https://www.bayut.com/property/details-8763078.html
I Prime Location | Vacant | Unfurnished,"65,000",Apartment,Yearly,1,2,602 sqft,"Masaar Residence, JVC District 15, Jumeirah Village Circle (JVC), Dubai",https://www.bayut.com/property/details-13539862.html
Brand New I Very Spacious I Prime Location of JVC I Ready to Move in Feb,"95,000",Apartment,Yearly,1,2,758 sqft,"7 Park Central, JVC District 17, Jumeirah Village Circle (JVC), Dubai",https://www.bayut.com/property/details-13639129.html
Brand New | 02 Bed Room Hall | No Commission | One Month Grace Period,"73,000",Apartment,Yearly,2,2,771 sqft,"JVC District 11, Jumeirah Village Circle (JVC), Dubai",https://www.bayut.com/property/details-13724118.html
3BHK | Spacious Layout | Community View,"169,999",Villa,Yearly,3,5,"1,455 sqft","Mirabella 7, JVC District 12, Jumeirah Village Circle (JVC), Dubai",https://www.bayut.com/property/details-13529147.html
Furnished 1BR | Modern Layout | Ready to Move In,"90,000",Apartment,Yearly,1,1,756 sqft,"Bloom Heights 1, Bloom Heights, JVC District 15, Jumeirah Village Circle (JVC), Dubai",https://www.bayut.com/property/details-13540607.html
Brand New | 02 Bed Room Hall | No Commission | One Month Grace Period,"75,000",Apartment,Yearly,2,2,"1,000 sqft","JVC District 11, Jumeirah Village Circle (JVC), Dubai",https://www.bayut.com/property/details-13723849.html
Brand New | 02 Bed Room Hall | No Commission | One Month Grace Period,"72,999",Apartment,Yearly,2,2,771 sqft,"JVC District 11, Jumeirah Village Circle (JVC), Dubai",https://www.bayut.com/property/details-13723789.html
Upgraded Townhouse | Prime JVC Community | Modern Interiors,"240,000",Townhouse,Yearly,4,5,"1,679 sqft","Lilac Park, JVC District 12, Jumeirah Village Circle (JVC), Dubai",https://www.bayut.com/property/details-13514780.html
Elegant Unfurnished Apartment for Rent in National Bonds Residences,"60,000",Apartment,Yearly,,1,406 sqft,"National Bonds Residence, JVC District 15, Jumeirah Village Circle (JVC), Dubai",https://www.bayut.com/property/details-13725134.html
High Floor | Ready To Move In | Brand New,"100,000",Apartment,Yearly,1,2,795 sqft,"Binghatti Phantom, JVC District 17, Jumeirah Village Circle (JVC), Dubai",https://www.bayut.com/property/details-13497508.html
Very Convenient layout with large terrace - chiller free,"65,000",Apartment,Yearly,1,2,800 sqft,"Oxford Building, JVC District 14, Jumeirah Village Circle (JVC), Dubai",https://www.bayut.com/property/details-11805142.html
PRIVATE POOL | BRAND NEW | HIGH FLOOR,"110,000",Apartment,Yearly,1,2,795 sqft,"Binghatti Phantom, JVC District 17, Jumeirah Village Circle (JVC), Dubai",https://www.bayut.com/property/details-13537020.html
"U Shape Kitchen, Private Pool, Study Room, High Floor, Ready To Move In","110,000",Apartment,Yearly,1,2,921 sqft,"Binghatti Royale, JVC District 18, Jumeirah Village Circle (JVC), Dubai",https://www.bayut.com/property/details-13517673.html
Brand New - All Ensuit bedroom - Chiller with Dewa,"185,000",Apartment,Yearly,3,4,"1,859 sqft","Westview Garden, JVC District 15, Jumeirah Village Circle (JVC), Dubai",https://www.bayut.com/property/details-13539022.html
High Floor | Burj Al Arab View | Brand New,"100,000",Apartment,Yearly,1,2,797 sqft,"Binghatti Phantom, JVC District 17, Jumeirah Village Circle (JVC), Dubai",https://www.bayut.com/property/details-13495303.html
PRIVATE POOL | BRAND NEW | UNIQUE OPPORTUNITY,"100,000",Apartment,Yearly,1,2,794 sqft,"Binghatti Phantom, JVC District 17, Jumeirah Village Circle (JVC), Dubai",https://www.bayut.com/property/details-13522390.html
Community View | Prime Location | Spacious Unit,"84,999",Apartment,Yearly,1,2,785 sqft,"Binghatti Aurora, JVC District 12, Jumeirah Village Circle (JVC), Dubai",https://www.bayut.com/property/details-13505295.html
Exclusive 1BR Brandnew Semi Furnished Spacious Biggest Layout -Swimming Pool View,"85,000",Apartment,Yearly,1,2,919 sqft,"Binghatti Aurora, JVC District 12, Jumeirah Village Circle (JVC), Dubai",https://www.bayut.com/property/details-13544517.html
Four Bed+Maid | Upgraded | Flexible Cheques,"200,000",Townhouse,Yearly,4,4,"3,400 sqft","Marwa Homes 2, JVC District 13, Jumeirah Village Circle (JVC), Dubai",https://www.bayut.com/property/details-13526479.html
View Today | 4 Cheques | Brand New,"100,000",Apartment,Yearly,1,2,796 sqft,"Binghatti Phantom, JVC District 17, Jumeirah Village Circle (JVC), Dubai",https://www.bayut.com/property/details-13496221.html
Prime Location I Spacious Layout I Great Amenities,"68,000",Apartment,Yearly,1,2,650 sqft,"La Perla Blanca, JVC District 15, Jumeirah Village Circle (JVC), Dubai",https://www.bayut.com/property/details-13547568.html
Spurs Spacious I Prime Location I Grab the Keys,"108,000",Apartment,Yearly,2,3,"1,593 sqft","La Perla Blanca, JVC District 15, Jumeirah Village Circle (JVC), Dubai",https://www.bayut.com/property/details-13547846.html
2 bed + maid | best ammenities | spacious,"119,999",Apartment,Yearly,2,4,"1,548 sqft","Laya Residences, JVC District 10, Jumeirah Village Circle (JVC), Dubai",https://www.bayut.com/property/details-13495637.html
Spacious | Fully Furnished | Modern | Amazing View,"110,000",Apartment,Yearly,1,1,952 sqft,"Binghatti Galaxy Tower A, Binghatti Galaxy, JVC District 11, Jumeirah Village Circle (JVC), Dubai",https://www.bayut.com/property/details-13467997.html
Brand New | Luxury | High ROI Opportunity,"75,000",Apartment,Yearly,1,2,617 sqft,"Pantheon Elysee III, JVC District 15, Jumeirah Village Circle (JVC), Dubai",https://www.bayut.com/property/details-13513425.html
FULLY FURNISHED I BEST PRICE I MULTIPLE CHEQUES,"50,000",Apartment,Yearly,,1,434 sqft,"Laya Mansion, JVC District 15, Jumeirah Village Circle (JVC), Dubai",https://www.bayut.com/property/details-13501092.html
Luxury Apartment | Move In Ready | Corner Unit,"100,000",Apartment,Yearly,1,2,754 sqft,"Binghatti Aurora, JVC District 12, Jumeirah Village Circle (JVC), Dubai",https://www.bayut.com/property/details-13491695.html
ALL BILLS INCLUDED | FULLY FURNISHED | READY TO MOVE,"74,999",Apartment,Yearly,1,1,717 sqft,"Burj Sabah, JVC District 12, Jumeirah Village Circle (JVC), Dubai",https://www.bayut.com/property/details-13512020.html
Bright & Spacious I Large Size I Marina View,"75,000",Apartment,Yearly,1,1,795 sqft,"Bloom Tower A, Bloom Towers, JVC District 10, Jumeirah Village Circle (JVC), Dubai",https://www.bayut.com/property/details-13533773.html
High Floor | Brand New | Hotel Style Amenities,"60,000",Apartment,Yearly,,1,408 sqft,"Binghatti Phoenix, JVC District 13, Jumeirah Village Circle (JVC), Dubai",https://www.bayut.com/property/details-13504648.html
Luxury tower in JVC | Closed Balcony | Pool | Gym | High Floor,"75,000",Apartment,Yearly,1,2,826 sqft,"Reef Residence, JVC District 13, Jumeirah Village Circle (JVC), Dubai",https://www.bayut.com/property/details-13417666.html
Brand New | Spacious 2 Bed | Ready to Move In,"152,000",Apartment,Yearly,2,2,995 sqft,"Binghatti Aurora, JVC District 12, Jumeirah Village Circle (JVC), Dubai",https://www.bayut.com/property/details-13491165.html
BRAND NEW | FIRST TENANT | LUXURIOUS | SPACIOUS | PARKING | BIG BALCONY,"140,000",Apartment,Yearly,2,3,"1,364 sqft","Binghatti Aurora, JVC District 12, Jumeirah Village Circle (JVC), Dubai",https://www.bayut.com/property/details-13449865.html
FULLY FURNISHED | MODERN FINISH | READY TO MOVE IN,"72,500",Apartment,Yearly,1,1,661 sqft,"Binghatti Rose, JVC District 15, Jumeirah Village Circle (JVC), Dubai",https://www.bayut.com/property/details-13467402.html
Premium Living | Open View in the Heart of JVC,"85,000",Apartment,Yearly,1,1,811 sqft,"Belgravia Heights 1, JVC District 12, Jumeirah Village Circle (JVC), Dubai",https://www.bayut.com/property/details-13441799.html
Brand New Luxury 2 Bed | Vacant | Prime Location,"155,000",Apartment,Yearly,2,2,996 sqft,"Binghatti Aurora, JVC District 12, Jumeirah Village Circle (JVC), Dubai",https://www.bayut.com/property/details-13491696.html
Unfurnished Spacious 1BR | Open View with Balcony,"65,000",Apartment,Yearly,1,2,711 sqft,"Jeewar Apartments, JVC District 11, Jumeirah Village Circle (JVC), Dubai",https://www.bayut.com/property/details-13503769.html
High-End Quality | Private Pool | Brand-New,"109,999",Apartment,Yearly,1,2,807 sqft,"Binghatti Royale, JVC District 18, Jumeirah Village Circle (JVC), Dubai",https://www.bayut.com/property/details-13437603.html
BRAND NEW || READY TO MOVE || HUGE BALCONY,"61,999",Apartment,Yearly,1,2,791 sqft,"Central Park Tower, JVC District 12, Jumeirah Village Circle (JVC), Dubai",https://www.bayut.com/property/details-13471233.html
Spacious Fully Furnished Studio | Modern Living in JVC,"59,999",Apartment,Yearly,,1,397 sqft,"Oxford Terraces, JVC District 11, Jumeirah Village Circle (JVC), Dubai",https://www.bayut.com/property/details-13660228.html
MODERN | FURNISHED | PRIME LOCATION,"85,000",Apartment,Yearly,2,1,831 sqft,"Knightsbridge Court, JVC District 13, Jumeirah Village Circle (JVC), Dubai",https://www.bayut.com/property/details-13394651.html
Modern 1BR | Luxury tower | High Floor | Closed Balcony,"75,000",Apartment,Yearly,1,2,798 sqft,"Reef Residence, JVC District 13, Jumeirah Village Circle (JVC), Dubai",https://www.bayut.com/property/details-13417292.html
"OFFER!! FULLY FURNISHED STUDIO APARTMENT FOR RENT IN ELYSEE II BY PANTHEON, JUMEIRAH VILLAGE CIRCLE!","60,000",Apartment,Yearly,,1,393 sqft,"Pantheon Elysee II, JVC District 12, Jumeirah Village Circle (JVC), Dubai",https://www.bayut.com/property/details-13593374.html
Modern 2BR | Spacious Layout | Prime JVC Location,"150,000",Apartment,Yearly,2,2,"1,091 sqft","Binghatti Emerald, JVC District 15, Jumeirah Village Circle (JVC), Dubai",https://www.bayut.com/property/details-13443142.html
VIP Clients Only | Branded Furniture \ XXL Size,"70,000",Apartment,Yearly,,1,633 sqft,"LOCI Residences, JVC District 14, Jumeirah Village Circle (JVC), Dubai",https://www.bayut.com/property/details-9179454.html
BRAND NEW | WITH STUDY ROOM | PRIVATE POOL,"99,000",Apartment,Yearly,1,2,911 sqft,"Binghatti Phantom, JVC District 17, Jumeirah Village Circle (JVC), Dubai",https://www.bayut.com/property/details-13421002.html
Modern and Spacious 1BR For Rent I Belgravia 2,"90,000",Apartment,Yearly,1,2,815 sqft,"Belgravia 2, JVC District 14, Jumeirah Village Circle (JVC), Dubai",https://www.bayut.com/property/details-13371422.html
Brand New Studio | Move-In Ready | Prime Location,"62,000",Apartment,Yearly,,1,387 sqft,"Binghatti Aurora, JVC District 12, Jumeirah Village Circle (JVC), Dubai",https://www.bayut.com/property/details-13493248.html
Spacious 1BR Apartment Semi Close Kitchen with 2 Full Bathrooms,"70,000",Apartment,Yearly,1,2,823 sqft,"Le Grand Chateau A, Le Grand Chateau, JVC District 10, Jumeirah Village Circle (JVC), Dubai",https://www.bayut.com/property/details-13437185.html
Elegant Family Home | The Autograph X | JVC,"400,000",Villa,Yearly,3,5,"2,615 sqft","The Autograph, JVC District 10, Jumeirah Village Circle (JVC), Dubai",https://www.bayut.com/property/details-13360568.html
Premium Furnishing | Quality Living | Hotel FIVE View,"57,999",Apartment,Yearly,,1,473 sqft,"Park View Tower, JVC District 14, Jumeirah Village Circle (JVC), Dubai",https://www.bayut.com/property/details-13425748.html
3BHK Apatment | Huge Layout | Prime Location,"129,995",Apartment,Yearly,3,3,"1,285 sqft","Binghatti Rose, JVC District 15, Jumeirah Village Circle (JVC), Dubai",https://www.bayut.com/property/details-13393702.html
Best Price | Ready To Move | Bright and Spacious,"80,000",Apartment,Yearly,1,1,861 sqft,"Eaton Place, JVC District 15, Jumeirah Village Circle (JVC), Dubai",https://www.bayut.com/property/details-13379855.html
Luxury Finishing | Huge Plot | Ready To Move,"280,000",Villa,Yearly,3,3,"8,256 sqft","JVC District 16, Jumeirah Village Circle (JVC), Dubai",https://www.bayut.com/property/details-13435731.html
Podium Floor | Ready to move in with Balcony,"140,000",Apartment,Yearly,2,2,"1,523 sqft","Al Manal Elite, JVC District 13, Jumeirah Village Circle (JVC), Dubai",https://www.bayut.com/property/details-13353983.html
Modern Fully Furnished Studio in JVC,"70,000",Apartment,Yearly,,1,475 sqft,"Belgravia Square, JVC District 14, Jumeirah Village Circle (JVC), Dubai",https://www.bayut.com/property/details-13301753.html
Elegant Touch | Fully Furnished | Cozy Unit,"81,500",Apartment,Yearly,1,2,617 sqft,"Pantheon Elysee III, JVC District 15, Jumeirah Village Circle (JVC), Dubai",https://www.bayut.com/property/details-13378821.html
Bright 1BR Apartment | Fully Furnished | for Rent,"89,000",Apartment,Yearly,1,2,801 sqft,"Concept 7 Residences, JVC District 11, Jumeirah Village Circle (JVC), Dubai",https://www.bayut.com/property/details-13445556.html
READY TO MOVE IN | BEST LOCATION | FULLY FURNISHED,"82,000",Apartment,Yearly,1,2,"1,012 sqft","Tower 108, JVC District 18, Jumeirah Village Circle (JVC), Dubai",https://www.bayut.com/property/details-13282780.html
Newest in the market | Fully Furnished by Italian designer,"70,000",Apartment,Yearly,,1,633 sqft,"LOCI Residences, JVC District 14, Jumeirah Village Circle (JVC), Dubai",https://www.bayut.com/property/details-9179466.html
Affordable Studio | with Balcony | Great Location in JVC,"51,000",Apartment,Yearly,,1,451 sqft,"Hanover Square, JVC District 10, Jumeirah Village Circle (JVC), Dubai",https://www.bayut.com/property/details-13428755.html
Furnished | Chiller Free | Spacious Unit | Clean,"51,000",Apartment,Yearly,,1,451 sqft,"Hanover Square, JVC District 10, Jumeirah Village Circle (JVC), Dubai",https://www.bayut.com/property/details-13373127.html
Brand New | Smart Home | 1BR w Study,"99,999",Apartment,Yearly,1,2,855 sqft,"Oxford Terraces, JVC District 11, Jumeirah Village Circle (JVC), Dubai",https://www.bayut.com/property/details-13426234.html
Brand-New | Modern Finishes | Prime Location,"110,000",Apartment,Yearly,1,1,795 sqft,"Binghatti Phantom, JVC District 17, Jumeirah Village Circle (JVC), Dubai",https://www.bayut.com/property/details-13371222.html
Spacious 2bhk WITH 3 BATHROOM Very Close to Circle Mall in Just 85k,"85,000",Apartment,Yearly,2,3,973 sqft,"Mir 5, JVC District 11, Jumeirah Village Circle (JVC), Dubai",https://www.bayut.com/property/details-13360926.html
Vacant | Unfurnished | Brand New | Spacious,"60,000",Apartment,Yearly,,1,383 sqft,"H Three By Aurora, JVC District 11, Jumeirah Village Circle (JVC), Dubai",https://www.bayut.com/property/details-13354206.html
Vacant | Unfurnished | Brand New | Spacious,"60,000",Apartment,Yearly,,1,383 sqft,"H Three By Aurora, JVC District 11, Jumeirah Village Circle (JVC), Dubai",https://www.bayut.com/property/details-13354206.html
Near Circle Mall | Best Price | Ready To Move,"89,999",Apartment,Yearly,2,3,888 sqft,"Fortunato, JVC District 11, Jumeirah Village Circle (JVC), Dubai",https://www.bayut.com/property/details-13309890.html
Ready To Move | Brand New | High Floor,"75,000",Apartment,Yearly,1,2,653 sqft,"Binghatti House, JVC District 10, Jumeirah Village Circle (JVC), Dubai",https://www.bayut.com/property/details-11702266.html
Rare 2BHK Duplex | 2 Parking | Specious,"139,990",Apartment,Yearly,2,3,"1,984 sqft","Fortunato, JVC District 11, Jumeirah Village Circle (JVC), Dubai",https://www.bayut.com/property/details-13305822.html
CHILLER FREE | LOW FLOOR | VACANT,"70,000",Apartment,Yearly,,1,551 sqft,"East Tower, Luma 22, JVC District 10, Jumeirah Village Circle (JVC), Dubai",https://www.bayut.com/property/details-13341838.html
Multiple options | Ready To Move | Brand New,"75,000",Apartment,Yearly,1,2,651 sqft,"Binghatti House, JVC District 10, Jumeirah Village Circle (JVC), Dubai",https://www.bayut.com/property/details-11702270.html
Rent Jvc Furnished Studio In Plaza Residence,"50,000",Apartment,Yearly,,1,464 sqft,"Plaza Residences Block D, Plaza Residences, JVC District 13, Jumeirah Village Circle (JVC), Dubai",https://www.bayut.com/property/details-13350792.html
Modern 2 BR / Prime Location in JV / Full Facilities,"77,000",Apartment,Yearly,2,3,872 sqft,"Dana Tower, JVC District 12, Jumeirah Village Circle (JVC), Dubai",https://www.bayut.com/property/details-13584266.html
2 bhk Apartment | with best ammenities | Road view,"120,000",Apartment,Yearly,2,3,"1,548 sqft","Laya Residences, JVC District 10, Jumeirah Village Circle (JVC), Dubai",https://www.bayut.com/property/details-13306232.html
Brand New-Spacious -Fitted kitchen,"85,000",Apartment,Yearly,1,2,760 sqft,"Binghatti Phoenix, JVC District 13, Jumeirah Village Circle (JVC), Dubai",https://www.bayut.com/property/details-13246579.html
"Binghatti Gate, JVC, District 15, Jumeirah Village Circle","60,000",Apartment,Yearly,1,2,644 sqft,"Binghatti Gate, JVC District 15, Jumeirah Village Circle (JVC), Dubai",https://www.bayut.com/property/details-13341273.html
Elegant 1BR | Ready to Move In | Brand New,"85,000",Apartment,Yearly,1,2,880 sqft,"Hadley Heights, JVC District 11, Jumeirah Village Circle (JVC), Dubai",https://www.bayut.com/property/details-13325147.html
Spacious Unit | Huge Layout | Prime Location,"140,000",Apartment,Yearly,2,3,"1,190 sqft","Binghatti Phoenix, JVC District 13, Jumeirah Village Circle (JVC), Dubai",https://www.bayut.com/property/details-13275475.html
2 BEDROOM PLUS STUDY IN PRIME LOCATION,"179,999",Apartment,Yearly,2,3,"1,425 sqft","Hadley Heights, JVC District 11, Jumeirah Village Circle (JVC), Dubai",https://www.bayut.com/property/details-13362680.html
Fully Furnished | Best Price | Vacant Soon,"50,000",Apartment,Yearly,,1,432 sqft,"Tower 108, JVC District 18, Jumeirah Village Circle (JVC), Dubai",https://www.bayut.com/property/details-13273611.html
Modern Studio| 12 payments | Bloom Towers C,"96,000",Apartment,Yearly,,1,352 sqft,"Bloom Tower C, Bloom Towers, JVC District 10, Jumeirah Village Circle (JVC), Dubai",https://www.bayut.com/property/details-13339689.html
best priced 1 bedroom JVC | spacious,"60,000",Apartment,Yearly,1,2,865 sqft,"Alcove, JVC District 11, Jumeirah Village Circle (JVC), Dubai",https://www.bayut.com/property/details-13431514.html
Spacious 3BR + Maid Townhouse | Private Garden | Move-In Ready,"190,000",Townhouse,Yearly,3,5,"2,583 sqft","Nakheel Townhouse, JVC District 12, Jumeirah Village Circle (JVC), Dubai",https://www.bayut.com/property/details-13241626.html
READ TO MOVE | NEWLY VACANT | AMAZING VIEW,"75,000",Apartment,Yearly,1,2,925 sqft,"Reef Residence, JVC District 13, Jumeirah Village Circle (JVC), Dubai",https://www.bayut.com/property/details-13500938.html
Fully Furnished | Great Location | Call Now,"110,000",Apartment,Yearly,2,3,"1,280 sqft","Alcove, JVC District 11, Jumeirah Village Circle (JVC), Dubai",https://www.bayut.com/property/details-13131995.html
Affordable 1 BHK for Rent | Venus 1 | Family-Friendly JVC Community,"65,000",Apartment,Yearly,1,2,630 sqft,"Venus 1, JVC District 12, Jumeirah Village Circle (JVC), Dubai",https://www.bayut.com/property/details-13563600.html
1 BHK | Pool View | Spacious | PLaza Residence,"62,000",Apartment,Yearly,1,2,786 sqft,"Plaza Residences Block B, Plaza Residences, JVC District 13, Jumeirah Village Circle (JVC), Dubai",https://www.bayut.com/property/details-13299471.html
Park View | Prime Location | Spacious Unit,"110,000",Apartment,Yearly,2,3,"1,055 sqft","Bloom Heights 1, Bloom Heights, JVC District 15, Jumeirah Village Circle (JVC), Dubai",https://www.bayut.com/property/details-13294108.html
Pool View |Open Kitchen |Prime Location |Spacious,"72,999",Apartment,Yearly,1,2,905 sqft,"Alcove, JVC District 11, Jumeirah Village Circle (JVC), Dubai",https://www.bayut.com/property/details-13286356.html
"Bright 1 Bedroom + Study Room | Prime Location in Al Waleed Residence, JVC","80,000",Apartment,Yearly,1,2,"1,204 sqft","Al Waleed Building, JVC District 13, Jumeirah Village Circle (JVC), Dubai",https://www.bayut.com/property/details-13542513.html
Single Row - 3 BR with Maid room ! Upgraded ! Ready to Move,"180,000",Townhouse,Yearly,3,4,"2,584 sqft","Nakheel Townhouse, JVC District 12, Jumeirah Village Circle (JVC), Dubai",https://www.bayut.com/property/details-13262780.html
Biggest Layout | Vacant Soon | Near Mall,"65,000",Apartment,Yearly,,1,488 sqft,"Binghatti Galaxy Tower B, Binghatti Galaxy, JVC District 11, Jumeirah Village Circle (JVC), Dubai",https://www.bayut.com/property/details-13165074.html
2 bhk Apartment | with best ammenities | Road view,"165,000",Apartment,Yearly,2,4,"1,784 sqft","Eleganz by Danube, JVC District 14, Jumeirah Village Circle (JVC), Dubai",https://www.bayut.com/property/details-13206687.html
LUXURIOUS LIVING/ FULL FURNISHED/ BEST VIEW,"200,000",Villa,Yearly,4,5,"2,753 sqft","JVC District 16, Jumeirah Village Circle (JVC), Dubai",https://www.bayut.com/property/details-13302953.html
VACANT | 1 BEDROOM UNFURNISHED | PRIME LOCATION,"75,000",Apartment,Yearly,1,2,798 sqft,"Reef Residence, JVC District 13, Jumeirah Village Circle (JVC), Dubai",https://www.bayut.com/property/details-13461961.html
Spacious | Huge Layout | Prime Location,"104,999",Apartment,Yearly,1,2,807 sqft,"Binghatti Royale, JVC District 18, Jumeirah Village Circle (JVC), Dubai",https://www.bayut.com/property/details-13240052.html
Prime Location! 1-Bedroom Apartment in Al Manal Elite for Rent,"85,000",Apartment,Yearly,1,2,950 sqft,"Al Manal Elite, JVC District 13, Jumeirah Village Circle (JVC), Dubai",https://www.bayut.com/property/details-13518467.html
Spacious Studio | New | Light & Bright | Park view,"50,000",Apartment,Yearly,,1,362 sqft,"Binghatti Tulip, JVC District 11, Jumeirah Village Circle (JVC), Dubai",https://www.bayut.com/property/details-13505230.html
Iconic Unit | Brand New | Recently Handover,"170,000",Apartment,Yearly,2,3,"1,595 sqft","Binghatti Phantom, JVC District 17, Jumeirah Village Circle (JVC), Dubai",https://www.bayut.com/property/details-13137994.html
Move-In Ready | Stylish Furnished 1BR for Modern Living In 1 Cheque payment,"90,000",Apartment,Yearly,1,1,669 sqft,"Binghatti Emerald, JVC District 15, Jumeirah Village Circle (JVC), Dubai",https://www.bayut.com/property/details-13245367.html
Fully Furnished | Great Location | Call Now,"80,000",Apartment,Yearly,1,1,654 sqft,"Belgravia 3A, Belgravia 3, JVC District 15, Jumeirah Village Circle (JVC), Dubai",https://www.bayut.com/property/details-13188000.html
Community and Pool View | High Floor | Spacious,"75,000",Apartment,Yearly,1,2,864 sqft,"Golden Dream Tower 1, JVC District 18, Jumeirah Village Circle (JVC), Dubai",https://www.bayut.com/property/details-13212913.html
Luxury 2BHK | Fully Furnished | Prime JVC Location,"129,000",Apartment,Yearly,2,3,"1,056 sqft","Bloom Heights 1, Bloom Heights, JVC District 15, Jumeirah Village Circle (JVC), Dubai",https://www.bayut.com/property/details-13103535.html
12 Cheq’s | High ceiling | Vacant with ammanities,"195,000",Villa,Yearly,3,5,"2,690 sqft","Al Maali Villas, JVC District 14, Jumeirah Village Circle (JVC), Dubai",https://www.bayut.com/property/details-13204361.html
Brand New-Pool View-Fitted kitchen,"60,000",Apartment,Yearly,,1,413 sqft,"Binghatti Phoenix, JVC District 13, Jumeirah Village Circle (JVC), Dubai",https://www.bayut.com/property/details-13297832.html
HIGH FLOOR APARTMENT | VACANT STUDIO | READY TO MOVE,"48,000",Apartment,Yearly,,1,416 sqft,"May Residence Tower 3, May Residence, JVC District 10, Jumeirah Village Circle (JVC), Dubai",https://www.bayut.com/property/details-13200653.html
Spacious and Modern 1 Bedroom Unit in Reef Residence,"75,000",Apartment,Yearly,1,2,926 sqft,"Reef Residence, JVC District 13, Jumeirah Village Circle (JVC), Dubai",https://www.bayut.com/property/details-13431410.html
1 Bedroom| Private Pool | Brand New |Ready to move,"110,000",Apartment,Yearly,1,2,807 sqft,"Binghatti Royale, JVC District 18, Jumeirah Village Circle (JVC), Dubai",https://www.bayut.com/property/details-13273172.html
Amazing Layout | 2 BHK Duplex | Specious,"154,950",Apartment,Yearly,2,3,"2,501 sqft","Fortunato, JVC District 11, Jumeirah Village Circle (JVC), Dubai",https://www.bayut.com/property/details-13018770.html
City View I Multiple Options I Fully Furnished,"80,000",Apartment,Yearly,1,2,697 sqft,"Binghatti Onyx, JVC District 15, Jumeirah Village Circle (JVC), Dubai",https://www.bayut.com/property/details-13215687.html
Elegant 2BR | Closed Kitchen | Ready To Move,"82,000",Apartment,Yearly,2,3,"1,278 sqft","Sunrise Tower JVC, JVC District 11, Jumeirah Village Circle (JVC), Dubai",https://www.bayut.com/property/details-13158895.html
Prime Location | Spacious Townhouse | Ready to Move In,"250,000",Townhouse,Yearly,4,6,"1,877 sqft","JVC District 12, Jumeirah Village Circle (JVC), Dubai",https://www.bayut.com/property/details-13052993.html
Elegantly Designed | Spacious | Maid Room,"100,000",Apartment,Yearly,2,3,"1,773 sqft","Spica Residential, JVC District 10, Jumeirah Village Circle (JVC), Dubai",https://www.bayut.com/property/details-9298375.html
Brand-New Residence | Modern And Spacious,"155,000",Apartment,Yearly,2,3,"1,285 sqft","Hadley Heights, JVC District 11, Jumeirah Village Circle (JVC), Dubai",https://www.bayut.com/property/details-13133155.html
Marina View | Prime Location | Spacious Unit,"109,999",Apartment,Yearly,2,2,984 sqft,"Binghatti Corner, JVC District 10, Jumeirah Village Circle (JVC), Dubai",https://www.bayut.com/property/details-13039079.html
Marina Skyline View | High-Floor | Unfurnished,"74,999",Apartment,Yearly,1,1,525 sqft,"Binghatti House, JVC District 10, Jumeirah Village Circle (JVC), Dubai",https://www.bayut.com/property/details-13024665.html
Vacant | For Rent | Prime Location,"75,000",Apartment,Yearly,1,2,807 sqft,"Alef Noon Residence, JVC District 16, Jumeirah Village Circle (JVC), Dubai",https://www.bayut.com/property/details-13078355.html
FULLY UPGRADED | POOL VIEW | READY TO MOVE | MULTIPLE CHEQUES,"72,000",Apartment,Yearly,1,1,653 sqft,"Diamond Views III, JVC District 11, Jumeirah Village Circle (JVC), Dubai",https://www.bayut.com/property/details-8954734.html
Luxury Studio | Modern Interiors | one Cheque,"48,000",Apartment,Yearly,,1,445 sqft,"DAMAC Ghalia, JVC District 18, Jumeirah Village Circle (JVC), Dubai",https://www.bayut.com/property/details-13054245.html
Elegant Design | Modern Studio,"55,000",Apartment,Yearly,,1,539 sqft,"Living Garden II, JVC District 14, Jumeirah Village Circle (JVC), Dubai",https://www.bayut.com/property/details-13000770.html
"LUXURY UPGRADED FURNISHED STUDIO-ONLY @ 6,000/- P. M WITH BILLS","54,000",Apartment,Yearly,,1,376 sqft,"Bloom Tower B, Bloom Towers, JVC District 10, Jumeirah Village Circle (JVC), Dubai",https://www.bayut.com/property/details-13089674.html
1 Bed +Loft Apartment | Fully Furnished,"135,000",Apartment,Yearly,1,2,865 sqft,"Oxford 212, JVC District 10, Jumeirah Village Circle (JVC), Dubai",https://www.bayut.com/property/details-12924479.html
Modern Layout / Well Maintained / Vacant / Bright,"65,000",Apartment,Yearly,1,2,876 sqft,"Lorena Building, JVC District 11, Jumeirah Village Circle (JVC), Dubai",https://www.bayut.com/property/details-13013029.html
Pool View | Exclusive | Brand New Unit,"55,000",Apartment,Yearly,,1,458 sqft,"Hadley Heights, JVC District 11, Jumeirah Village Circle (JVC), Dubai",https://www.bayut.com/property/details-12994375.html
Fully Furnished | Elegant 1 BR | | Heigh Floor | Ready to Move in,"75,000",Apartment,Yearly,1,2,877 sqft,"Tower 108, JVC District 18, Jumeirah Village Circle (JVC), Dubai",https://www.bayut.com/property/details-12903101.html
Near to Circle Mall | New Building | Vacant Unit,"83,000",Apartment,Yearly,1,2,854 sqft,"Mass Residence, JVC District 11, Jumeirah Village Circle (JVC), Dubai",https://www.bayut.com/property/details-13000973.html
Spacious | Huge Layout | Prime Location,"119,999",Apartment,Yearly,2,3,"1,300 sqft","SH Living 1, JVC District 14, Jumeirah Village Circle (JVC), Dubai",https://www.bayut.com/property/details-12958782.html
HUGE SIZE MASTER ROOMS STORAGE AREA,"120,000",Apartment,Yearly,2,3,"1,267 sqft","SH Living 1, JVC District 14, Jumeirah Village Circle (JVC), Dubai",https://www.bayut.com/property/details-12974962.html
Luxury apartment I Open Kitchen | Smart Home Alexa | Balcony | Brand New | Prime Location I First Tenant I JVC,"175,000",Apartment,Yearly,3,4,"2,133 sqft","La Rose, JVC District 12, Jumeirah Village Circle (JVC), Dubai",https://www.bayut.com/property/details-12916033.html
BURJ AL ARAB VIEW | READY TO MOVE | MODERN LAYOUT,"110,000",Apartment,Yearly,2,4,"1,319 sqft","Alef Noon Residence, JVC District 16, Jumeirah Village Circle (JVC), Dubai",https://www.bayut.com/property/details-12848414.html
VERY GOOD BUILDING/FURNISHED /1 BHK + STUDY/SPACIOUS LAY OUT/ROAD SIDE VIEW/RENT 68 K,"78,000",Apartment,Yearly,1,2,744 sqft,"Lucky 1 Residences, JVC District 13, Jumeirah Village Circle (JVC), Dubai",https://www.bayut.com/property/details-13384958.html
2 BHK | BEST PRICE | FAMILY FRIENDLY,"85,000",Apartment,Yearly,2,3,"1,595 sqft","Knightsbridge Court, JVC District 13, Jumeirah Village Circle (JVC), Dubai",https://www.bayut.com/property/details-13057616.html
Kitchen Appliances | 2 Baths | Premium Finishing,"89,998",Apartment,Yearly,1,2,815 sqft,"Belgravia 2, JVC District 14, Jumeirah Village Circle (JVC), Dubai",https://www.bayut.com/property/details-12876567.html
HOT DEAL Fully Furnished 3BR | Prime Location in JVC,"126,000",Apartment,Yearly,3,2,"1,163 sqft","Tuscan Residence, JVC District 10, Jumeirah Village Circle (JVC), Dubai",https://www.bayut.com/property/details-12899786.html
Pool View | Spacious 1BR | Ready to move in,"78,000",Apartment,Yearly,1,2,752 sqft,"Aria Residence, JVC District 14, Jumeirah Village Circle (JVC), Dubai",https://www.bayut.com/property/details-12870399.html
Near Circle Mall Spacious 2BHK With 3 Bathroom in just 85K.,"85,000",Apartment,Yearly,2,3,973 sqft,"Mir 5, JVC District 11, Jumeirah Village Circle (JVC), Dubai",https://www.bayut.com/property/details-12954278.html
Huge 1 bedroom layout | Very rare unit | Grab This deal,"63,999",Apartment,Yearly,1,2,938 sqft,"Summer 1 Block A, Summer, Seasons Community, JVC District 15, Jumeirah Village Circle (JVC), Dubai",https://www.bayut.com/property/details-12844634.html
Stunning Pool View | Prime High-Floor Location | Easy Exit Access,"70,000",Apartment,Yearly,1,1,570 sqft,"Bloom Tower C, Bloom Towers, JVC District 10, Jumeirah Village Circle (JVC), Dubai",https://www.bayut.com/property/details-12859748.html
Best Price 65K - 1 Month Free - Spacious - Vacant,"65,000",Apartment,Yearly,1,2,684 sqft,"O2 Tower, JVC District 14, Jumeirah Village Circle (JVC), Dubai",https://www.bayut.com/property/details-12759862.html
Fully Furnished |Spacious 1BR |Prime location | Full Facilities,"85,000",Apartment,Yearly,1,2,634 sqft,"Binghatti Nova, JVC District 12, Jumeirah Village Circle (JVC), Dubai",https://www.bayut.com/property/details-10978219.html
Luxurious [ Big Size 2BHK With Kitchen Appliances With All Facilities in just 125K,"125,000",Apartment,Yearly,2,3,"1,420 sqft","Saleh Bin Lahej 401, JVC District 12, Jumeirah Village Circle (JVC), Dubai",https://www.bayut.com/property/details-12862434.html
Brand New I High Floor I Best View,"125,000",Apartment,Yearly,2,2,"1,112 sqft","Binghatti Gardenia, JVC District 11, Jumeirah Village Circle (JVC), Dubai",https://www.bayut.com/property/details-12805079.html
Spacious 1 Bedroom Apartment | Community View | JVC,"75,000",Apartment,Yearly,1,2,820 sqft,"Tower 108, JVC District 18, Jumeirah Village Circle (JVC), Dubai",https://www.bayut.com/property/details-12616550.html
Brand New Spacious Apartment in Family Building With Pool,"130,000",Apartment,Yearly,1,2,"1,454 sqft","SH Living 1, JVC District 14, Jumeirah Village Circle (JVC), Dubai",https://www.bayut.com/property/details-12835866.html
Prime Location | Stylish Home Beside Circle Mall,"78,000",Apartment,Yearly,1,2,856 sqft,"Mass Residence, JVC District 11, Jumeirah Village Circle (JVC), Dubai",https://www.bayut.com/property/details-12738618.html
Pool View| Unfurnished| Ready to Move In,"99,999",Apartment,Yearly,2,2,997 sqft,"Empire Residence, JVC District 17, Jumeirah Village Circle (JVC), Dubai",https://www.bayut.com/property/details-12772330.html
Fully furnished | Bright and Spacious | Must View,"84,999",Apartment,Yearly,1,2,753 sqft,"Concept 7 Residences, JVC District 11, Jumeirah Village Circle (JVC), Dubai",https://www.bayut.com/property/details-12646793.html
City View | Accessible | Ready to Move in,"54,999",Apartment,Yearly,,1,392 sqft,"Binghatti Azure, JVC District 16, Jumeirah Village Circle (JVC), Dubai",https://www.bayut.com/property/details-12645478.html
Studio LOFT | Furnished | Multiple Cheques,"78,000",Apartment,Yearly,,1,426 sqft,"Aria Residence, JVC District 14, Jumeirah Village Circle (JVC), Dubai",https://www.bayut.com/property/details-12739742.html
High Floor|Closed Kitchen |Well Maintained| Vacant,"250,000",Apartment,Yearly,4,5,"2,855 sqft","Hameni Residence, JVC District 15, Jumeirah Village Circle (JVC), Dubai",https://www.bayut.com/property/details-12688097.html
Upgraded | Well Maintained | Great Finishing,"128,000",Apartment,Yearly,2,3,"1,406 sqft","Zaya Hameni, JVC District 15, Jumeirah Village Circle (JVC), Dubai",https://www.bayut.com/property/details-12859446.html
1BR I Ready to move in I Prime location- JVC,"75,000",Apartment,Yearly,1,2,512 sqft,"Binghatti Tulip, JVC District 11, Jumeirah Village Circle (JVC), Dubai",https://www.bayut.com/property/details-12752684.html
Community View | Prime Location | Spacious Unit,"112,999",Apartment,Yearly,2,3,"1,431 sqft","Al Naim Residence, JVC District 10, Jumeirah Village Circle (JVC), Dubai",https://www.bayut.com/property/details-12652037.html
Loft Style Studio| Fully Furnished | Ready To Move,"70,000",Apartment,Yearly,,1,491 sqft,"Casa Grande, JVC District 11, Jumeirah Village Circle (JVC), Dubai",https://www.bayut.com/property/details-12577442.html
"""Turnkey Furnished Unit in Prime Location""","79,999",Apartment,Yearly,1,2,655 sqft,"Binghatti Luna, JVC District 12, Jumeirah Village Circle (JVC), Dubai",https://www.bayut.com/property/details-12510284.html
Bright & Airy 2-Bedroom Flat in Central Avanos – 2 BEDROOM PLUS STUDY,"129,999",Apartment,Yearly,2,3,"1,186 sqft","Avanos Residence, JVC District 10, Jumeirah Village Circle (JVC), Dubai",https://www.bayut.com/property/details-12672169.html
4BHK Villa+ Maid | Vacant Soon | G+1,"220,000",Villa,Yearly,4,6,"2,674 sqft","Haven Villas, JVC District 10, Jumeirah Village Circle (JVC), Dubai",https://www.bayut.com/property/details-12591839.html
1 bhk Apartment | with best ammenities | Road view,"78,000",Apartment,Yearly,1,2,683 sqft,"Binghatti Corner, JVC District 10, Jumeirah Village Circle (JVC), Dubai",https://www.bayut.com/property/details-12545677.html
Furnished I Brand New I U-shape Kitchen,"87,000",Apartment,Yearly,,1,451 sqft,"Luma21, JVC District 14, Jumeirah Village Circle (JVC), Dubai",https://www.bayut.com/property/details-12556403.html
12 Cheques I High Floor I Fully Furnished,"100,000",Apartment,Yearly,1,2,697 sqft,"Binghatti Onyx, JVC District 15, Jumeirah Village Circle (JVC), Dubai",https://www.bayut.com/property/details-12650981.html
Fully Furnished | Studio | High floor,"59,000",Apartment,Yearly,,1,377 sqft,"Bloom Tower C, Bloom Towers, JVC District 10, Jumeirah Village Circle (JVC), Dubai",https://www.bayut.com/property/details-12510291.html
Middle Villa | Vacant Now | View Now,"195,000",Villa,Yearly,2,4,"7,998 sqft","JVC District 16, Jumeirah Village Circle (JVC), Dubai",https://www.bayut.com/property/details-12506562.html
Specious | Park View | Near to Entry & Exit,"109,950",Apartment,Yearly,2,3,"1,056 sqft","Bloom Heights 1, Bloom Heights, JVC District 15, Jumeirah Village Circle (JVC), Dubai",https://www.bayut.com/property/details-12452009.html
JSS School ! Prime Location ! Ready to Move,"66,000",Apartment,Yearly,1,2,747 sqft,"La Riviera Estate A, La Riviera Estates, JVC District 10, Jumeirah Village Circle (JVC), Dubai",https://www.bayut.com/property/details-12340538.html
Massive 4 Bed | Vacant | With amanities,"140,000",Villa,Yearly,4,6,"1,455 sqft","Sandoval Garden, JVC District 14, Jumeirah Village Circle (JVC), Dubai",https://www.bayut.com/property/details-12424429.html
Brand New | Spacious | Modern Elegance,"53,000",Apartment,Yearly,,1,389 sqft,"Binghatti Azure, JVC District 16, Jumeirah Village Circle (JVC), Dubai",https://www.bayut.com/property/details-12298958.html
"Stylish Urban Retreat | Studio Apartment in Binghatti Azure, JVC","55,000",Apartment,Yearly,,1,370 sqft,"Binghatti Azure, JVC District 16, Jumeirah Village Circle (JVC), Dubai",https://www.bayut.com/property/details-12310346.html
Brand New 1BR | Mass Residence JVC | Equipped Kitchen,"80,000",Apartment,Yearly,1,2,861 sqft,"Mass Residence, JVC District 11, Jumeirah Village Circle (JVC), Dubai",https://www.bayut.com/property/details-12572897.html
Fully Furnished | All Bills Included | Scenic Park View Just Move In,"96,000",Apartment,Yearly,1,2,989 sqft,"Park View Tower, JVC District 14, Jumeirah Village Circle (JVC), Dubai",https://www.bayut.com/property/details-12247253.html
Parking | Balcony | Pool | Gym | Next to gate 2 in JVC,"48,000",Apartment,Yearly,,1,415 sqft,"May Residence Tower 3, May Residence, JVC District 10, Jumeirah Village Circle (JVC), Dubai",https://www.bayut.com/property/details-12055249.html
Luxury Fully Furnished Studio | al Khail Road | high floor,"55,000",Apartment,Yearly,,1,396 sqft,"Bloom Tower C, Bloom Towers, JVC District 10, Jumeirah Village Circle (JVC), Dubai",https://www.bayut.com/property/details-12642657.html
"DEAL OF THE MONTH SPACIOUS APARTMENT || 850SQ, FT || JUST 55K","55,000",Apartment,Yearly,,1,850 sqft,"Siena 1, Siena, Tuscan Residence, JVC District 10, Jumeirah Village Circle (JVC), Dubai",https://www.bayut.com/property/details-11916144.html
SPACIOUS and WELL-MAINTAINED THREE BHK APARTMENT WITH BALCONY,"145,000",Apartment,Yearly,3,3,"1,991 sqft","Roxana Residence A, Roxana Residences, JVC District 12, Jumeirah Village Circle (JVC), Dubai",https://www.bayut.com/property/details-12152132.html
Luxury apartment I Open Kitchen | Smart Home Alexa | Balcony | Brand New | Prime Location I First Tenant I JVC,"175,000",Apartment,Yearly,3,4,"1,969 sqft","La Rose, JVC District 12, Jumeirah Village Circle (JVC), Dubai",https://www.bayut.com/property/details-11952094.html
Brand New | 02 Bed Room Hall | No Commission | One Month Grace Period,"80,000",Apartment,Yearly,2,2,771 sqft,"JVC District 11, Jumeirah Village Circle (JVC), Dubai",https://www.bayut.com/property/details-12399067.html
1 + Study | Rent | Open View | Spacious | Great Price | Ready To Move | Prim Location,"80,000",Apartment,Yearly,1,2,927 sqft,"May Residence Tower 1, May Residence, JVC District 10, Jumeirah Village Circle (JVC), Dubai",https://www.bayut.com/property/details-11917844.html
ELEGANT 1BHK | FULLY FURNISHED | CALL NOW,"115,000",Apartment,Yearly,1,2,"1,050 sqft","Hyati Residence, JVC District 14, Jumeirah Village Circle (JVC), Dubai",https://www.bayut.com/property/details-13730634.html
1 BHK Apartment | Prime Location | Fully Furnished,"80,000",Apartment,Yearly,1,2,647 sqft,"Binghatti Heights, JVC District 10, Jumeirah Village Circle (JVC), Dubai",https://www.bayut.com/property/details-13717072.html
Premium Quality | Luxury Furnish | 12 cheques,"95,000",Apartment,Yearly,1,2,631 sqft,"Binghatti Crest, JVC District 13, Jumeirah Village Circle (JVC), Dubai",https://www.bayut.com/property/details-13729358.html
Vacant & Ready | Hot Property | Prime Location,"90,000",Apartment,Yearly,1,2,826 sqft,"Binghatti Phoenix, JVC District 13, Jumeirah Village Circle (JVC), Dubai",https://www.bayut.com/property/details-13723498.html
Fully Furnished | Great Location | Call Now,"87,000",Apartment,Yearly,1,2,690 sqft,"Chaimaa Avenue Residences, JVC District 13, Jumeirah Village Circle (JVC), Dubai",https://www.bayut.com/property/details-13712134.html
High Floor | Multiple Cheques | Huge Size,"74,999",Apartment,Yearly,1,2,825 sqft,"Reef Residence, JVC District 13, Jumeirah Village Circle (JVC), Dubai",https://www.bayut.com/property/details-13732297.html
Park View | prime Location | Call Now,"84,900",Apartment,Yearly,1,2,928 sqft,"Hameni Residence, JVC District 15, Jumeirah Village Circle (JVC), Dubai",https://www.bayut.com/property/details-13721361.html
1B\R | All Bills Included | 12 Cheques | Maid Room,"160,000",Apartment,Yearly,1,2,"1,454 sqft","Hyati Avenue, JVC District 14, Jumeirah Village Circle (JVC), Dubai",https://www.bayut.com/property/details-13711786.html
Vacant | Brand New | Spacious,"100,000",Apartment,Yearly,1,2,911 sqft,"Binghatti Phantom, JVC District 17, Jumeirah Village Circle (JVC), Dubai",https://www.bayut.com/property/details-13731693.html
Chiller Free | 1BR Plus Maid | Specious,"79,990",Apartment,Yearly,1,2,"1,231 sqft","Laya Residences, JVC District 10, Jumeirah Village Circle (JVC), Dubai",https://www.bayut.com/property/details-13726518.html
Elegant & Bright Apartment I Quality Finishes I With Pool View,"69,999",Apartment,Yearly,1,2,824 sqft,"Alcove, JVC District 11, Jumeirah Village Circle (JVC), Dubai",https://www.bayut.com/property/details-13731707.html
Spacious 1BR | Move In Ready | All Amenities,"84,999",Apartment,Yearly,1,2,929 sqft,"Hameni Residence, JVC District 15, Jumeirah Village Circle (JVC), Dubai",https://www.bayut.com/property/details-13720654.html
Modern Studio | Fully Furnished | High Quality,"72,999",Apartment,Yearly,,1,496 sqft,"Belgravia Square, JVC District 14, Jumeirah Village Circle (JVC), Dubai",https://www.bayut.com/property/details-11911483.html
Prime Location | Fully Furnished | Multiple Cheque,"55,000",Apartment,Yearly,,1,510 sqft,"Lavender 2, Emirates Gardens, JVC District 12, Jumeirah Village Circle (JVC), Dubai",https://www.bayut.com/property/details-13728154.html
High Floor | Multiple Cheques | Fully Furnished,"95,000",Apartment,Yearly,1,1,631 sqft,"Binghatti Crest, JVC District 13, Jumeirah Village Circle (JVC), Dubai",https://www.bayut.com/property/details-13717328.html
Comfortable 2BR Apartment | Pool & Gym | JVC Living,"110,000",Apartment,Yearly,2,3,984 sqft,"Bluebell  Residence, JVC District 11, Jumeirah Village Circle (JVC), Dubai",https://www.bayut.com/property/details-13726478.html
Modern Style | Brand New | Ready To Move,"89,999",Apartment,Yearly,1,2,786 sqft,"Binghatti Aurora, JVC District 12, Jumeirah Village Circle (JVC), Dubai",https://www.bayut.com/property/details-13719805.html
Fully Furnished | Premium Quality | Prime Location,"80,000",Apartment,Yearly,1,2,750 sqft,"DAMAC Ghalia, JVC District 18, Jumeirah Village Circle (JVC), Dubai",https://www.bayut.com/property/details-13704180.html
3BR+Maid | Bright and High Floor | Community View,"250,000",Villa,Yearly,3,6,"1,455 sqft","Mirabella 7, JVC District 12, Jumeirah Village Circle (JVC), Dubai",https://www.bayut.com/property/details-13731585.html
"Fully Furnished Villa for Rent | 3 Bedroom + Maid | Marbella 7, Al Barsha South Fourth","299,999",Villa,Yearly,3,4,"1,455 sqft","Mirabella 7, JVC District 12, Jumeirah Village Circle (JVC), Dubai",https://www.bayut.com/property/details-13707793.html
Ready to Move | Higher Floor | Private Plunge Pool,"115,000",Apartment,Yearly,1,2,911 sqft,"Binghatti Phantom, JVC District 17, Jumeirah Village Circle (JVC), Dubai",https://www.bayut.com/property/details-13723214.html
Luxury-Fully Furnished 3-Bed + Maid | Spacious Layout | Premium Living,"150,000",Apartment,Yearly,3,4,"1,717 sqft","ACES Chateau, JVC District 11, Jumeirah Village Circle (JVC), Dubai",https://www.bayut.com/property/details-13711390.html
FURNISHED | NEW | READY TO MOVE IN,"72,000",Apartment,Yearly,1,2,684 sqft,"O2 Tower, JVC District 14, Jumeirah Village Circle (JVC), Dubai",https://www.bayut.com/property/details-11880783.html
Island Kitchen | Brand New | Modern | Bright Unit,"85,000",Apartment,Yearly,1,2,797 sqft,"Binghatti Phoenix, JVC District 13, Jumeirah Village Circle (JVC), Dubai",https://www.bayut.com/property/details-13729072.html
Brand New | Private Pool | Premium Amenities,"115,000",Apartment,Yearly,1,2,807 sqft,"Binghatti Royale, JVC District 18, Jumeirah Village Circle (JVC), Dubai",https://www.bayut.com/property/details-13728956.html
Luxury Upgraded || Corner Unit || Mid Floor,"140,000",Apartment,Yearly,2,2,"1,252 sqft","Binghatti Corner, JVC District 10, Jumeirah Village Circle (JVC), Dubai",https://www.bayut.com/property/details-13713716.html
"Spacious 1 bedroom available for rent , vacating soon","73,999",Apartment,Yearly,1,2,689 sqft,"Binghatti Corner, JVC District 10, Jumeirah Village Circle (JVC), Dubai",https://www.bayut.com/property/details-13728581.html
Furnished 1BR | Golf View | Prime Location,"85,000",Apartment,Yearly,1,2,961 sqft,"The Square Tower, JVC District 13, Jumeirah Village Circle (JVC), Dubai",https://www.bayut.com/property/details-13722807.html
Huge Layout | Brand New | Ready to Move in,"95,000",Apartment,Yearly,1,2,"1,186 sqft","Mayas Geneva, JVC District 14, Jumeirah Village Circle (JVC), Dubai",https://www.bayut.com/property/details-13722862.html
Community View | Prime Location | Spacious Villa,"194,999",Villa,Yearly,4,6,"1,685 sqft","Sandoval Gardens Villas, JVC District 14, Jumeirah Village Circle (JVC), Dubai",https://www.bayut.com/property/details-13730506.html
Luxury | Low Rise | Price Negotiable,"160,000",Apartment,Yearly,2,2,"1,208 sqft","Hyati Avenue, JVC District 14, Jumeirah Village Circle (JVC), Dubai",https://www.bayut.com/property/details-13716930.html
Brand New | Fully Furnished | Ready to Move In,"110,000",Apartment,Yearly,1,2,755 sqft,"Pearl House 2, JVC District 12, Jumeirah Village Circle (JVC), Dubai",https://www.bayut.com/property/details-13713096.html
Brand New Building | Spacious 1BR+ Study Room | Good Amenities | Prime Location,"110,000",Apartment,Yearly,1,2,922 sqft,"Binghatti Royale, JVC District 18, Jumeirah Village Circle (JVC), Dubai",https://www.bayut.com/property/details-13710984.html
Brand New Building | Spacious 1BR+ Study Room | Good Amenities | Prime Location,"110,000",Apartment,Yearly,1,2,922 sqft,"Binghatti Royale, JVC District 18, Jumeirah Village Circle (JVC), Dubai",https://www.bayut.com/property/details-13710984.html
Fully Furnished | High Floor | Prime Location,"90,000",Apartment,Yearly,1,2,694 sqft,"Binghatti Amber, JVC District 11, Jumeirah Village Circle (JVC), Dubai",https://www.bayut.com/property/details-13710470.html
The ideal family retreat I Extra spacious I Prime location,"179,999",Villa,Yearly,4,5,"1,632 sqft","Sydney Villas, JVC District 15, Jumeirah Village Circle (JVC), Dubai",https://www.bayut.com/property/details-13733963.html
Fully Furnished | High Floor | Close to Mall,"75,000",Apartment,Yearly,1,2,747 sqft,"DAMAC Ghalia, JVC District 18, Jumeirah Village Circle (JVC), Dubai",https://www.bayut.com/property/details-13729957.html
4BR+Maid | Spacious Villa | Furnished,"250,000",Villa,Yearly,4,6,"1,782 sqft","Indigo Ville 1, JVC District 11, Jumeirah Village Circle (JVC), Dubai",https://www.bayut.com/property/details-13719707.html
3BR+MAID I INCLUDING BILLS I FULLY FURNISHED,"258,999",Villa,Yearly,3,4,"1,576 sqft","Yellow Townhouses, JVC District 12, Jumeirah Village Circle (JVC), Dubai",https://www.bayut.com/property/details-13709017.html
Brand New 1Bed Room Apartment | Prime Location,"79,999",Apartment,Yearly,1,2,692 sqft,"Binghatti Amber, JVC District 11, Jumeirah Village Circle (JVC), Dubai",https://www.bayut.com/property/details-13719672.html
STUDIO | VACANT | FULLY FURNISHED | PRIME LOCATION,"49,999",Apartment,Yearly,,1,387 sqft,"Regina Tower, JVC District 12, Jumeirah Village Circle (JVC), Dubai",https://www.bayut.com/property/details-13717318.html
G+2 | Park Facing | Vacant | Call To View,"189,999",Villa,Yearly,4,5,"2,878 sqft","Sydney Villas, JVC District 15, Jumeirah Village Circle (JVC), Dubai",https://www.bayut.com/property/details-13731826.html
Fully Furnished | Spacious | Pool View,"80,000",Apartment,Yearly,1,2,617 sqft,"Pantheon Elysee III, JVC District 15, Jumeirah Village Circle (JVC), Dubai",https://www.bayut.com/property/details-13731264.html
Spacious | High Floor | Private Pool,"115,000",Apartment,Yearly,1,2,795 sqft,"Binghatti Phantom, JVC District 17, Jumeirah Village Circle (JVC), Dubai",https://www.bayut.com/property/details-13715467.html
Premium Quality | Brand New 1BR | Private Pool | Prime Building,"110,000",Apartment,Yearly,1,2,808 sqft,"Binghatti Royale, JVC District 18, Jumeirah Village Circle (JVC), Dubai",https://www.bayut.com/property/details-13711152.html
FURNISHED 1BHK | POOL VIEW | READY TO MOVE,"81,000",Apartment,Yearly,1,2,798 sqft,"Dar Al Jawhara Residence, JVC District 13, Jumeirah Village Circle (JVC), Dubai",https://www.bayut.com/property/details-13704208.html
Pool view | 1BHK + study | NEW,"125,000",Apartment,Yearly,1,2,793 sqft,"Oakley Square Residence, JVC District 11, Jumeirah Village Circle (JVC), Dubai",https://www.bayut.com/property/details-13729418.html
Prime Location | Fully Furnished | Multiple Cheque,"55,000",Apartment,Yearly,,1,482 sqft,"Maple 1, Emirates Gardens 2, JVC District 14, Jumeirah Village Circle (JVC), Dubai",https://www.bayut.com/property/details-13728053.html
Brand New | Exceptional living | Prime Location,"100,000",Apartment,Yearly,1,2,807 sqft,"Binghatti Royale, JVC District 18, Jumeirah Village Circle (JVC), Dubai",https://www.bayut.com/property/details-13730662.html
Brand New | Park View | Ready To Move In,"99,999",Apartment,Yearly,1,2,880 sqft,"Luma Park Views, JVC District 14, Jumeirah Village Circle (JVC), Dubai",https://www.bayut.com/property/details-13721317.html
Modern 1BHK | Most Affordable | Road View,"62,999",Apartment,Yearly,1,2,775 sqft,"Uniestate Prime Tower, JVC District 10, Jumeirah Village Circle (JVC), Dubai",https://www.bayut.com/property/details-13714645.html
Vacant | Immaculate Furnishing | Unobstructed View,"89,995",Apartment,Yearly,1,2,767 sqft,"Binghatti Crest, JVC District 13, Jumeirah Village Circle (JVC), Dubai",https://www.bayut.com/property/details-13701562.html
Brand New Building | Fully Furnished | Spacious,"100,000",Apartment,Yearly,1,2,805 sqft,"Pearl House 2, JVC District 12, Jumeirah Village Circle (JVC), Dubai",https://www.bayut.com/property/details-13710591.html
FINAL UNITS | NO COMMISSION | BRAND NEW,"94,000",Apartment,Yearly,1,2,831 sqft,"The Vybe, JVC District 16, Jumeirah Village Circle (JVC), Dubai",https://www.bayut.com/property/details-13712251.html
1BR Furnished | Dual Views | JVC Deal,"85,000",Apartment,Yearly,1,1,646 sqft,"Binghatti House, JVC District 10, Jumeirah Village Circle (JVC), Dubai",https://www.bayut.com/property/details-13716109.html
Spacious Apartment I Prime Location I Vacant,"64,999",Apartment,Yearly,1,2,882 sqft,"May Residence Tower 3, May Residence, JVC District 10, Jumeirah Village Circle (JVC), Dubai",https://www.bayut.com/property/details-13718035.html
Ready to Move | High Floor Unit | Hot Property,"59,999",Apartment,Yearly,1,2,892 sqft,"The Manhattan, JVC District 10, Jumeirah Village Circle (JVC), Dubai",https://www.bayut.com/property/details-13709833.html
Fully Furnished 1BR | Family-Friendly Community,"80,000",Apartment,Yearly,1,1,"1,088 sqft","Diamond Views II, JVC District 11, Jumeirah Village Circle (JVC), Dubai",https://www.bayut.com/property/details-13705998.html
2BHk Apartment | Huge Layout | Prime Location,"109,999",Apartment,Yearly,2,3,"1,055 sqft","Bloom Heights 1, Bloom Heights, JVC District 15, Jumeirah Village Circle (JVC), Dubai",https://www.bayut.com/property/details-13732878.html
Spacious 2BR | High Floor | Prime Location,"150,000",Apartment,Yearly,2,3,"1,422 sqft","Hadley Heights, JVC District 11, Jumeirah Village Circle (JVC), Dubai",https://www.bayut.com/property/details-13728023.html
BRAND NEW PREMIUM 3BHK,"180,000",Apartment,Yearly,3,4,"1,968 sqft","La Rose, JVC District 12, Jumeirah Village Circle (JVC), Dubai",https://www.bayut.com/property/details-11943545.html
Spacious | Fully Fitted Kitchen | Park View,"130,000",Apartment,Yearly,2,2,"1,401 sqft","Hameni Residence, JVC District 15, Jumeirah Village Circle (JVC), Dubai",https://www.bayut.com/property/details-13711201.html
Bright & Beautiful | Furnished | 4BR Villa,"220,000",Villa,Yearly,4,4,"2,753 sqft","JVC District 16, Jumeirah Village Circle (JVC), Dubai",https://www.bayut.com/property/details-13719097.html
Immaculate Furnishing | Vacant | Unobstructed View,"94,995",Apartment,Yearly,1,2,732 sqft,"Binghatti Amber, JVC District 11, Jumeirah Village Circle (JVC), Dubai",https://www.bayut.com/property/details-13701532.html
Prime Location | Fully Furnished | Multiple Cheque,"55,000",Apartment,Yearly,,1,500 sqft,"Rose 2, Emirates Gardens, JVC District 12, Jumeirah Village Circle (JVC), Dubai",https://www.bayut.com/property/details-13728286.html
Apartment for rent in Binghatti phoenix,"80,000",Apartment,Yearly,1,2,826 sqft,"Binghatti Phoenix, JVC District 13, Jumeirah Village Circle (JVC), Dubai",https://www.bayut.com/property/details-13726456.html
1-Bedroom | 791 sq. ft | Open View to JVC Central Park | Binghatti Phantom,"100,000",Apartment,Yearly,1,2,912 sqft,"Binghatti Phantom, JVC District 17, Jumeirah Village Circle (JVC), Dubai",https://www.bayut.com/property/details-13725312.html
Modern 1BR Apartment in Binghatti Corner| JVC,"80,000",Apartment,Yearly,1,2,694 sqft,"Binghatti Corner, JVC District 10, Jumeirah Village Circle (JVC), Dubai",https://www.bayut.com/property/details-13719069.html
LARGE TERRACE | NO COMMISSION | BRAND NEW,"98,000",Apartment,Yearly,1,2,998 sqft,"The Vybe, JVC District 16, Jumeirah Village Circle (JVC), Dubai",https://www.bayut.com/property/details-13712325.html
Spacious 2BR with Separate Storage Room fully Close Kitchen .,"95,000",Apartment,Yearly,2,3,"1,417 sqft","Lolena Residence, JVC District 12, Jumeirah Village Circle (JVC), Dubai",https://www.bayut.com/property/details-13705280.html
Modern 3-Bedroom Villa | With Fitted Kitchen I Stylish Finishes - Prime Location,"190,000",Villa,Yearly,3,5,"2,940 sqft","Alfa Villas, JVC District 13, Jumeirah Village Circle (JVC), Dubai",https://www.bayut.com/property/details-13733361.html
Exclusive | Prime Unit | Bright | Unfurnished,"200,000",Villa,Yearly,3,4,"3,465 sqft","Westar La Residencia del Sol, JVC District 10, Jumeirah Village Circle (JVC), Dubai",https://www.bayut.com/property/details-13714564.html
Premium Studio Living | Equipped Kitchen | Upgraded Amenities,"53,000",Apartment,Yearly,,1,426 sqft,"Imperial Tower 2, JVC District 17, Jumeirah Village Circle (JVC), Dubai",https://www.bayut.com/property/details-13733880.html
Brand New Building | High Floor | Vacant,"105,000",Apartment,Yearly,1,2,802 sqft,"Pearl House by Imtiaz, JVC District 13, Jumeirah Village Circle (JVC), Dubai",https://www.bayut.com/property/details-13731908.html
Prime Location | Huge Layout | Ready to Move-in,"68,000",Apartment,Yearly,1,2,656 sqft,"Autumn, Seasons Community, JVC District 15, Jumeirah Village Circle (JVC), Dubai",https://www.bayut.com/property/details-13729442.html
Corner Unit | Top Floor | Low Rise,"99,995",Apartment,Yearly,2,2,939 sqft,"Binghatti Rose, JVC District 15, Jumeirah Village Circle (JVC), Dubai",https://www.bayut.com/property/details-13726026.html
Brand new| Prime Location| Luxury amenities,"80,000",Apartment,Yearly,1,2,826 sqft,"Binghatti Phoenix, JVC District 13, Jumeirah Village Circle (JVC), Dubai",https://www.bayut.com/property/details-13720798.html
Prime Location | Unique Layout | Spacious,"94,999",Apartment,Yearly,1,2,802 sqft,"Oakley Square Residence, JVC District 11, Jumeirah Village Circle (JVC), Dubai",https://www.bayut.com/property/details-11931923.html
Brand New| Beautiful Amenities | 1 BED,"90,000",Apartment,Yearly,1,2,774 sqft,"Harrington House, JVC District 14, Jumeirah Village Circle (JVC), Dubai",https://www.bayut.com/property/details-6572747.html
Huge Layout | Maidroom | Prime Location | Exquisite Finishing,"175,000",Villa,Yearly,4,6,"1,696 sqft","JVC District 13, Jumeirah Village Circle (JVC), Dubai",https://www.bayut.com/property/details-13729750.html
Corner Unit | Bright | Spacious,"75,000",Apartment,Yearly,1,2,814 sqft,"National Bonds Residence, JVC District 15, Jumeirah Village Circle (JVC), Dubai",https://www.bayut.com/property/details-13727313.html
Brand New Furnished Apt | Designer Level Finish,"125,000",Apartment,Yearly,1,2,803 sqft,"Oakley Square Residence, JVC District 11, Jumeirah Village Circle (JVC), Dubai",https://www.bayut.com/property/details-11910011.html
Spacious 4BHK + Maid’s Room | Luxury Living | Fully Furnished,"260,000",Villa,Yearly,4,5,"2,018 sqft","Eleganz by Danube, JVC District 14, Jumeirah Village Circle (JVC), Dubai",https://www.bayut.com/property/details-13726982.html
Modern 1-Bedroom Apartment in Binghatti Corner,"80,000",Apartment,Yearly,1,2,673 sqft,"Binghatti Corner, JVC District 10, Jumeirah Village Circle (JVC), Dubai",https://www.bayut.com/property/details-13719669.html
Massive Furnished Studio | Road View | Premium Amenities,"60,000",Apartment,Yearly,,1,539 sqft,"Dusk by Binghatti, JVC District 16, Jumeirah Village Circle (JVC), Dubai",https://www.bayut.com/property/details-13711750.html
Park View | Ready To Move | Book Now,"165,000",Villa,Yearly,4,5,"1,455 sqft","Summer 2 Block B, Summer, Seasons Community, JVC District 15, Jumeirah Village Circle (JVC), Dubai",https://www.bayut.com/property/details-13734066.html
Premium Villa For Rent in JVC I Well Maintained I Modern Living,"199,999",Villa,Yearly,4,6,"1,733 sqft","Sandoval Gardens Villas, JVC District 14, Jumeirah Village Circle (JVC), Dubai",https://www.bayut.com/property/details-13730320.html
Vacant | Fully Furnished | Large Layout,"95,000",Apartment,Yearly,1,2,"1,169 sqft","Villa Pera, JVC District 15, Jumeirah Village Circle (JVC), Dubai",https://www.bayut.com/property/details-13726921.html
Paranomic View | Fully Furnished | High Floor,"75,000",Apartment,Yearly,1,2,812 sqft,"O2 Tower, JVC District 14, Jumeirah Village Circle (JVC), Dubai",https://www.bayut.com/property/details-13722992.html
3 Bedroom I Pool View I Pristine Condition,"140,000",Apartment,Yearly,3,2,"1,217 sqft","Binghatti Crest, JVC District 13, Jumeirah Village Circle (JVC), Dubai",https://www.bayut.com/property/details-13710294.html
4BR Townhouse + Maid | Spacious Layout | Prime Location,"200,000",Townhouse,Yearly,4,6,"1,734 sqft","Sandoval Gardens Villas, JVC District 14, Jumeirah Village Circle (JVC), Dubai",https://www.bayut.com/property/details-13728754.html
Vacant | Spacious Layout I Unfurnished,"60,000",Apartment,Yearly,,1,536 sqft,"Dezire Residences, JVC District 17, Jumeirah Village Circle (JVC), Dubai",https://www.bayut.com/property/details-13722845.html
Fully Furnished | Smart Features | Open Views,"85,000",Apartment,Yearly,1,2,645 sqft,"Binghatti House, JVC District 10, Jumeirah Village Circle (JVC), Dubai",https://www.bayut.com/property/details-13715506.html
Chiller Free | Ready-to-Move Studio with Parking,"40,000",Apartment,Yearly,,1,406 sqft,"Knightsbridge Court, JVC District 13, Jumeirah Village Circle (JVC), Dubai",https://www.bayut.com/property/details-13711164.html
MODERN STUDIO | ROOFTOP POOL ACCESS | MARWA HEIGHTS,"50,000",Apartment,Yearly,,1,345 sqft,"Marwa Heights, JVC District 15, Jumeirah Village Circle (JVC), Dubai",https://www.bayut.com/property/details-13714354.html
1bhk Apartment | Prime Location | Call Now,"100,000",Apartment,Yearly,1,2,855 sqft,"Oxford Terraces, JVC District 11, Jumeirah Village Circle (JVC), Dubai",https://www.bayut.com/property/details-13727772.html
Spacious 4BR Family Villa | Prime JVC Location,"190,000",Villa,Yearly,4,5,"1,734 sqft","Sandoval Lane, JVC District 14, Jumeirah Village Circle (JVC), Dubai",https://www.bayut.com/property/details-13717565.html
Brand-New | Fully Furnished | Big Size | Best View,"100,000",Apartment,Yearly,1,2,805 sqft,"Pearl House 2, JVC District 12, Jumeirah Village Circle (JVC), Dubai",https://www.bayut.com/property/details-13709700.html
Brand New Modern Studio with Appliance - Pool View I Binghatti Azure,"50,000",Apartment,Yearly,,1,345 sqft,"Binghatti Azure, JVC District 16, Jumeirah Village Circle (JVC), Dubai",https://www.bayut.com/property/details-13718455.html
Premium & Bright 2Bedroom I Comfortable Living I Excellent Location,"100,000",Apartment,Yearly,2,3,974 sqft,"Sandoval Garden Block B, Sandoval Garden, JVC District 14, Jumeirah Village Circle (JVC), Dubai",https://www.bayut.com/property/details-13715233.html
SUPERIOR 2 BHK SMART HOME WITH MAID's ROOM,"150,000",Apartment,Yearly,2,3,"2,209 sqft","La Rose, JVC District 12, Jumeirah Village Circle (JVC), Dubai",https://www.bayut.com/property/details-11942288.html
Ready to Move in | Huge Layout | Community View,"95,000",Apartment,Yearly,2,2,"1,417 sqft","Lolena Residence, JVC District 12, Jumeirah Village Circle (JVC), Dubai",https://www.bayut.com/property/details-13713037.html
"Luxury 1BR +Study Apartment with Private Pool in Binghatti Royale, JVC | AED 105,000","105,000",Apartment,Yearly,1,2,922 sqft,"Binghatti Royale, JVC District 18, Jumeirah Village Circle (JVC), Dubai",https://www.bayut.com/property/details-13704431.html
Vacant L Prime Location L Furnished L Spacious,"169,999",Apartment,Yearly,3,3,"1,785 sqft","Tower 108, JVC District 18, Jumeirah Village Circle (JVC), Dubai",https://www.bayut.com/property/details-13703398.html
Fully Furnished | Prime Location | High Floor,"75,000",Apartment,Yearly,1,2,674 sqft,"DAMAC Ghalia, JVC District 18, Jumeirah Village Circle (JVC), Dubai",https://www.bayut.com/property/details-13703794.html
Well-Lit 2BR Apartment in Jumeirah Village,"90,000",Apartment,Yearly,2,2,"1,417 sqft","Lolena Residence, JVC District 12, Jumeirah Village Circle (JVC), Dubai",https://www.bayut.com/property/details-13714451.html
Best Price | Ready To Move | Bright and Spacious,"90,000",Apartment,Yearly,2,2,"1,018 sqft","Rose 10, JVC District 11, Jumeirah Village Circle (JVC), Dubai",https://www.bayut.com/property/details-13729633.html
Urban Studio Living | Modern Comfort | Prime Location,"50,000",Apartment,Yearly,,1,415 sqft,"May Residence Tower 3, May Residence, JVC District 10, Jumeirah Village Circle (JVC), Dubai",https://www.bayut.com/property/details-13712089.html
PANORAMIC VIEWS | SPACIOUS 1BR | READY TO MOVE IN,"75,000",Apartment,Yearly,1,2,925 sqft,"Reef Residence, JVC District 13, Jumeirah Village Circle (JVC), Dubai",https://www.bayut.com/property/details-13711986.html
"Elegant High-Floor 1BR Apartment | Binghatti Crest, Al Barsha South","80,000",Apartment,Yearly,1,2,736 sqft,"Binghatti Crest, JVC District 13, Jumeirah Village Circle (JVC), Dubai",https://www.bayut.com/property/details-13729232.html
Smart layout | Modern design | Topquality finish,"108,000",Apartment,Yearly,1,2,796 sqft,"Binghatti Phantom, JVC District 17, Jumeirah Village Circle (JVC), Dubai",https://www.bayut.com/property/details-13710282.html
Ready Unit | High Floor,"120,000",Apartment,Yearly,1,1,795 sqft,"Binghatti Phantom, JVC District 17, Jumeirah Village Circle (JVC), Dubai",https://www.bayut.com/property/details-13731946.html
Apartment for rent in Binghatti phoenix,"85,000",Apartment,Yearly,1,2,829 sqft,"Binghatti Phoenix, JVC District 13, Jumeirah Village Circle (JVC), Dubai",https://www.bayut.com/property/details-13726228.html
Modern 5 Bed Townhouse | Brand New | With Basement,"320,000",Townhouse,Yearly,5,6,"4,500 sqft","JVC District 14, Jumeirah Village Circle (JVC), Dubai",https://www.bayut.com/property/details-13719280.html
Spacious 4BHK | UnFurnished | Call now,"270,000",Villa,Yearly,4,6,"2,984 sqft","Shamal Terraces, JVC District 14, Jumeirah Village Circle (JVC), Dubai",https://www.bayut.com/property/details-13714177.html
Fully Furnished | Stunning 1BHK | Marina views,"105,000",Apartment,Yearly,1,2,868 sqft,"Westwood Grande by Imtiaz, JVC District 18, Jumeirah Village Circle (JVC), Dubai",https://www.bayut.com/property/details-13719804.html
With Dishwasher | Ready To Move | Spacious,"150,000",Apartment,Yearly,2,3,"1,101 sqft","Belgravia Square, JVC District 14, Jumeirah Village Circle (JVC), Dubai",https://www.bayut.com/property/details-13708982.html
Fully Furnished | High Floor | Open View,"85,000",Apartment,Yearly,1,1,619 sqft,"Binghatti Crest, JVC District 13, Jumeirah Village Circle (JVC), Dubai",https://www.bayut.com/property/details-13708196.html
Spacious unit I Premium amenity I Best pick I Prime location,"99,999",Apartment,Yearly,1,2,855 sqft,"Oxford Terraces, JVC District 11, Jumeirah Village Circle (JVC), Dubai",https://www.bayut.com/property/details-13729634.html
Fully Furnished 1BR | Ready to Move | Pet-Friendly,"75,000",Apartment,Yearly,,1,561 sqft,"Cappadocia, JVC District 13, Jumeirah Village Circle (JVC), Dubai",https://www.bayut.com/property/details-13726322.html
Brand New // Prime location // Smart Home,"99,999",Apartment,Yearly,1,2,922 sqft,"Binghatti Royale, JVC District 18, Jumeirah Village Circle (JVC), Dubai",https://www.bayut.com/property/details-13713402.html
Fully Furnished | Great Location | Call Now,"200,000",Apartment,Yearly,4,4,"3,584 sqft","Villa Pera, JVC District 15, Jumeirah Village Circle (JVC), Dubai",https://www.bayut.com/property/details-13702422.html
Vacant | Exclusive | Fully Furnished,"130,000",Apartment,Yearly,2,2,"1,093 sqft","Jumeirah Village Circle (JVC), Dubai",https://www.bayut.com/property/details-13725326.html
Spacious Unit private pool | 3 BR | Prime Location,"200,000",Apartment,Yearly,3,4,"2,664 sqft","SH Living 1, JVC District 14, Jumeirah Village Circle (JVC), Dubai",https://www.bayut.com/property/details-13722776.html
Open View l Excellent Condition l Unfurnished,"75,000",Apartment,Yearly,1,2,731 sqft,"Bloom Tower C, Bloom Towers, JVC District 10, Jumeirah Village Circle (JVC), Dubai",https://www.bayut.com/property/details-13722502.html
2BHK + Pool | Prime Loccation | Call Now,"134,999",Apartment,Yearly,2,2,"1,110 sqft","Binghatti House, JVC District 10, Jumeirah Village Circle (JVC), Dubai",https://www.bayut.com/property/details-13721707.html
Studio Furnished | Vacant Soon | Best Location,"60,000",Apartment,Yearly,,1,392 sqft,"Pantheon Elysee II, JVC District 12, Jumeirah Village Circle (JVC), Dubai",https://www.bayut.com/property/details-13716260.html
Garden View | Fully Furnished | Big Layout,"65,000",Apartment,Yearly,,1,447 sqft,"Luma21, JVC District 14, Jumeirah Village Circle (JVC), Dubai",https://www.bayut.com/property/details-13732627.html
ELEGANT 2 BR | EQUIPPED KITCHEN | FLEXIBLE CHEQUES,"114,999",Apartment,Yearly,2,3,"1,055 sqft","Bloom Heights 1, Bloom Heights, JVC District 15, Jumeirah Village Circle (JVC), Dubai",https://www.bayut.com/property/details-13732488.html
Community View | Prime Location | Spacious Villa,"270,000",Villa,Yearly,4,6,"2,983 sqft","Shamal Terraces, JVC District 14, Jumeirah Village Circle (JVC), Dubai",https://www.bayut.com/property/details-13715304.html
Furnished | Spacious | Ready To Move,"65,000",Apartment,Yearly,,1,502 sqft,"Reef Residence, JVC District 13, Jumeirah Village Circle (JVC), Dubai",https://www.bayut.com/property/details-13712797.html
Premium Quality | Fitted Kitchen | Vacant Book Now,"95,000",Apartment,Yearly,1,2,783 sqft,"Belgravia Square, JVC District 14, Jumeirah Village Circle (JVC), Dubai",https://www.bayut.com/property/details-13712075.html
Fully Furnished | Ready to Move| Luxury Living,"110,000",Apartment,Yearly,1,2,789 sqft,"Pearl House 2, JVC District 12, Jumeirah Village Circle (JVC), Dubai",https://www.bayut.com/property/details-13704078.html
MULTIPLE CHEQUES OPTION | FULLY FURNISHED | PRIME LOCATION,"70,000",Apartment,Yearly,1,2,978 sqft,"Emirates Gardens, JVC District 12, Jumeirah Village Circle (JVC), Dubai",https://www.bayut.com/property/details-13693979.html
STYLISH 1BHK APARTMENT | FAMILY BUILDING | FOR RENT AED 75K,"75,000",Apartment,Yearly,1,1,754 sqft,"Al Amir Residence, JVC District 11, Jumeirah Village Circle (JVC), Dubai",https://www.bayut.com/property/details-13731988.html
Vacant | Fully Furnished | Upgraded Welcome to your new home in the heart of Jumeirah Village Circle! This beautifully furnished 1 bedroom apartment .,"85,000",Apartment,Yearly,1,2,820 sqft,"Laya Mansion, JVC District 15, Jumeirah Village Circle (JVC), Dubai",https://www.bayut.com/property/details-13730129.html
Spacious 2BR | Elegant Living | Big Layout | Prime Location,"94,999",Apartment,Yearly,2,3,"1,577 sqft","Mulberry 1, Emirates Gardens 2, JVC District 14, Jumeirah Village Circle (JVC), Dubai",https://www.bayut.com/property/details-13720154.html
UNFURNISHED | MARINA VIEWS | VACANT,"115,000",Apartment,Yearly,2,2,982 sqft,"Binghatti Corner, JVC District 10, Jumeirah Village Circle (JVC), Dubai",https://www.bayut.com/property/details-13716562.html
Large Luxury | Villa for Rent | Sydney Villas,"220,000",Villa,Yearly,4,5,"5,031 sqft","Sydney Villas, JVC District 15, Jumeirah Village Circle (JVC), Dubai",https://www.bayut.com/property/details-13714703.html
Spacious 4BR Home | Prime JVC District 10 | Family Living,"190,000",Villa,Yearly,4,5,"1,833 sqft","JVC District 10, Jumeirah Village Circle (JVC), Dubai",https://www.bayut.com/property/details-13723201.html
Quality Living | Modern Layout | Bright Interiors,"95,000",Apartment,Yearly,1,2,773 sqft,"Harrington House, JVC District 14, Jumeirah Village Circle (JVC), Dubai",https://www.bayut.com/property/details-13733262.html
Community View | Prime Location | Spacious Villa,"270,000",Villa,Yearly,4,6,"2,983 sqft","Shamal Terraces, JVC District 14, Jumeirah Village Circle (JVC), Dubai",https://www.bayut.com/property/details-13715461.html
Community View | Prime Location | Spacious Villa,"200,000",Villa,Yearly,4,6,"3,371 sqft","Sandoval Lane, JVC District 14, Jumeirah Village Circle (JVC), Dubai",https://www.bayut.com/property/details-13703816.html
Fully Furnished | High Floor | Multiple Cheques,"85,000",Apartment,Yearly,1,1,619 sqft,"Binghatti Crest, JVC District 13, Jumeirah Village Circle (JVC), Dubai",https://www.bayut.com/property/details-13710650.html
Spacious 4BR + Maid Villa | Vacant | Prime JVC Location,"179,999",Villa,Yearly,4,6,"1,632 sqft","Sydney Villas, JVC District 15, Jumeirah Village Circle (JVC), Dubai",https://www.bayut.com/property/details-13717199.html
Brand New | Fully Furnished | High Floor,"84,999",Apartment,Yearly,1,2,615 sqft,"The East Crest, JVC District 17, Jumeirah Village Circle (JVC), Dubai",https://www.bayut.com/property/details-13733352.html
Spacious 4BR+Maid | Community View | Prime Location,"200,000",Villa,Yearly,4,5,"2,336 sqft","Shamal Terraces, JVC District 14, Jumeirah Village Circle (JVC), Dubai",https://www.bayut.com/property/details-13704756.html
Fullu Upgraded | Spacious Size | Prime Location,"80,000",Apartment,Yearly,1,2,975 sqft,"Gardenia 1, Emirates Gardens, JVC District 12, Jumeirah Village Circle (JVC), Dubai",https://www.bayut.com/property/details-13692581.html
Studio Furnished | Vacant Soon | Best Location,"60,000",Apartment,Yearly,,1,392 sqft,"Pantheon Elysee II, JVC District 12, Jumeirah Village Circle (JVC), Dubai",https://www.bayut.com/property/details-13716037.html
Ready to Move in | Modern Layout | Huge Layout,"45,000",Apartment,Yearly,,1,436 sqft,"Empire Residence, JVC District 17, Jumeirah Village Circle (JVC), Dubai",https://www.bayut.com/property/details-13716654.html
Ready to Move In | 6 Cheques,"75,000",Apartment,Yearly,1,2,615 sqft,"The East Crest, JVC District 17, Jumeirah Village Circle (JVC), Dubai",https://www.bayut.com/property/details-13714492.html
Luxury Furnished Studio | Hanover Square,"50,000",Apartment,Yearly,,1,451 sqft,"Hanover Square, JVC District 10, Jumeirah Village Circle (JVC), Dubai",https://www.bayut.com/property/details-13720843.html
Spacious One Bedroom | Open View | Well Maintained,"70,000",Apartment,Yearly,1,2,825 sqft,"Reef Residence, JVC District 13, Jumeirah Village Circle (JVC), Dubai",https://www.bayut.com/property/details-13724910.html
Luxury Duplex 1 Bedroom | Fully Furnished | Premium Design,"77,000",Apartment,Yearly,1,2,771 sqft,"Shamal Residences 2, Shamal Residences, JVC District 14, Jumeirah Village Circle (JVC), Dubai",https://www.bayut.com/property/details-13715442.html
Chiller Free | Spacious | Vacant Unit,"70,000",Apartment,Yearly,1,2,921 sqft,"Pantheon Boulevard, JVC District 13, Jumeirah Village Circle (JVC), Dubai",https://www.bayut.com/property/details-13701793.html
Fitted Kitchen | Prime Location | Call Now,"53,000",Apartment,Yearly,,1,426 sqft,"Imperial Tower 2, JVC District 17, Jumeirah Village Circle (JVC), Dubai",https://www.bayut.com/property/details-13729932.html
The ideal family retreat I With maids room I Prime location,"225,000",Villa,Yearly,4,5,"2,704 sqft","Iris Park, JVC District 15, Jumeirah Village Circle (JVC), Dubai",https://www.bayut.com/property/details-13718400.html
Ready To Move | Modern Finishing | Unfurnished,"92,000",Apartment,Yearly,1,2,996 sqft,"Serenity Lakes 5, JVC District 10, Jumeirah Village Circle (JVC), Dubai",https://www.bayut.com/property/details-13717257.html
"Binghatti Phantom, Jumeirah Village Circle,Dubai","109,990",Apartment,Yearly,1,2,796 sqft,"Binghatti Phantom, JVC District 17, Jumeirah Village Circle (JVC), Dubai",https://www.bayut.com/property/details-13709818.html
3 BHK + Maid Room | Fully Renovated | Vacant,"120,000",Apartment,Yearly,3,3,"1,277 sqft","Al Amir Residence, JVC District 11, Jumeirah Village Circle (JVC), Dubai",https://www.bayut.com/property/details-13706798.html
Brand New | Ready to Move | Pool View,"60,000",Apartment,Yearly,,1,380 sqft,"Binghatti Aurora, JVC District 12, Jumeirah Village Circle (JVC), Dubai",https://www.bayut.com/property/details-13722709.html
Modern Living in JVC | 1BR | Belgravia Heights 1,"80,000",Apartment,Yearly,1,2,811 sqft,"Belgravia Heights 1, JVC District 12, Jumeirah Village Circle (JVC), Dubai",https://www.bayut.com/property/details-13720844.html
Elegant 1 BR | Fully Renovated | Prime Location,"75,000",Apartment,Yearly,1,2,588 sqft,"Al Amir Residence, JVC District 11, Jumeirah Village Circle (JVC), Dubai",https://www.bayut.com/property/details-13713988.html
Apartment for Rent in Binghatti Phoenix – Brand new | Modern Design | Prime Location,"100,000",Apartment,Yearly,1,2,766 sqft,"Binghatti Phoenix, JVC District 13, Jumeirah Village Circle (JVC), Dubai",https://www.bayut.com/property/details-13700415.html
Live the High Life | Elegant 2BR |Luxury Amenities,"110,000",Apartment,Yearly,2,3,"1,329 sqft","Alpha Green Tower, JVC District 12, Jumeirah Village Circle (JVC), Dubai",https://www.bayut.com/property/details-13728450.html
Furnished | Well Maintained | Prime Location,"89,995",Apartment,Yearly,1,2,825 sqft,"Binghatti Crescent, JVC District 11, Jumeirah Village Circle (JVC), Dubai",https://www.bayut.com/property/details-13718343.html
Furnished | Vacant | Spacious Layout,"74,999",Apartment,Yearly,1,2,"1,009 sqft","Magnolia 2, Emirates Gardens 2, JVC District 14, Jumeirah Village Circle (JVC), Dubai",https://www.bayut.com/property/details-13711351.html
2 bhk Apartment | with best ammenities | Road view,"92,000",Apartment,Yearly,2,3,"1,245 sqft","Continents Tower, JVC District 13, Jumeirah Village Circle (JVC), Dubai",https://www.bayut.com/property/details-13734446.html
Spacious unit with closed kitchen I Premium finishing I Best pick,"90,000",Apartment,Yearly,2,2,"1,019 sqft","Rose 10, JVC District 11, Jumeirah Village Circle (JVC), Dubai",https://www.bayut.com/property/details-13734350.html
VACANT | Brand New | Maids Room,"200,000",Apartment,Yearly,2,2,"1,221 sqft","H Three By Aurora, JVC District 11, Jumeirah Village Circle (JVC), Dubai",https://www.bayut.com/property/details-13726159.html
BRAND NEW 3BHK | 3 PARKING | NEAR MALL,"205,000",Apartment,Yearly,3,3,"1,671 sqft","H Three By Aurora, JVC District 11, Jumeirah Village Circle (JVC), Dubai",https://www.bayut.com/property/details-13720125.html
Stylish Studio | Prime Location | Fully Furnished,"54,999",Apartment,Yearly,,1,505 sqft,"Siena 2, Siena, Tuscan Residence, JVC District 10, Jumeirah Village Circle (JVC), Dubai",https://www.bayut.com/property/details-13731867.html
Spacious Apartment | Road View | Ready to Move,"53,000",Apartment,Yearly,,1,426 sqft,"Imperial Tower 2, JVC District 17, Jumeirah Village Circle (JVC), Dubai",https://www.bayut.com/property/details-13727802.html
Vacant and Ready | Unique Layout | Chiller Free,"70,000",Apartment,Yearly,1,2,953 sqft,"Pantheon Boulevard, JVC District 13, Jumeirah Village Circle (JVC), Dubai",https://www.bayut.com/property/details-13712962.html
Spacious Fully renovated and Luxury Furnished 1bhk available near Circle Mall with 1 paymnet,"80,000",Apartment,Yearly,1,1,"1,088 sqft","Diamond Views II, JVC District 11, Jumeirah Village Circle (JVC), Dubai",https://www.bayut.com/property/details-13693708.html
Great view | Vacant soon | Fully Furnished,"105,000",Apartment,Yearly,1,2,867 sqft,"Westwood Grande by Imtiaz, JVC District 18, Jumeirah Village Circle (JVC), Dubai",https://www.bayut.com/property/details-13719600.html
READY TO MOVE | BIGGER LAYOUT | POOL VIEW,"74,999",Apartment,Yearly,1,2,894 sqft,"Fortunato, JVC District 11, Jumeirah Village Circle (JVC), Dubai",https://www.bayut.com/property/details-13712113.html
POOL VIEW | SPACIOUS UNIT | VACANT,"90,000",Apartment,Yearly,1,2,798 sqft,"Binghatti Phoenix, JVC District 13, Jumeirah Village Circle (JVC), Dubai",https://www.bayut.com/property/details-13705015.html
Spacious 3BED+Maids | Fully Furnished | Ready To Move,"150,000",Apartment,Yearly,3,4,"1,991 sqft","Roxana Residence C, Roxana Residences, JVC District 12, Jumeirah Village Circle (JVC), Dubai",https://www.bayut.com/property/details-13704541.html
Spacious 1BHK | Chiller Free | Prime JVC Location,"65,000",Apartment,Yearly,1,1,725 sqft,"Diamond Views III, JVC District 11, Jumeirah Village Circle (JVC), Dubai",https://www.bayut.com/property/details-13704081.html
High Floor | Ready To Move | With Balcony,"59,999",Apartment,Yearly,,1,436 sqft,"H Three By Aurora, JVC District 11, Jumeirah Village Circle (JVC), Dubai",https://www.bayut.com/property/details-11919180.html
FURNISHED 1BR,"100,000",Apartment,Yearly,1,2,574 sqft,"Binghatti Venus, JVC District 13, Jumeirah Village Circle (JVC), Dubai",https://www.bayut.com/property/details-13734775.html
1 Bedroom | Spacious | Fully Furnished,"84,990",Apartment,Yearly,1,2,668 sqft,"Binghatti Emerald, JVC District 15, Jumeirah Village Circle (JVC), Dubai",https://www.bayut.com/property/details-13726329.html
Modern Interiors | Pool View | Fully Furnished 3BR,"185,000",Apartment,Yearly,3,3,"1,461 sqft","Beverly Residence, JVC District 13, Jumeirah Village Circle (JVC), Dubai",https://www.bayut.com/property/details-13715793.html
High Floor | Fully Furnished | Pool View,"100,000",Apartment,Yearly,2,2,"1,164 sqft","Tower 108, JVC District 18, Jumeirah Village Circle (JVC), Dubai",https://www.bayut.com/property/details-13708568.html
Brand New | Furnished | Internal View,"109,995",Apartment,Yearly,1,2,759 sqft,"Pearl House 2, JVC District 12, Jumeirah Village Circle (JVC), Dubai",https://www.bayut.com/property/details-13701684.html
Higher Floor - Semi Closed Kitchen - Flexible Payment,"68,000",Apartment,Yearly,1,2,787 sqft,"Continents Tower, JVC District 13, Jumeirah Village Circle (JVC), Dubai",https://www.bayut.com/property/details-13732868.html
Ready To Move | Spacious Unit | Call Now,"60,000",Apartment,Yearly,,1,408 sqft,"Beverly Residence, JVC District 13, Jumeirah Village Circle (JVC), Dubai",https://www.bayut.com/property/details-13717694.html
Fully Furnished | Vacant and Ready | High Floor,"55,000",Apartment,Yearly,,1,428 sqft,"DAMAC Ghalia, JVC District 18, Jumeirah Village Circle (JVC), Dubai",https://www.bayut.com/property/details-13721104.html
Spacious 1BR | Mid Floor | Prime JVC Location,"75,000",Apartment,Yearly,1,2,697 sqft,"Pantheon Elysee I, JVC District 13, Jumeirah Village Circle (JVC), Dubai",https://www.bayut.com/property/details-13733843.html
Furnished Studio | Elegant Layout | Premium Building,"57,000",Apartment,Yearly,,1,355 sqft,"Bloom Tower B, Bloom Towers, JVC District 10, Jumeirah Village Circle (JVC), Dubai",https://www.bayut.com/property/details-13733482.html
FULLY FURNISHED | POOL VIEW | READY TO MOVE IN,"85,000",Apartment,Yearly,1,2,825 sqft,"G24 Tower, JVC District 11, Jumeirah Village Circle (JVC), Dubai",https://www.bayut.com/property/details-13729656.html
Elegant Urban Living I Fitted Kitchen I Amazing Amenities,"69,000",Apartment,Yearly,1,2,837 sqft,"Imperial Tower, JVC District 17, Jumeirah Village Circle (JVC), Dubai",https://www.bayut.com/property/details-13723699.html
New Fully Furnished | Upgraded | Middle Floor,"65,000",Apartment,Yearly,,1,405 sqft,"Pantheon Elysee III, JVC District 15, Jumeirah Village Circle (JVC), Dubai",https://www.bayut.com/property/details-13711499.html
Apartment for Rent in Binghatti Phoenix – Pool view | Modern Design | Prime Location,"95,000",Apartment,Yearly,1,2,799 sqft,"Binghatti Phoenix, JVC District 13, Jumeirah Village Circle (JVC), Dubai",https://www.bayut.com/property/details-13699811.html
High End Quality | Fully Furnished | Brand New,"61,950",Apartment,Yearly,,1,449 sqft,"The Autograph, JVC District 10, Jumeirah Village Circle (JVC), Dubai",https://www.bayut.com/property/details-11879636.html
Spacious | Park View | Unfurnished | Ready to Move,"90,000",Apartment,Yearly,1,2,942 sqft,"Hameni Residence, JVC District 15, Jumeirah Village Circle (JVC), Dubai",https://www.bayut.com/property/details-13711566.html
Vacant | Furnished | Prime Location,"100,000",Apartment,Yearly,2,2,939 sqft,"Binghatti Rose, JVC District 15, Jumeirah Village Circle (JVC), Dubai",https://www.bayut.com/property/details-13704578.html
Fully furnished Studio +Balcony |Vacant | Upgraded,"75,000",Apartment,Yearly,,1,618 sqft,"Hameni Residence, JVC District 15, Jumeirah Village Circle (JVC), Dubai",https://www.bayut.com/property/details-13718653.html
"Spacious Modern Villa for Rent | Ready to Move | 1,631.92 Sqft | JVC","190,000",Villa,Yearly,4,5,"1,632 sqft","Sydney Villas, JVC District 15, Jumeirah Village Circle (JVC), Dubai",https://www.bayut.com/property/details-13714917.html
Park View | Luxury Living | Brand New Unit,"100,000",Apartment,Yearly,1,2,803 sqft,"Luma Park Views, JVC District 14, Jumeirah Village Circle (JVC), Dubai",https://www.bayut.com/property/details-13700830.html
Community View | Spacious Layout | Vacant,"68,000",Apartment,Yearly,,1,381 sqft,"Binghatti Aurora, JVC District 12, Jumeirah Village Circle (JVC), Dubai",https://www.bayut.com/property/details-13729446.html
MODERN 1BHK | LARGE LAYOUT | CALL NOW,"74,000",Apartment,Yearly,1,2,905 sqft,"AAA Residence, JVC District 13, Jumeirah Village Circle (JVC), Dubai",https://www.bayut.com/property/details-13723024.html
Premium 4BR Villa | Landscaped Garden | Single Row,"280,000",Villa,Yearly,4,5,"6,836 sqft","District 16M, JVC District 16, Jumeirah Village Circle (JVC), Dubai",https://www.bayut.com/property/details-13715343.html
Park View | Private Pool | Vacant | Move-in Ready,"105,000",Apartment,Yearly,1,2,796 sqft,"Binghatti Phantom, JVC District 17, Jumeirah Village Circle (JVC), Dubai",https://www.bayut.com/property/details-13707405.html
Fully Furnished | Premium Quality | Prime Location,"70,000",Apartment,Yearly,1,2,677 sqft,"Tower 108, JVC District 18, Jumeirah Village Circle (JVC), Dubai",https://www.bayut.com/property/details-13682640.html
Premium & Stylish Furnished Studio | Smart Layout | Ready To Move In,"69,000",Apartment,Yearly,,1,422 sqft,"Al Serh Residences 11, JVC District 10, Jumeirah Village Circle (JVC), Dubai",https://www.bayut.com/property/details-13712219.html
VACANT | BRAND NEW | FULLY FURNISHED | SPACIOUS LAY OUT,"100,000",Apartment,Yearly,1,2,785 sqft,"Binghatti Aurora, JVC District 12, Jumeirah Village Circle (JVC), Dubai",https://www.bayut.com/property/details-13704666.html
4BHK + Maid | Spacious | Ready to Move,"199,999",Villa,Yearly,4,5,"1,733 sqft","Sandoval Gardens Villas, JVC District 14, Jumeirah Village Circle (JVC), Dubai",https://www.bayut.com/property/details-13727583.html
Spacious Apartment Good layout One Bed Room Available,"75,000",Apartment,Yearly,1,1,713 sqft,"SH Living 1, JVC District 14, Jumeirah Village Circle (JVC), Dubai",https://www.bayut.com/property/details-13720303.html
Spacious Apartment One Bed Room Available,"70,000",Apartment,Yearly,1,2,754 sqft,"Rose 10, JVC District 11, Jumeirah Village Circle (JVC), Dubai",https://www.bayut.com/property/details-13718572.html
2 Beds | Community View | Near JSS School,"110,000",Apartment,Yearly,2,3,"1,352 sqft","Le Grand Chateau C, Le Grand Chateau, JVC District 10, Jumeirah Village Circle (JVC), Dubai",https://www.bayut.com/property/details-13716823.html
Bright Unit | Vacant | Well Maintained | Multiple options available,"74,999",Apartment,Yearly,1,2,925 sqft,"Reef Residence, JVC District 13, Jumeirah Village Circle (JVC), Dubai",https://www.bayut.com/property/details-13687325.html
Modern Living in JVC I Bright & Spacious I With Great Amenities,"64,000",Apartment,Yearly,1,2,892 sqft,"The Manhattan, JVC District 10, Jumeirah Village Circle (JVC), Dubai",https://www.bayut.com/property/details-13701913.html
Kitchen Appliances | Spacious Size | High Floor,"74,999",Apartment,Yearly,1,2,930 sqft,"Aurion Residence, JVC District 10, Jumeirah Village Circle (JVC), Dubai",https://www.bayut.com/property/details-11933530.html
HUGE LAYOUT | READY TO MOVE | MAIDS ROOM,"310,000",Villa,Yearly,4,5,"2,124 sqft","Hyati Residence, JVC District 14, Jumeirah Village Circle (JVC), Dubai",https://www.bayut.com/property/details-11899839.html
Spacious Studio | Fully Furnished | Ready To Move,"65,000",Apartment,Yearly,,1,409 sqft,"Pearl House by Imtiaz, JVC District 13, Jumeirah Village Circle (JVC), Dubai",https://www.bayut.com/property/details-13723956.html
Luxury 1BR Apartment | Binghatti Royale,"120,000",Apartment,Yearly,1,1,807 sqft,"Binghatti Royale, JVC District 18, Jumeirah Village Circle (JVC), Dubai",https://www.bayut.com/property/details-13721574.html
Fully Furnished | Ready to Move | Community View,"65,000",Apartment,Yearly,,1,387 sqft,"Binghatti Aurora, JVC District 12, Jumeirah Village Circle (JVC), Dubai",https://www.bayut.com/property/details-13708999.html
Fully Furnished | Vacant NOW | Spacious Layout,"85,000",Apartment,Yearly,1,2,757 sqft,"DAMAC Ghalia, JVC District 18, Jumeirah Village Circle (JVC), Dubai",https://www.bayut.com/property/details-13732831.html
Spacious Apartment Available For Rent,"77,000",Apartment,Yearly,1,1,817 sqft,"SH Living 1, JVC District 14, Jumeirah Village Circle (JVC), Dubai",https://www.bayut.com/property/details-13720364.html
Four (4) Bedroom Furnished Villa for Rent >>> a Prime Residential Spacious in Al Barsha Fourth - Dubai,"180,000",Villa,Yearly,4,4,"2,100 sqft","JVC District 13, Jumeirah Village Circle (JVC), Dubai",https://www.bayut.com/property/details-13709794.html
Contemporary 1-Bed Apartment in JVC,"85,000",Apartment,Yearly,1,1,782 sqft,"Oxford Residence, JVC District 13, Jumeirah Village Circle (JVC), Dubai",https://www.bayut.com/property/details-13696527.html
Brand New | Prime Location | Ready to Move,"140,000",Apartment,Yearly,2,3,"1,439 sqft","Westview Garden, JVC District 15, Jumeirah Village Circle (JVC), Dubai",https://www.bayut.com/property/details-13712308.html
Elegant 1 BR | Fully Renovated | Prime Location,"75,000",Apartment,Yearly,1,2,754 sqft,"Al Amir Residence, JVC District 11, Jumeirah Village Circle (JVC), Dubai",https://www.bayut.com/property/details-13705829.html
Spacious Unit | Huge Layout | Prime Location,"64,999",Apartment,Yearly,1,2,728 sqft,"Central Park Tower, JVC District 12, Jumeirah Village Circle (JVC), Dubai",https://www.bayut.com/property/details-13719713.html
1 bhk Apartment | with best ammenities | Call Now,"62,999",Apartment,Yearly,1,2,593 sqft,"Central Park Tower, JVC District 12, Jumeirah Village Circle (JVC), Dubai",https://www.bayut.com/property/details-13719480.html
Community View | Prime Location | Spacious Unit,"64,999",Apartment,Yearly,1,2,737 sqft,"Central Park Tower, JVC District 12, Jumeirah Village Circle (JVC), Dubai",https://www.bayut.com/property/details-13719368.html
Fully Furnished | Great Location | Call Now,"170,000",Apartment,Yearly,2,4,"1,739 sqft","Eleganz by Danube, JVC District 14, Jumeirah Village Circle (JVC), Dubai",https://www.bayut.com/property/details-13715073.html
Pool View | Modern | Fully Fitted With Dishwasher,"140,000",Apartment,Yearly,2,2,998 sqft,"Harrington House, JVC District 14, Jumeirah Village Circle (JVC), Dubai",https://www.bayut.com/property/details-13713911.html
Modern | Pool View | Unfurnished | Vacant,"175,000",Apartment,Yearly,3,4,"1,960 sqft","Park Corner, JVC District 13, Jumeirah Village Circle (JVC), Dubai",https://www.bayut.com/property/details-13710343.html
Spacious 1BR | Fully Furnished | Near to Circle Mall | Monthly 7.5K with Bills,"79,990",Apartment,Yearly,1,2,795 sqft,"Fortunato, JVC District 11, Jumeirah Village Circle (JVC), Dubai",https://www.bayut.com/property/details-13678387.html
FULLY FURNISHED| PRIVATE POOL| LUXURY,"150,000",Apartment,Yearly,2,2,"1,112 sqft","Binghatti House, JVC District 10, Jumeirah Village Circle (JVC), Dubai",https://www.bayut.com/property/details-13715650.html
Spacious Villa | Premium Community | Vacant Now,"245,000",Villa,Yearly,4,5,"4,128 sqft","Indigo Ville 3, JVC District 13, Jumeirah Village Circle (JVC), Dubai",https://www.bayut.com/property/details-13715630.html
Luxury 1BR | Spacious | Well- Maintained,"65,000",Apartment,Yearly,1,2,739 sqft,"Sandoval Garden Block A, Sandoval Garden, JVC District 14, Jumeirah Village Circle (JVC), Dubai",https://www.bayut.com/property/details-13715522.html
COMMUNITY VIEW I MODERN 4BR I READY TO MOVE,"224,999",Villa,Yearly,4,5,"2,704 sqft","Iris Park, JVC District 15, Jumeirah Village Circle (JVC), Dubai",https://www.bayut.com/property/details-13710380.html
Reef Residence 1-BHK | 825 Sq. Ft | Community View,"70,000",Apartment,Yearly,1,2,825 sqft,"Reef Residence, JVC District 13, Jumeirah Village Circle (JVC), Dubai",https://www.bayut.com/property/details-13710244.html
Luxury Furnished | Brand New | 12 Cheques,"70,000",Apartment,Yearly,,1,430 sqft,"Pearl House by Imtiaz, JVC District 13, Jumeirah Village Circle (JVC), Dubai",https://www.bayut.com/property/details-13709872.html
One Bedroom apartment Available | Unfurnished | Barsha View,"69,999",Apartment,Yearly,1,2,739 sqft,"Al Amir Residence, JVC District 11, Jumeirah Village Circle (JVC), Dubai",https://www.bayut.com/property/details-13707276.html
Pool View| High Floor| Exclusive,"80,000",Apartment,Yearly,1,2,666 sqft,"Binghatti Venus, JVC District 13, Jumeirah Village Circle (JVC), Dubai",https://www.bayut.com/property/details-13705253.html
Pool View | Smart home | Luxury Apartment,"84,999",Apartment,Yearly,1,2,659 sqft,"Binghatti Emerald, JVC District 15, Jumeirah Village Circle (JVC), Dubai",https://www.bayut.com/property/details-13703694.html
Fully Furnished | Park View | Vacant Now,"66,000",Apartment,Yearly,,1,516 sqft,"LOCI Residences, JVC District 14, Jumeirah Village Circle (JVC), Dubai",https://www.bayut.com/property/details-13715644.html
Fully Furnished | Ready To Move | Spacious,"62,000",Apartment,Yearly,,1,448 sqft,"Signature Livings North, Signature Livings, JVC District 10, Jumeirah Village Circle (JVC), Dubai",https://www.bayut.com/property/details-13711736.html
Luxury Finishing 3 Bed For Rent I Bright & Spacious I Move In Now,"179,999",Apartment,Yearly,3,4,"1,968 sqft","La Rose, JVC District 12, Jumeirah Village Circle (JVC), Dubai",https://www.bayut.com/property/details-11910654.html
High floor | Fully Furnished | Community View,"80,000",Apartment,Yearly,1,2,750 sqft,"DAMAC Ghalia, JVC District 18, Jumeirah Village Circle (JVC), Dubai",https://www.bayut.com/property/details-13717767.html
Elegant 1BR | Fully Renovated | Prime Location,"70,000",Apartment,Yearly,1,2,740 sqft,"Al Amir Residence, JVC District 11, Jumeirah Village Circle (JVC), Dubai",https://www.bayut.com/property/details-13708613.html
Apartment for Rent in Binghatti Phoenix – Brand new | Modern Design | Prime Location,"88,000",Apartment,Yearly,1,2,797 sqft,"Binghatti Phoenix, JVC District 13, Jumeirah Village Circle (JVC), Dubai",https://www.bayut.com/property/details-13699936.html
Fully Furnished | Spacious | Prime Location,"95,000",Apartment,Yearly,2,3,"1,128 sqft","DAMAC Ghalia, JVC District 18, Jumeirah Village Circle (JVC), Dubai",https://www.bayut.com/property/details-13685966.html
Fully Furnished | Ready to Move | Well Maintained,"55,000",Apartment,Yearly,,1,463 sqft,"G24 Tower, JVC District 11, Jumeirah Village Circle (JVC), Dubai",https://www.bayut.com/property/details-13706924.html
Exquisite 1BHK | Furnished | Maid's Room,"160,000",Apartment,Yearly,1,2,"1,455 sqft","Hyati Avenue, JVC District 14, Jumeirah Village Circle (JVC), Dubai",https://www.bayut.com/property/details-13703912.html
Immaculate Furniture | Unobstructed View | Vacant,"89,995",Apartment,Yearly,1,2,646 sqft,"Binghatti Emerald, JVC District 15, Jumeirah Village Circle (JVC), Dubai",https://www.bayut.com/property/details-13701609.html
Ultra Luxury Villa | 5030 sq. ft | Prime Community,"220,000",Villa,Yearly,4,5,"5,030 sqft","Sydney Villas, JVC District 15, Jumeirah Village Circle (JVC), Dubai",https://www.bayut.com/property/details-13695772.html
Luxury High Floor Home | Private Pool | Marina View,"130,000",Apartment,Yearly,2,2,"1,111 sqft","Binghatti House, JVC District 10, Jumeirah Village Circle (JVC), Dubai",https://www.bayut.com/property/details-13718126.html
Brand New | Spacious Apartment | Near JVC Exit,"90,000",Apartment,Yearly,1,2,793 sqft,"Westview Garden, JVC District 15, Jumeirah Village Circle (JVC), Dubai",https://www.bayut.com/property/details-13714269.html
Spacious 1BHK | Massive Layout | Call Now,"90,000",Apartment,Yearly,1,2,774 sqft,"Harrington House, JVC District 14, Jumeirah Village Circle (JVC), Dubai",https://www.bayut.com/property/details-13708891.html
Private Pool | Store Room | High Floor,"104,999",Apartment,Yearly,1,2,795 sqft,"Binghatti Phantom, JVC District 17, Jumeirah Village Circle (JVC), Dubai",https://www.bayut.com/property/details-13697545.html
Pool Included | Fully Furnished | Brand New,"120,000",Apartment,Yearly,1,2,808 sqft,"Binghatti Royale, JVC District 18, Jumeirah Village Circle (JVC), Dubai",https://www.bayut.com/property/details-13730029.html
Fully Furnished 1BR | Huge Layout | Great Community,"70,000",Apartment,Yearly,1,2,975 sqft,"Maple 1, Emirates Gardens 2, JVC District 14, Jumeirah Village Circle (JVC), Dubai",https://www.bayut.com/property/details-13715769.html
Fully Furnished | Great Location | Call Now,"170,000",Apartment,Yearly,2,4,"1,739 sqft","Eleganz by Danube, JVC District 14, Jumeirah Village Circle (JVC), Dubai",https://www.bayut.com/property/details-13714928.html
2BHK+Storage | With Laundry | Vacant,"113,000",Apartment,Yearly,2,2,"1,509 sqft","Al Naim Residence, JVC District 10, Jumeirah Village Circle (JVC), Dubai",https://www.bayut.com/property/details-13706563.html
Spacious Studio | Furnished | Open View,"64,995",Apartment,Yearly,,1,396 sqft,"Bloom Tower C, Bloom Towers, JVC District 10, Jumeirah Village Circle (JVC), Dubai",https://www.bayut.com/property/details-13701608.html
Vacant | Skyline Views | Stunning 3BHK,"135,000",Apartment,Yearly,3,3,"1,359 sqft","Binghatti Heights, JVC District 10, Jumeirah Village Circle (JVC), Dubai",https://www.bayut.com/property/details-13726325.html
SPACIOUS UNIT | FITTED KITCHEN | LAUNDRY ROOM,"77,000",Apartment,Yearly,1,1,817 sqft,"SH Living 1, JVC District 14, Jumeirah Village Circle (JVC), Dubai",https://www.bayut.com/property/details-13717552.html
Unfurnished | Spacious Layout | Balcony | Vacant,"100,000",Apartment,Yearly,2,3,"1,163 sqft","Park Corner, JVC District 13, Jumeirah Village Circle (JVC), Dubai",https://www.bayut.com/property/details-13712455.html
Fully Furnished 1 Bed | Brand New | Mid Floor,"87,000",Apartment,Yearly,1,2,615 sqft,"The East Crest, JVC District 17, Jumeirah Village Circle (JVC), Dubai",https://www.bayut.com/property/details-13709139.html
1 bhk Apartment | with best ammenities | Marina View,"118,000",Apartment,Yearly,2,2,"1,146 sqft","Binghatti Heights, JVC District 10, Jumeirah Village Circle (JVC), Dubai",https://www.bayut.com/property/details-13732442.html
Brand View | Community View | Ready to Move,"85,000",Apartment,Yearly,1,1,743 sqft,"Binghatti Phoenix, JVC District 13, Jumeirah Village Circle (JVC), Dubai",https://www.bayut.com/property/details-13723585.html
Modern 2BR Apartment | Family-Friendly | Oxford Residence,"156,999",Apartment,Yearly,2,3,"1,080 sqft","Oxford Residence, JVC District 13, Jumeirah Village Circle (JVC), Dubai",https://www.bayut.com/property/details-13709430.html
Community View | Fully Furnished | Best Amenities,"90,000",Apartment,Yearly,1,1,631 sqft,"Binghatti Onyx, JVC District 15, Jumeirah Village Circle (JVC), Dubai",https://www.bayut.com/property/details-13706932.html
Spacious 1BR | Luxury Living | Prime JVC Location,"120,000",Apartment,Yearly,1,2,995 sqft,"Luma Park Views, JVC District 14, Jumeirah Village Circle (JVC), Dubai",https://www.bayut.com/property/details-13702702.html
URGENTLY RENT | PRIME 2BR IN JVC | BEST PRICE,"95,000",Apartment,Yearly,2,2,"1,027 sqft","Venus 1, JVC District 12, Jumeirah Village Circle (JVC), Dubai",https://www.bayut.com/property/details-13730852.html
Vacant | Skyline Views | Stunning 3BHK,"135,000",Apartment,Yearly,3,3,"1,359 sqft","Binghatti Heights, JVC District 10, Jumeirah Village Circle (JVC), Dubai",https://www.bayut.com/property/details-13726326.html
SPACIOUS LAYOUT | PRIME LOCATION | GREAT AMENITIES,"250,000",Villa,Yearly,3,5,"1,455 sqft","Mirabella 7, JVC District 12, Jumeirah Village Circle (JVC), Dubai",https://www.bayut.com/property/details-13720446.html
Well Maintained Affordable 1 bed,"70,000",Apartment,Yearly,1,2,754 sqft,"Rose 10, JVC District 11, Jumeirah Village Circle (JVC), Dubai",https://www.bayut.com/property/details-13718760.html
Vacant | Unfurnished | Balcony | Spacious,"92,000",Apartment,Yearly,1,2,"1,257 sqft","Park Corner, JVC District 13, Jumeirah Village Circle (JVC), Dubai",https://www.bayut.com/property/details-13711933.html
Fitted Kitchen | Community View | Spacious Layout,"125,000",Apartment,Yearly,2,2,"1,189 sqft","Marwa Heights, JVC District 15, Jumeirah Village Circle (JVC), Dubai",https://www.bayut.com/property/details-13690276.html
High Floor | Brand New Unit | Open View | Area Experts,"115,000",Apartment,Yearly,1,2,789 sqft,"Pearl House 2, JVC District 12, Jumeirah Village Circle (JVC), Dubai",https://www.bayut.com/property/details-13683418.html
URGENTLY RENT | PRIME 1BR IN JVC | BEST PRICE,"65,000",Apartment,Yearly,1,2,630 sqft,"Venus 1, JVC District 12, Jumeirah Village Circle (JVC), Dubai",https://www.bayut.com/property/details-13730621.html
Spacious I Premium finishing I Best pick,"48,000",Apartment,Yearly,,1,381 sqft,"Serenity Lakes 5, JVC District 10, Jumeirah Village Circle (JVC), Dubai",https://www.bayut.com/property/details-13723661.html
Spacious | Huge Layout | Prime Location,"75,000",Apartment,Yearly,1,2,713 sqft,"SH Living 1, JVC District 14, Jumeirah Village Circle (JVC), Dubai",https://www.bayut.com/property/details-13719989.html
Spacious Layout | Big Plot | Private Garden,"278,999",Villa,Yearly,4,4,"6,837 sqft","District 16M, JVC District 16, Jumeirah Village Circle (JVC), Dubai",https://www.bayut.com/property/details-13702665.html
Ready To Move | Brand New Building | 2BHK+Maid,"165,000",Apartment,Yearly,2,3,"1,237 sqft","H Three By Aurora, JVC District 11, Jumeirah Village Circle (JVC), Dubai",https://www.bayut.com/property/details-11912175.html
Fully Furnished Studio for Rent | Beverly Residence 1 – JVC,"64,000",Apartment,Yearly,,1,409 sqft,"Beverly Residence, JVC District 13, Jumeirah Village Circle (JVC), Dubai",https://www.bayut.com/property/details-13730987.html
Spacious Layout | kitchen appliances| Brand new,"70,999",Apartment,Yearly,1,2,912 sqft,"Imperial Tower, JVC District 17, Jumeirah Village Circle (JVC), Dubai",https://www.bayut.com/property/details-13710643.html
2Br+Maid | G+1 | Prime Location | Call Now,"160,000",Villa,Yearly,2,4,"2,100 sqft","Diamond Views 1 Villas A, JVC District 14, Jumeirah Village Circle (JVC), Dubai",https://www.bayut.com/property/details-13709302.html
Spacious 1BR | Move In Ready | All Amenities,"90,000",Apartment,Yearly,1,2,774 sqft,"Harrington House, JVC District 14, Jumeirah Village Circle (JVC), Dubai",https://www.bayut.com/property/details-13707283.html
BRAND NEW 1BHK | BIG LAYOUT | NEAR MALL,"112,000",Apartment,Yearly,1,2,824 sqft,"H Three By Aurora, JVC District 11, Jumeirah Village Circle (JVC), Dubai",https://www.bayut.com/property/details-13719806.html
Huge Balcony | Road View | Prime Location,"130,000",Apartment,Yearly,2,3,"1,224 sqft","Binghatti Tulip, JVC District 11, Jumeirah Village Circle (JVC), Dubai",https://www.bayut.com/property/details-13719260.html
SEMI FURNISHED | READY TO MOVE | SPACIOUS LAYOUT,"89,999",Apartment,Yearly,2,2,"1,230 sqft","Fortunato, JVC District 11, Jumeirah Village Circle (JVC), Dubai",https://www.bayut.com/property/details-13712224.html
WiFi Free | Chiller Free | Community View,"73,000",Apartment,Yearly,,1,630 sqft,"Herad Tower, JVC District 18, Jumeirah Village Circle (JVC), Dubai",https://www.bayut.com/property/details-13707937.html
WELL MAINTAINED 2BED Yearly Lease,"90,000",Apartment,Yearly,2,2,"1,128 sqft","Rose 10, JVC District 11, Jumeirah Village Circle (JVC), Dubai",https://www.bayut.com/property/details-13718892.html
"Spacious Two Bed Room Only In 90,000 For Rent","90,000",Apartment,Yearly,2,2,"1,128 sqft","Rose 10, JVC District 11, Jumeirah Village Circle (JVC), Dubai",https://www.bayut.com/property/details-13718787.html
Vacant | Fully Furnished | Pool View,"55,000",Apartment,Yearly,,1,382 sqft,"Serenity Lakes 5, JVC District 10, Jumeirah Village Circle (JVC), Dubai",https://www.bayut.com/property/details-13716248.html
Spacious Home | Fully Furnished | View Today,"55,000",Apartment,Yearly,,1,441 sqft,"Joya Verde Residences, JVC District 11, Jumeirah Village Circle (JVC), Dubai",https://www.bayut.com/property/details-13715641.html
Bright Unit | Panoramic View | Ready to Move,"75,000",Apartment,Yearly,1,1,925 sqft,"Reef Residence, JVC District 13, Jumeirah Village Circle (JVC), Dubai",https://www.bayut.com/property/details-13714017.html
Spacious 2BR Apartment | Semi-Furnished | Ready to Move,"90,000",Apartment,Yearly,2,3,"1,231 sqft","Fortunato, JVC District 11, Jumeirah Village Circle (JVC), Dubai",https://www.bayut.com/property/details-13689292.html
Spacious 2BHK | Unfurnished | Call now,"119,999",Apartment,Yearly,2,2,"1,122 sqft","Marwa Heights, JVC District 15, Jumeirah Village Circle (JVC), Dubai",https://www.bayut.com/property/details-13686169.html
6 Cheques | Unfurnished | With Parking and Balcony,"90,000",Apartment,Yearly,1,2,926 sqft,"Zaya Hameni, JVC District 15, Jumeirah Village Circle (JVC), Dubai",https://www.bayut.com/property/details-13731416.html
Exclusive | Vacant soon | Mid floor | Turnkey unit,"92,000",Apartment,Yearly,1,2,694 sqft,"Binghatti Amber, JVC District 11, Jumeirah Village Circle (JVC), Dubai",https://www.bayut.com/property/details-13728648.html
1Bhk Apartment | Prime Location | Call Now,"74,999",Apartment,Yearly,1,2,995 sqft,"Binghatti Gate, JVC District 15, Jumeirah Village Circle (JVC), Dubai",https://www.bayut.com/property/details-13727187.html
Brand New 2 Bed | Huge Layout | Park Views,"175,000",Apartment,Yearly,2,3,"1,425 sqft","Hadley Heights, JVC District 11, Jumeirah Village Circle (JVC), Dubai",https://www.bayut.com/property/details-13716238.html
Family friendly I Peaceful community I Prime spot,"190,000",Villa,Yearly,4,4,"1,734 sqft","Sandoval Lane, JVC District 14, Jumeirah Village Circle (JVC), Dubai",https://www.bayut.com/property/details-13708991.html
Upgraded London Style | Furnished | Last Price,"70,000",Apartment,Yearly,,1,493 sqft,"LOCI Residences, JVC District 14, Jumeirah Village Circle (JVC), Dubai",https://www.bayut.com/property/details-13707084.html
Brand New | Premium Quality | Ready to Move-in,"54,999",Apartment,Yearly,,1,412 sqft,"West Tower, Luma 22, JVC District 10, Jumeirah Village Circle (JVC), Dubai",https://www.bayut.com/property/details-13728781.html
LUXURY SPACIOUS MODERN 1 BEDROOM APPARTMENT/ SAMI CLOSE KITCHEN // POOL VIEW// READY TO MOVE,"70,000",Apartment,Yearly,1,2,754 sqft,"Rose 10, JVC District 11, Jumeirah Village Circle (JVC), Dubai",https://www.bayut.com/property/details-13726815.html
Spacious 2 Bedroom | Brand New | Prime location,"95,000",Apartment,Yearly,2,3,"1,335 sqft","Imperial Tower, JVC District 17, Jumeirah Village Circle (JVC), Dubai",https://www.bayut.com/property/details-13710645.html
"Luxury Studio for Rent in Binghatti House – Jumeirah Village Circle (JVC), Dubai","49,999",Apartment,Yearly,,1,312 sqft,"Binghatti House, JVC District 10, Jumeirah Village Circle (JVC), Dubai",https://www.bayut.com/property/details-13707561.html
Furnished Home | Upgraded Luxury NY Style,"66,000",Apartment,Yearly,,1,488 sqft,"LOCI Residences, JVC District 14, Jumeirah Village Circle (JVC), Dubai",https://www.bayut.com/property/details-13706777.html
Fully Furnished | Garden View | Premium Quality,"65,000",Apartment,Yearly,,1,467 sqft,"West Tower, Luma 22, JVC District 10, Jumeirah Village Circle (JVC), Dubai",https://www.bayut.com/property/details-13704705.html
TOP FLOOR | RENOVATED | BIG TERRACE | OPEN VIEWS,"120,000",Apartment,Yearly,2,2,"1,297 sqft","Pantheon Boulevard, JVC District 13, Jumeirah Village Circle (JVC), Dubai",https://www.bayut.com/property/details-13678079.html
Band new | Smart Home | Private pool,"144,000",Apartment,Yearly,2,2,"1,761 sqft","Binghatti Orchid, JVC District 10, Jumeirah Village Circle (JVC), Dubai",https://www.bayut.com/property/details-11769745.html
Higher Floor | Open View | Call Now,"48,000",Apartment,Yearly,,1,376 sqft,"Bloom Heights 1, Bloom Heights, JVC District 15, Jumeirah Village Circle (JVC), Dubai",https://www.bayut.com/property/details-13710122.html
Fully Furnish | Upgraded | Ready to Move-In,"87,000",Apartment,Yearly,1,2,757 sqft,"DAMAC Ghalia, JVC District 18, Jumeirah Village Circle (JVC), Dubai",https://www.bayut.com/property/details-13732923.html
Furnished | Garden View | 12 Cheques Option,"65,000",Apartment,Yearly,,1,384 sqft,"Harrington House, JVC District 14, Jumeirah Village Circle (JVC), Dubai",https://www.bayut.com/property/details-13720358.html
Multiple Options | Flexible Payment | Smart Home,"80,000",Apartment,Yearly,1,2,714 sqft,"Binghatti Nova, JVC District 12, Jumeirah Village Circle (JVC), Dubai",https://www.bayut.com/property/details-13709999.html
FULLY FURNISHED || 1 BED ROOM || FOR RENT,"75,000",Apartment,Yearly,1,2,675 sqft,"DAMAC Ghalia, JVC District 18, Jumeirah Village Circle (JVC), Dubai",https://www.bayut.com/property/details-13693468.html
Spacious studio I In best price I Ready to move,"53,000",Apartment,Yearly,,1,426 sqft,"Imperial Tower 2, JVC District 17, Jumeirah Village Circle (JVC), Dubai",https://www.bayut.com/property/details-13734910.html
Modern Layout | Prime Location | Elegant Finishing,"79,999",Apartment,Yearly,1,2,854 sqft,"Mass Residence, JVC District 11, Jumeirah Village Circle (JVC), Dubai",https://www.bayut.com/property/details-13729706.html
"Stylish Studio Living | Serenity Lakes, JVC","48,000",Apartment,Yearly,,1,404 sqft,"Serenity Lakes 5, JVC District 10, Jumeirah Village Circle (JVC), Dubai",https://www.bayut.com/property/details-13720845.html
2BR+Maid | Road Facing | Prime location,"160,000",Villa,Yearly,2,4,"2,100 sqft","Diamond Views 1 Villas A, JVC District 14, Jumeirah Village Circle (JVC), Dubai",https://www.bayut.com/property/details-13709105.html
Elegant 2-Bedroom + Maid Room | Fully Furnished,"115,000",Apartment,Yearly,2,3,"1,321 sqft","Summer 2 Block B, Summer, Seasons Community, JVC District 15, Jumeirah Village Circle (JVC), Dubai",https://www.bayut.com/property/details-13707544.html
UNFURNISHED I SPACIOUS VILLA I PRIME LOCATION,"194,999",Villa,Yearly,4,5,"1,734 sqft","Sandoval Lane, JVC District 14, Jumeirah Village Circle (JVC), Dubai",https://www.bayut.com/property/details-13703512.html
Pool view| High floor| Prime Location,"95,000",Apartment,Yearly,1,2,693 sqft,"Binghatti Onyx, JVC District 15, Jumeirah Village Circle (JVC), Dubai",https://www.bayut.com/property/details-13670508.html
Modern 2BHK | Road View | Grab now,"119,999",Apartment,Yearly,2,2,"1,245 sqft","Marwa Heights, JVC District 15, Jumeirah Village Circle (JVC), Dubai",https://www.bayut.com/property/details-13686702.html
Fully Furnished 1 BHK+ Maid I Smart Layout I Great Amenities,"85,000",Apartment,Yearly,1,2,826 sqft,"Rigel Apartments, JVC District 10, Jumeirah Village Circle (JVC), Dubai",https://www.bayut.com/property/details-11900884.html
Vacating Soon | High Floor | Spacious,"135,000",Apartment,Yearly,2,2,"1,404 sqft","Hameni Residence, JVC District 15, Jumeirah Village Circle (JVC), Dubai",https://www.bayut.com/property/details-13688126.html
"Pool-Facing | Semi-Furnished | 1st Floor | Casa Grande, JVC","55,000",Apartment,Yearly,,1,504 sqft,"Casa Grande, JVC District 11, Jumeirah Village Circle (JVC), Dubai",https://www.bayut.com/property/details-11866942.html
Closed and Fitted Kitchen | Brand New Apartment,"97,000",Apartment,Yearly,2,3,"1,335 sqft","Imperial Tower, JVC District 17, Jumeirah Village Circle (JVC), Dubai",https://www.bayut.com/property/details-13710648.html
Upgraded & Spacious 1BR I Quality Living I Panoramic View,"75,000",Apartment,Yearly,1,2,925 sqft,"Reef Residence, JVC District 13, Jumeirah Village Circle (JVC), Dubai",https://www.bayut.com/property/details-13686327.html
Luxurious unit I With great amenity I Prime spot,"69,999",Apartment,Yearly,1,2,754 sqft,"Rose 10, JVC District 11, Jumeirah Village Circle (JVC), Dubai",https://www.bayut.com/property/details-13734697.html
Spacious unit with pool view I Available in 4 cheques I Best pick,"69,999",Apartment,Yearly,1,2,754 sqft,"Rose 10, JVC District 11, Jumeirah Village Circle (JVC), Dubai",https://www.bayut.com/property/details-13722739.html
Luxury Comfort Villa For Rent I Great Layout I Ready to Move,"140,000",Villa,Yearly,2,3,"2,269 sqft","Al Waleed Building, JVC District 13, Jumeirah Village Circle (JVC), Dubai",https://www.bayut.com/property/details-13718808.html
Furnished Studio Modern living| Book Now,"55,000",Apartment,Yearly,,1,436 sqft,"DAMAC Ghalia, JVC District 18, Jumeirah Village Circle (JVC), Dubai",https://www.bayut.com/property/details-13717856.html
Fully Furnished I Huge Layout I Ready to Move,"119,999",Apartment,Yearly,2,3,"1,379 sqft","Plaza Residences Block B, Plaza Residences, JVC District 13, Jumeirah Village Circle (JVC), Dubai",https://www.bayut.com/property/details-13713328.html
Large 2BR + Maid | Balcony | Ready to Move,"112,999",Apartment,Yearly,2,2,"1,509 sqft","Al Naim Residence, JVC District 10, Jumeirah Village Circle (JVC), Dubai",https://www.bayut.com/property/details-13711468.html
Spacious 4 BR + Maid| Prime Community Living | Vacant,"194,999",Penthouse,Yearly,4,6,"1,734 sqft","Sandoval Lane, JVC District 14, Jumeirah Village Circle (JVC), Dubai",https://www.bayut.com/property/details-13711104.html
SPACIOUS 2BHK |ELEGANT TOUCHES | PRIME LOCATION,"190,000",Apartment,Yearly,2,3,"1,268 sqft","Hyati Avenue, JVC District 14, Jumeirah Village Circle (JVC), Dubai",https://www.bayut.com/property/details-13688982.html
Fully Furnished | Vacant | Quality Living,"60,000",Apartment,Yearly,,1,406 sqft,"National Bonds Residence, JVC District 15, Jumeirah Village Circle (JVC), Dubai",https://www.bayut.com/property/details-13730379.html
Luxury spacious 1Bedroom with open pool view apartment// all amenities// ready to move// only 70k,"70,000",Apartment,Yearly,1,2,754 sqft,"Rose 10, JVC District 11, Jumeirah Village Circle (JVC), Dubai",https://www.bayut.com/property/details-13729971.html
Huge Layout | Ready to Move | Book Now,"60,000",Apartment,Yearly,,1,536 sqft,"Dezire Residences, JVC District 17, Jumeirah Village Circle (JVC), Dubai",https://www.bayut.com/property/details-13729759.html
Spacious 3BR | Fully Furnished | Call Now,"180,000",Apartment,Yearly,3,4,"1,743 sqft","Tower 108, JVC District 18, Jumeirah Village Circle (JVC), Dubai",https://www.bayut.com/property/details-13719218.html
Elegant Design l 2 Bedroom l Ready to Move,"97,000",Apartment,Yearly,2,3,"1,334 sqft","Imperial Tower, JVC District 17, Jumeirah Village Circle (JVC), Dubai",https://www.bayut.com/property/details-13719041.html
Resort-Style Apartment I Modern Amenities | Prime Location,"79,999",Apartment,Yearly,1,2,727 sqft,"Binghatti Crescent, JVC District 11, Jumeirah Village Circle (JVC), Dubai",https://www.bayut.com/property/details-13713214.html
HUGE APT | LOW PRICE | WELL MAINTAINED,"59,999",Apartment,Yearly,,1,952 sqft,"Masaar Residence, JVC District 15, Jumeirah Village Circle (JVC), Dubai",https://www.bayut.com/property/details-13712583.html
Fully Furnished | Great Amenities | Ready to Move,"75,000",Apartment,Yearly,,1,493 sqft,"LOCI Residences, JVC District 14, Jumeirah Village Circle (JVC), Dubai",https://www.bayut.com/property/details-13702316.html
Ready-to-Move-In | 1 BR Unfurnished | Big Layout,"108,888",Apartment,Yearly,2,3,983 sqft,"Binghatti Corner, JVC District 10, Jumeirah Village Circle (JVC), Dubai",https://www.bayut.com/property/details-13688806.html
MODERN 2 BHK - DUPLEX UNIT - SPACIOUS BIG LAYOUT - FAMILY BUILDING,"130,000",Apartment,Yearly,2,3,"1,942 sqft","Royal JVC Building, JVC District 10, Jumeirah Village Circle (JVC), Dubai",https://www.bayut.com/property/details-13713189.html
Ready to Move | Brand New | Modern Finishes,"75,000",Apartment,Yearly,1,2,878 sqft,"Lumina Vista Residences, JVC District 14, Jumeirah Village Circle (JVC), Dubai",https://www.bayut.com/property/details-13720297.html
1+Study | Chiller Free | Ready to move,"74,000",Apartment,Yearly,1,2,"1,004 sqft","Al Waseem Residences, JVC District 11, Jumeirah Village Circle (JVC), Dubai",https://www.bayut.com/property/details-13714401.html
Fully Furnished | Big Layout | Brand New,"100,000",Apartment,Yearly,1,2,759 sqft,"Pearl House 2, JVC District 12, Jumeirah Village Circle (JVC), Dubai",https://www.bayut.com/property/details-13714248.html
SPACIOUS LAYOUT | PLUS STORAGE ROOM | UNFURNISHED,"109,999",Apartment,Yearly,2,3,"1,381 sqft","Plaza Residences Block B, Plaza Residences, JVC District 13, Jumeirah Village Circle (JVC), Dubai",https://www.bayut.com/property/details-13713293.html
2 Bedroom plus | Private Pool |Spacious Apartment,"139,999",Apartment,Yearly,2,2,"1,152 sqft","Binghatti Tulip, JVC District 11, Jumeirah Village Circle (JVC), Dubai",https://www.bayut.com/property/details-13712001.html
Spacious Unit | Ready To Move In | Best Views,"60,000",Apartment,Yearly,,1,437 sqft,"H Three By Aurora, JVC District 11, Jumeirah Village Circle (JVC), Dubai",https://www.bayut.com/property/details-11947181.html
Prime Location | Fully Furnished | Huge Layout,"100,000",Apartment,Yearly,1,2,805 sqft,"Pearl House 2, JVC District 12, Jumeirah Village Circle (JVC), Dubai",https://www.bayut.com/property/details-13726240.html
Open View | Prime Location | Call To Inquire,"48,000",Apartment,Yearly,,1,376 sqft,"Bloom Heights 1, Bloom Heights, JVC District 15, Jumeirah Village Circle (JVC), Dubai",https://www.bayut.com/property/details-13709981.html
Fully Renovated | Furnished | Private Garden,"190,000",Villa,Yearly,4,4,"5,030 sqft","Sydney Villas, JVC District 15, Jumeirah Village Circle (JVC), Dubai",https://www.bayut.com/property/details-13709320.html
Exclusive | 1BR + Study | Fully Furnished,"90,000",Apartment,Yearly,1,2,877 sqft,"Eleganz by Danube, JVC District 14, Jumeirah Village Circle (JVC), Dubai",https://www.bayut.com/property/details-13659843.html
Fully Furnished | Luxury Fit Out | Vacant,"82,800",Apartment,Yearly,1,2,618 sqft,"Binghatti Crest, JVC District 13, Jumeirah Village Circle (JVC), Dubai",https://www.bayut.com/property/details-13729308.html
DUPLEX UNIT | ELEGANT 3 BHK | SPACIOUS BUG LAYOUT | FAMILY BUILDING,"160,000",Apartment,Yearly,3,4,"3,255 sqft","Royal JVC Building, JVC District 10, Jumeirah Village Circle (JVC), Dubai",https://www.bayut.com/property/details-13713180.html
Premium Furnished 1BR+ Maid I Stylish Urban Living I With Luxury Facilities-Amenities at Your Doorstep,"97,990",Apartment,Yearly,1,2,820 sqft,"Laya Mansion, JVC District 15, Jumeirah Village Circle (JVC), Dubai",https://www.bayut.com/property/details-13692586.html
Spacious | Fully Furnished | Large Balcony,"80,000",Apartment,Yearly,1,1,"1,088 sqft","Diamond Views II, JVC District 11, Jumeirah Village Circle (JVC), Dubai",https://www.bayut.com/property/details-13680433.html
Bright & Spacious | Fully Furnished | Call Now,"79,999",Apartment,Yearly,1,2,634 sqft,"Binghatti Nova, JVC District 12, Jumeirah Village Circle (JVC), Dubai",https://www.bayut.com/property/details-13707534.html
Prime Location | Ready to Move | Spacious,"55,000",Apartment,Yearly,,1,412 sqft,"Golden Dream Tower 1, JVC District 18, Jumeirah Village Circle (JVC), Dubai",https://www.bayut.com/property/details-13706206.html
Best Price | Fully Upgraded | 1cheque,"60,000",Apartment,Yearly,1,1,513 sqft,"Knightsbridge Court, JVC District 13, Jumeirah Village Circle (JVC), Dubai",https://www.bayut.com/property/details-13728129.html
Ready To Move | Park View | Semi Furnished,"59,999",Apartment,Yearly,,1,505 sqft,"Oakley Square Residence, JVC District 11, Jumeirah Village Circle (JVC), Dubai",https://www.bayut.com/property/details-13718881.html
Upgraded | Luxury Furnished 1BR | Multiple Cheques,"95,000",Apartment,Yearly,1,2,787 sqft,"Binghatti Orchid, JVC District 10, Jumeirah Village Circle (JVC), Dubai",https://www.bayut.com/property/details-13701854.html
Elegant 2-Bedroom Apartment | Lolena Residence JVC,"95,000",Apartment,Yearly,2,3,"1,417 sqft","Lolena Residence, JVC District 12, Jumeirah Village Circle (JVC), Dubai",https://www.bayut.com/property/details-13733962.html
Spacious 2-Bed Layout | Contemporary Finishes | Prime Community Living,"122,999",Apartment,Yearly,2,3,"1,267 sqft","SH Living 1, JVC District 14, Jumeirah Village Circle (JVC), Dubai",https://www.bayut.com/property/details-13724331.html
2BR+MAID I FULLY FURNISHED I READY TO MOVE,"179,999",Apartment,Yearly,2,3,"1,740 sqft","Eleganz by Danube, JVC District 14, Jumeirah Village Circle (JVC), Dubai",https://www.bayut.com/property/details-13714758.html
Brand New | Pool View | Ready To Move In,"80,000",Apartment,Yearly,1,2,846 sqft,"Lumina Vista Residences, JVC District 14, Jumeirah Village Circle (JVC), Dubai",https://www.bayut.com/property/details-13703192.html
Move in Ready | Bright and Spacious | Furnished,"105,000",Apartment,Yearly,2,3,964 sqft,"Binghatti Gate, JVC District 15, Jumeirah Village Circle (JVC), Dubai",https://www.bayut.com/property/details-13734764.html
Prime Location | Fully furnished | Ready Unit,"51,000",Apartment,Yearly,,1,451 sqft,"Hanover Square, JVC District 10, Jumeirah Village Circle (JVC), Dubai",https://www.bayut.com/property/details-13720304.html
Versatile space I Best buy I Easy access,"70,000",Apartment,Yearly,1,2,805 sqft,"Rigel Apartments, JVC District 10, Jumeirah Village Circle (JVC), Dubai",https://www.bayut.com/property/details-13729981.html
2BR+Maid | Fully Furnished | Bills Included,"240,000",Apartment,Yearly,2,3,"2,546 sqft","Hyati Residence, JVC District 14, Jumeirah Village Circle (JVC), Dubai",https://www.bayut.com/property/details-13703652.html
Fitted Kitchen | Ready to Move | Spacious Layout,"115,000",Apartment,Yearly,2,3,"1,055 sqft","Bloom Heights 1, Bloom Heights, JVC District 15, Jumeirah Village Circle (JVC), Dubai",https://www.bayut.com/property/details-13702986.html
1 bhk Apartment | with best ammenities | Call Now,"71,000",Apartment,Yearly,1,2,912 sqft,"Imperial Tower, JVC District 17, Jumeirah Village Circle (JVC), Dubai",https://www.bayut.com/property/details-13702573.html
Community View | Prime Location | Spacious Unit,"68,999",Apartment,Yearly,1,2,836 sqft,"Imperial Tower, JVC District 17, Jumeirah Village Circle (JVC), Dubai",https://www.bayut.com/property/details-13702409.html
Community View | Prime Location | Spacious Unit,"65,000",Apartment,Yearly,1,2,811 sqft,"Oxford Building, JVC District 14, Jumeirah Village Circle (JVC), Dubai",https://www.bayut.com/property/details-13701830.html
Brand New | Luxury | Semi Furnished | 1BR in JVC,"80,000",Apartment,Yearly,1,2,745 sqft,"Binghatti Azure, JVC District 16, Jumeirah Village Circle (JVC), Dubai",https://www.bayut.com/property/details-11934274.html
Modern | Unfurnished | available Jan | Balcony,"80,000",Apartment,Yearly,1,2,576 sqft,"Binghatti Venus, JVC District 13, Jumeirah Village Circle (JVC), Dubai",https://www.bayut.com/property/details-10452320.html
Pool View | Prime Location | Spacious Unit,"74,999",Apartment,Yearly,1,2,685 sqft,"Binghatti Lavender, JVC District 10, Jumeirah Village Circle (JVC), Dubai",https://www.bayut.com/property/details-13732984.html
Spacious | Bright | Balcony| Vac Jan 26th,"74,999",Apartment,Yearly,1,2,929 sqft,"Plaza Residences Block B, Plaza Residences, JVC District 13, Jumeirah Village Circle (JVC), Dubai",https://www.bayut.com/property/details-8400236.html
Big Size Corner Apartment | 2 BR+Maid | 4 Baths,"129,999",Apartment,Yearly,2,4,"1,548 sqft","Laya Residences, JVC District 10, Jumeirah Village Circle (JVC), Dubai",https://www.bayut.com/property/details-13703828.html
Handover Soon - Be the First Tenant – Modern -JVC,"100,000",Apartment,Yearly,1,2,838 sqft,"Neva Residences, JVC District 16, Jumeirah Village Circle (JVC), Dubai",https://www.bayut.com/property/details-13656194.html
Modern Living – Brand-New 1BR - Hand Over Soon,"72,000",Apartment,Yearly,1,2,838 sqft,"Neva Residences, JVC District 16, Jumeirah Village Circle (JVC), Dubai",https://www.bayut.com/property/details-13656071.html
Full Facilities/Hand Over Soon/Fully Furnished 1BR,"70,000",Apartment,Yearly,1,2,842 sqft,"Neva Residences, JVC District 16, Jumeirah Village Circle (JVC), Dubai",https://www.bayut.com/property/details-13656016.html
Modern & Luxury Living –New Brand -Hand Over Soon,"90,000",Apartment,Yearly,1,2,842 sqft,"Neva Residences, JVC District 16, Jumeirah Village Circle (JVC), Dubai",https://www.bayut.com/property/details-13655936.html
"Binghatti Venus, JVC District 13, Jumeirah Village Circle (JVC), Dubai","70,000",Apartment,Yearly,1,2,670 sqft,"Binghatti Venus, JVC District 13, Jumeirah Village Circle (JVC), Dubai",https://www.bayut.com/property/details-13706690.html
Brand New | Finely Finished | 1 BR for Rent,"100,000",Apartment,Yearly,1,1,928 sqft,"Neva Residences, JVC District 16, Jumeirah Village Circle (JVC), Dubai",https://www.bayut.com/property/details-13720469.html
Spacious 1BHK | Massive Layout | Best Price,"77,000",Apartment,Yearly,1,2,"1,230 sqft","Laya Residences, JVC District 10, Jumeirah Village Circle (JVC), Dubai",https://www.bayut.com/property/details-13719628.html
LUXURIOUS 1 BR | PRIVATE POOL | POOL VIEW | BIGGER LAYOUT,"109,999",Apartment,Yearly,1,2,807 sqft,"Binghatti Royale, JVC District 18, Jumeirah Village Circle (JVC), Dubai",https://www.bayut.com/property/details-13724346.html
Fully Furnished | Modern Layout | Available 10th January,"84,999",Apartment,Yearly,1,1,619 sqft,"Binghatti Crest, JVC District 13, Jumeirah Village Circle (JVC), Dubai",https://www.bayut.com/property/details-13733901.html
Maid Room | Vacant | Flexible Owner,"80,000",Apartment,Yearly,2,3,"1,443 sqft","Autumn 1 Block B, Autumn, Seasons Community, JVC District 15, Jumeirah Village Circle (JVC), Dubai",https://www.bayut.com/property/details-13720633.html
1BR converted to 2BR | Furnished | Vacant,"75,000",Apartment,Yearly,1,2,"1,009 sqft","Magnolia 1, Emirates Gardens 2, JVC District 14, Jumeirah Village Circle (JVC), Dubai",https://www.bayut.com/property/details-13660152.html
Elite Furnished | Pearl House 2 | Call Now,"105,000",Apartment,Yearly,1,2,755 sqft,"Pearl House 2, JVC District 12, Jumeirah Village Circle (JVC), Dubai",https://www.bayut.com/property/details-13644365.html
Brand New Unit | Smart System | Ready to Move in,"88,000",Apartment,Yearly,1,2,797 sqft,"Binghatti Phoenix, JVC District 13, Jumeirah Village Circle (JVC), Dubai",https://www.bayut.com/property/details-13655407.html
4Br+Maid | Brand New | Spacious | Basement Hall,"280,000",Villa,Yearly,4,5,"1,707 sqft","Westar Vista, JVC District 13, Jumeirah Village Circle (JVC), Dubai",https://www.bayut.com/property/details-13650227.html
1 BEDROOM | FURNISHED | READY TO MOVE | SUMMER,"75,000",Apartment,Yearly,1,2,572 sqft,"Summer 2 Block A, Summer, Seasons Community, JVC District 15, Jumeirah Village Circle (JVC), Dubai",https://www.bayut.com/property/details-13667069.html
Huge Layout | Fully Furnished | Ready to move in,"60,000",Apartment,Yearly,,1,551 sqft,"G24 Tower, JVC District 11, Jumeirah Village Circle (JVC), Dubai",https://www.bayut.com/property/details-13658176.html
BRIGHT 1 BR | PRIME LOCATION | COMMUNITY VIEW,"79,000",Apartment,Yearly,1,2,771 sqft,"Binghatti Heights, JVC District 10, Jumeirah Village Circle (JVC), Dubai",https://www.bayut.com/property/details-13651836.html
4 bed | Best Ammenities | Spacious,"200,000",Villa,Yearly,4,5,"1,632 sqft","Sydney Villas, JVC District 15, Jumeirah Village Circle (JVC), Dubai",https://www.bayut.com/property/details-13660481.html
Community View | Prime Location | Spacious Unit,"80,000",Apartment,Yearly,1,2,750 sqft,"Sydney Tower, JVC District 18, Jumeirah Village Circle (JVC), Dubai",https://www.bayut.com/property/details-13708623.html
4 bed | Best Ammenities | Spacious,"230,000",Villa,Yearly,4,5,"5,031 sqft","Sydney Villas, JVC District 15, Jumeirah Village Circle (JVC), Dubai",https://www.bayut.com/property/details-13660380.html
Fully Furnished | Pool View | Spacious Layout,"89,999",Apartment,Yearly,1,1,669 sqft,"Binghatti Emerald, JVC District 15, Jumeirah Village Circle (JVC), Dubai",https://www.bayut.com/property/details-13656776.html
High-End Furnished 1-Bed | Premium Interiors I Prime Location,"75,000",Apartment,Yearly,1,2,758 sqft,"Binghatti Jasmine, JVC District 15, Jumeirah Village Circle (JVC), Dubai",https://www.bayut.com/property/details-13655493.html
Unfurnished | Vacant | Spacious Layout,"70,000",Apartment,Yearly,1,2,739 sqft,"Al Amir Residence, JVC District 11, Jumeirah Village Circle (JVC), Dubai",https://www.bayut.com/property/details-13663565.html
Modern 2BR + Maid | Spacious Layout | Ready to Move,"88,000",Apartment,Yearly,2,3,894 sqft,"Shamal Waves, JVC District 14, Jumeirah Village Circle (JVC), Dubai",https://www.bayut.com/property/details-13658049.html
Studio Apartment | Long Balcony | Spacious Layout,"60,000",Apartment,Yearly,,1,459 sqft,"Hadley Heights, JVC District 11, Jumeirah Village Circle (JVC), Dubai",https://www.bayut.com/property/details-13647589.html
Luxury 2 Bed | Fully Furnished | Gym | Balcony,"160,000",Apartment,Yearly,2,3,"1,425 sqft","Hadley Heights, JVC District 11, Jumeirah Village Circle (JVC), Dubai",https://www.bayut.com/property/details-13647590.html
Spacious Layout | Vacant | Ready to Move,"75,000",Apartment,Yearly,1,2,700 sqft,"Al Amir Residence, JVC District 11, Jumeirah Village Circle (JVC), Dubai",https://www.bayut.com/property/details-13663001.html
Bright & Elegant unit I With skyline view & closed kitchen I Prime location,"90,000",Apartment,Yearly,2,2,"1,417 sqft","Lolena Residence, JVC District 12, Jumeirah Village Circle (JVC), Dubai",https://www.bayut.com/property/details-13680510.html
SMART HOME| CONVENIENT LOCATION IN JVC |HIGH FLOOR,"75,000",Apartment,Yearly,1,2,670 sqft,"Binghatti Corner, JVC District 10, Jumeirah Village Circle (JVC), Dubai",https://www.bayut.com/property/details-13680001.html
BRAND NEW 1 BR | LAUNDRY ROOM | PRIVATE POOL | BIGGER LAYOUT | HIGH FLOOR,"104,999",Apartment,Yearly,1,2,911 sqft,"Binghatti Phantom, JVC District 17, Jumeirah Village Circle (JVC), Dubai",https://www.bayut.com/property/details-13682579.html
2 bhk + maid room + storeroom I Extra spacious I Prime location,"113,000",Apartment,Yearly,2,2,"1,509 sqft","Al Naim Residence, JVC District 10, Jumeirah Village Circle (JVC), Dubai",https://www.bayut.com/property/details-13660086.html
1BR Apt. With Balcony And Pool View | Vacant,"70,000",Apartment,Yearly,1,2,786 sqft,"Plaza Residences Block B, Plaza Residences, JVC District 13, Jumeirah Village Circle (JVC), Dubai",https://www.bayut.com/property/details-13657527.html
Versatile space I With closed kitchen I Easy access,"97,000",Apartment,Yearly,2,3,"1,335 sqft","Imperial Tower, JVC District 17, Jumeirah Village Circle (JVC), Dubai",https://www.bayut.com/property/details-13735100.html
1BHK+Maid | Spacious Unit | Community View,"74,999",Apartment,Yearly,1,2,823 sqft,"Rigel Apartments, JVC District 10, Jumeirah Village Circle (JVC), Dubai",https://www.bayut.com/property/details-13652287.html
Luxury 2-Bed Apartment | Smart Living | Exceptional Value,"90,000",Apartment,Yearly,2,2,989 sqft,"Binghatti Gems, JVC District 12, Jumeirah Village Circle (JVC), Dubai",https://www.bayut.com/property/details-13651895.html
BRAND NEW 1 BR | PRIVATE POOL | BIGGER LAYOUT | EQUIPPED KITCHEN,"114,999",Apartment,Yearly,1,2,807 sqft,"Binghatti Royale, JVC District 18, Jumeirah Village Circle (JVC), Dubai",https://www.bayut.com/property/details-13682792.html
4BHK | Spacious Layout | Community View,"185,000",Townhouse,Yearly,4,4,"3,165 sqft","Fortunato, JVC District 11, Jumeirah Village Circle (JVC), Dubai",https://www.bayut.com/property/details-13636986.html
Brand-New Fully Furnished 1BR | Luxury Living,"120,000",Apartment,Yearly,1,2,784 sqft,"Pearl House 2, JVC District 12, Jumeirah Village Circle (JVC), Dubai",https://www.bayut.com/property/details-13716253.html
Spacious Studio | Modern Living | Well Maintained | Prime Location,"48,000",Apartment,Yearly,,1,383 sqft,"Aurion Residence, JVC District 10, Jumeirah Village Circle (JVC), Dubai",https://www.bayut.com/property/details-13631459.html
Premium 1Bedroom For Rent I Bright Layout I Great Amenities,"73,000",Apartment,Yearly,1,2,915 sqft,"Al Naim Residence, JVC District 10, Jumeirah Village Circle (JVC), Dubai",https://www.bayut.com/property/details-13640378.html
Upgraded Studio For Rent I Modern Layout I Great Amenities,"56,000",Apartment,Yearly,,1,392 sqft,"Pantheon Elysee I, JVC District 13, Jumeirah Village Circle (JVC), Dubai",https://www.bayut.com/property/details-13607352.html
Ready to Move | Brand New | Modern Finishes,"90,000",Apartment,Yearly,1,2,874 sqft,"Lumina Vista Residences, JVC District 14, Jumeirah Village Circle (JVC), Dubai",https://www.bayut.com/property/details-11833479.html
Spacious 1BR | Modern Layout | High End Quality | Good Amenities,"60,000",Apartment,Yearly,1,2,606 sqft,"Aurion Residence, JVC District 10, Jumeirah Village Circle (JVC), Dubai",https://www.bayut.com/property/details-13620309.html
Private Pool | Royal Suite | Ready To Move,"114,999",Apartment,Yearly,2,2,"1,112 sqft","Binghatti House, JVC District 10, Jumeirah Village Circle (JVC), Dubai",https://www.bayut.com/property/details-13603736.html
Near Exit | Study Room | Near Mall | Mid Floor,"69,999",Apartment,Yearly,1,2,827 sqft,"Crystal Residence, JVC District 11, Jumeirah Village Circle (JVC), Dubai",https://www.bayut.com/property/details-13675826.html
Fully Furnished | Great Finishing | Best Amenities,"149,990",Apartment,Yearly,2,3,"1,330 sqft","Binghatti Azure, JVC District 16, Jumeirah Village Circle (JVC), Dubai",https://www.bayut.com/property/details-13582211.html
Pool View | Fully Furnished | Premium Quality,"149,990",Apartment,Yearly,2,3,"1,330 sqft","Binghatti Azure, JVC District 16, Jumeirah Village Circle (JVC), Dubai",https://www.bayut.com/property/details-13582044.html
Premium furnished unit with great amenity I Modern & elegance I Prime spot,"84,999",Apartment,Yearly,1,2,619 sqft,"Binghatti Crest, JVC District 13, Jumeirah Village Circle (JVC), Dubai",https://www.bayut.com/property/details-13652556.html
Road View | Prime Location | Call Now,"58,000",Apartment,Yearly,,1,382 sqft,"Aurion Residence, JVC District 10, Jumeirah Village Circle (JVC), Dubai",https://www.bayut.com/property/details-13583027.html
Best Layout | Spacious | Unfurnished,"82,000",Apartment,Yearly,2,1,797 sqft,"Binghatti Phoenix, JVC District 13, Jumeirah Village Circle (JVC), Dubai",https://www.bayut.com/property/details-13734852.html
Open View | Prime Location | Call To Inquire,"65,000",Apartment,Yearly,1,2,731 sqft,"Aayah Residences, JVC District 12, Jumeirah Village Circle (JVC), Dubai",https://www.bayut.com/property/details-13643409.html
Unfurnished Studio| Brand New | Prime Location,"59,990",Apartment,Yearly,,1,392 sqft,"Binghatti Azure, JVC District 16, Jumeirah Village Circle (JVC), Dubai",https://www.bayut.com/property/details-13581460.html
1 bhk Apartment | Close kitchen appliances | DXB.,"65,000",Apartment,Yearly,1,2,"1,010 sqft","Lavender 2, Emirates Gardens, JVC District 12, Jumeirah Village Circle (JVC), Dubai",https://www.bayut.com/property/details-13568986.html
Premium quality unit I Best price I Prime spot,"90,000",Apartment,Yearly,1,2,674 sqft,"Oakley Square Residence, JVC District 11, Jumeirah Village Circle (JVC), Dubai",https://www.bayut.com/property/details-13646822.html
Ready to Move | Spacious Layout | Prime Location,"155,000",Apartment,Yearly,2,2,996 sqft,"Binghatti Aurora, JVC District 12, Jumeirah Village Circle (JVC), Dubai",https://www.bayut.com/property/details-13586092.html
1-Bedroom | Full Furnished | Great Amenities,"80,000",Apartment,Yearly,1,2,780 sqft,"Pantheon Elysee I, JVC District 13, Jumeirah Village Circle (JVC), Dubai",https://www.bayut.com/property/details-13584053.html
Higher Floor | Fully Furnished | Call Now,"59,990",Apartment,Yearly,,1,349 sqft,"Binghatti Azure, JVC District 16, Jumeirah Village Circle (JVC), Dubai",https://www.bayut.com/property/details-13582537.html
Luxury 2 Bedroom For Rent I Best Quality I Prime Location,"120,000",Apartment,Yearly,2,3,"1,333 sqft","AAA Residence, JVC District 13, Jumeirah Village Circle (JVC), Dubai",https://www.bayut.com/property/details-13607037.html
Spacious 2BR | Community View | Pay In 4 Chqs,"110,000",Apartment,Yearly,2,3,"1,619 sqft","Siena 2, Siena, Tuscan Residence, JVC District 10, Jumeirah Village Circle (JVC), Dubai",https://www.bayut.com/property/details-13662024.html
4BHK | Spacious Layout | Community View,"200,000",Villa,Yearly,4,5,"1,632 sqft","Sydney Villas, JVC District 15, Jumeirah Village Circle (JVC), Dubai",https://www.bayut.com/property/details-13655966.html
Fully Fitted Kitchen | Pool View | Huge Layout,"120,000",Apartment,Yearly,2,3,"1,146 sqft","La Residenza, JVC District 10, Jumeirah Village Circle (JVC), Dubai",https://www.bayut.com/property/details-13643226.html
Community View | Prime Location | Spacious Unit,"80,000",Apartment,Yearly,1,2,750 sqft,"Sydney Tower, JVC District 18, Jumeirah Village Circle (JVC), Dubai",https://www.bayut.com/property/details-13708623.html
4 bed | Best Ammenities | Spacious,"230,000",Villa,Yearly,4,5,"5,031 sqft","Sydney Villas, JVC District 15, Jumeirah Village Circle (JVC), Dubai",https://www.bayut.com/property/details-13660380.html
Fully Furnished | Pool View | Spacious Layout,"89,999",Apartment,Yearly,1,1,669 sqft,"Binghatti Emerald, JVC District 15, Jumeirah Village Circle (JVC), Dubai",https://www.bayut.com/property/details-13656776.html
High-End Furnished 1-Bed | Premium Interiors I Prime Location,"75,000",Apartment,Yearly,1,2,758 sqft,"Binghatti Jasmine, JVC District 15, Jumeirah Village Circle (JVC), Dubai",https://www.bayut.com/property/details-13655493.html
4BHK | Spacious Layout | Community View,"200,000",Villa,Yearly,4,5,"1,595 sqft","Sydney Villas, JVC District 15, Jumeirah Village Circle (JVC), Dubai",https://www.bayut.com/property/details-13656152.html
Unfurnished | Vacant | Spacious Layout,"70,000",Apartment,Yearly,1,2,739 sqft,"Al Amir Residence, JVC District 11, Jumeirah Village Circle (JVC), Dubai",https://www.bayut.com/property/details-13663565.html
4BHK | Spacious Layout | Community View,"230,000",Villa,Yearly,4,5,"5,030 sqft","Sydney Villas, JVC District 15, Jumeirah Village Circle (JVC), Dubai",https://www.bayut.com/property/details-13655809.html
Studio Apartment | with best ammenities | Road view,"54,999",Apartment,Yearly,,1,498 sqft,"Dune Residency, JVC District 17, Jumeirah Village Circle (JVC), Dubai",https://www.bayut.com/property/details-13657538.html
Fully Furnished | Large Layout | Modern and Ready,"69,999",Apartment,Yearly,,1,473 sqft,"Park View Tower, JVC District 14, Jumeirah Village Circle (JVC), Dubai",https://www.bayut.com/property/details-13660716.html
Modern 2BR + Maid | Spacious Layout | Ready to Move,"88,000",Apartment,Yearly,2,3,894 sqft,"Shamal Waves, JVC District 14, Jumeirah Village Circle (JVC), Dubai",https://www.bayut.com/property/details-13658049.html
Studio Apartment | Long Balcony | Spacious Layout,"60,000",Apartment,Yearly,,1,459 sqft,"Hadley Heights, JVC District 11, Jumeirah Village Circle (JVC), Dubai",https://www.bayut.com/property/details-13647589.html
Fully Furnished | Great Location | Call Now,"79,999",Apartment,Yearly,1,2,705 sqft,"Penrose Place, JVC District 13, Jumeirah Village Circle (JVC), Dubai",https://www.bayut.com/property/details-13661985.html
Stylish 1 BHK | Spacious Layout | Modern Finishing | Shamal 2 – JVC,"73,000",Apartment,Yearly,1,2,771 sqft,"Shamal Residences 2, Shamal Residences, JVC District 14, Jumeirah Village Circle (JVC), Dubai",https://www.bayut.com/property/details-13657796.html
Premium villa with modern interiors I With maids room I Prime spot,"165,000",Villa,Yearly,4,6,"1,768 sqft","The Ghaf Tree, JVC District 13, Jumeirah Village Circle (JVC), Dubai",https://www.bayut.com/property/details-13656593.html
Luxury 2 Bed | Fully Furnished | Gym | Balcony,"160,000",Apartment,Yearly,2,3,"1,425 sqft","Hadley Heights, JVC District 11, Jumeirah Village Circle (JVC), Dubai",https://www.bayut.com/property/details-13647590.html
Ready to Move In | Upgraded | Biggest Plot,"285,000",Villa,Yearly,2,4,"8,259 sqft","JVC District 16, Jumeirah Village Circle (JVC), Dubai",https://www.bayut.com/property/details-13662822.html
Spacious Layout | Vacant | Ready to Move,"75,000",Apartment,Yearly,1,2,700 sqft,"Al Amir Residence, JVC District 11, Jumeirah Village Circle (JVC), Dubai",https://www.bayut.com/property/details-13663001.html
Bright & Elegant unit I With skyline view & closed kitchen I Prime location,"90,000",Apartment,Yearly,2,2,"1,417 sqft","Lolena Residence, JVC District 12, Jumeirah Village Circle (JVC), Dubai",https://www.bayut.com/property/details-13680510.html
Kitchen Appliances | Modern Amenities | Spacious,"75,000",Apartment,Yearly,1,2,576 sqft,"Binghatti Venus, JVC District 13, Jumeirah Village Circle (JVC), Dubai",https://www.bayut.com/property/details-13658734.html
2BED PRIVATE POOL STORAGE AREA,"190,000",Apartment,Yearly,2,2,"2,145 sqft","SH Living 1, JVC District 14, Jumeirah Village Circle (JVC), Dubai",https://www.bayut.com/property/details-13655114.html
Modern 2BR | Smart Home | Spacious Layout,"139,999",Apartment,Yearly,2,3,"1,017 sqft","Aura, JVC District 14, Jumeirah Village Circle (JVC), Dubai",https://www.bayut.com/property/details-13658565.html
Brand new building I With premium finishing I Prime location,"64,999",Apartment,Yearly,,1,413 sqft,"Binghatti Phoenix, JVC District 13, Jumeirah Village Circle (JVC), Dubai",https://www.bayut.com/property/details-13658039.html
Modern Finishing | Bright Unit | Ready To Move,"90,000",Apartment,Yearly,2,2,"1,179 sqft","Remal Tower, JVC District 13, Jumeirah Village Circle (JVC), Dubai",https://www.bayut.com/property/details-13655691.html
Spacious Apartment For Rent I Contemporary Living I Located in JVC,"73,000",Apartment,Yearly,1,2,912 sqft,"Imperial Tower, JVC District 17, Jumeirah Village Circle (JVC), Dubai",https://www.bayut.com/property/details-13665141.html
1 bhk Apartment | with best ammenities | Road view,"79,999",Apartment,Yearly,1,2,799 sqft,"Penrose Place, JVC District 13, Jumeirah Village Circle (JVC), Dubai",https://www.bayut.com/property/details-13658016.html
2BHK+Close Kitchen | High Floor | Park View,"87,999",Apartment,Yearly,2,2,"1,018 sqft","Rose 10, JVC District 11, Jumeirah Village Circle (JVC), Dubai",https://www.bayut.com/property/details-13649577.html
Fully Furnished | With 12 Cheques | Call Now,"71,000",Apartment,Yearly,,1,384 sqft,"Plazzo Heights, JVC District 10, Jumeirah Village Circle (JVC), Dubai",https://www.bayut.com/property/details-13655381.html
Affordable Rent | Furnished | Marina Skyline View,"80,000",Apartment,Yearly,1,2,746 sqft,"Bloom Heights 2, Bloom Heights, JVC District 15, Jumeirah Village Circle (JVC), Dubai",https://www.bayut.com/property/details-13658156.html
Spacious 2BHK | Fully Equipped Kitchen | Open View | Vacant,"110,000",Apartment,Yearly,2,2,"1,188 sqft","Aria Residence, JVC District 14, Jumeirah Village Circle (JVC), Dubai",https://www.bayut.com/property/details-13632714.html
SMART HOME| CONVENIENT LOCATION IN JVC |HIGH FLOOR,"75,000",Apartment,Yearly,1,2,670 sqft,"Binghatti Corner, JVC District 10, Jumeirah Village Circle (JVC), Dubai",https://www.bayut.com/property/details-13680001.html
BRAND NEW 1 BR | LAUNDRY ROOM | PRIVATE POOL | BIGGER LAYOUT | HIGH FLOOR,"104,999",Apartment,Yearly,1,2,911 sqft,"Binghatti Phantom, JVC District 17, Jumeirah Village Circle (JVC), Dubai",https://www.bayut.com/property/details-13682579.html
Quality Finishes I Spacious 2-Bedroom I Urban Lifestyle Redefined,"120,000",Apartment,Yearly,2,3,"1,267 sqft","SH Living 1, JVC District 14, Jumeirah Village Circle (JVC), Dubai",https://www.bayut.com/property/details-13655304.html
Contemporary 1-Bed Suite | Stylish Ambience | Ideal Lifestyle,"60,000",Apartment,Yearly,1,2,696 sqft,"Noora Residence 1, Noora Residence, JVC District 10, Jumeirah Village Circle (JVC), Dubai",https://www.bayut.com/property/details-13662798.html
2 bhk + maid room + storeroom I Extra spacious I Prime location,"113,000",Apartment,Yearly,2,2,"1,509 sqft","Al Naim Residence, JVC District 10, Jumeirah Village Circle (JVC), Dubai",https://www.bayut.com/property/details-13660086.html
OPEN KITCHEN I UNFURNISHED I SPACIOUS,"79,999",Apartment,Yearly,1,2,748 sqft,"Bloom Heights 2, Bloom Heights, JVC District 15, Jumeirah Village Circle (JVC), Dubai",https://www.bayut.com/property/details-13656598.html
Unfurnished | Private Pool | 12 cheques,"130,000",Apartment,Yearly,2,2,"1,113 sqft","Binghatti House, JVC District 10, Jumeirah Village Circle (JVC), Dubai",https://www.bayut.com/property/details-13662478.html
Community View | Prime Location | Spacious Unit,"64,000",Apartment,Yearly,1,2,602 sqft,"Masaar Residence, JVC District 15, Jumeirah Village Circle (JVC), Dubai",https://www.bayut.com/property/details-13654847.html
1BR Apt. With Balcony And Pool View | Vacant,"70,000",Apartment,Yearly,1,2,786 sqft,"Plaza Residences Block B, Plaza Residences, JVC District 13, Jumeirah Village Circle (JVC), Dubai",https://www.bayut.com/property/details-13657527.html
Versatile space I With closed kitchen I Easy access,"97,000",Apartment,Yearly,2,3,"1,335 sqft","Imperial Tower, JVC District 17, Jumeirah Village Circle (JVC), Dubai",https://www.bayut.com/property/details-13735100.html
1BHK+Maid | Spacious Unit | Community View,"74,999",Apartment,Yearly,1,2,823 sqft,"Rigel Apartments, JVC District 10, Jumeirah Village Circle (JVC), Dubai",https://www.bayut.com/property/details-13652287.html
Grand Floor | Smart Home Technology | Available,"68,000",Apartment,Yearly,,1,505 sqft,"Oakley Square Residence, JVC District 11, Jumeirah Village Circle (JVC), Dubai",https://www.bayut.com/property/details-13656613.html
Spacious 1BR | Near to Exit | Ready to Move,"64,999",Apartment,Yearly,1,2,"1,025 sqft","Autumn, Seasons Community, JVC District 15, Jumeirah Village Circle (JVC), Dubai",https://www.bayut.com/property/details-13657469.html
Road View | Spacious Unit | Call Now,"90,000",Apartment,Yearly,2,3,"1,152 sqft","Al Zubaidi Residence, JVC District 10, Jumeirah Village Circle (JVC), Dubai",https://www.bayut.com/property/details-13657322.html
Studio Apartment | Fully Furnished | Call Now,"58,000",Apartment,Yearly,,1,397 sqft,"Bloom Tower B, Bloom Towers, JVC District 10, Jumeirah Village Circle (JVC), Dubai",https://www.bayut.com/property/details-13655158.html
Bright & Spacious I Skyline view I Prime location,"68,000",Apartment,Yearly,1,2,711 sqft,"Jeewar Apartments, JVC District 11, Jumeirah Village Circle (JVC), Dubai",https://www.bayut.com/property/details-13658318.html
ELEGANT 2 BR | HIGH FLOOR | BRIGHT AND SPACIOUS,"89,999",Apartment,Yearly,2,2,"1,105 sqft","Dune Residency, JVC District 17, Jumeirah Village Circle (JVC), Dubai",https://www.bayut.com/property/details-13423997.html
Upgraded | Pool Level and View | Ready to move in,"70,000",Apartment,Yearly,1,1,771 sqft,"Diamond Views 1, JVC District 14, Jumeirah Village Circle (JVC), Dubai",https://www.bayut.com/property/details-13445888.html
Vacant | Fully Furnished | Upgraded,"80,000",Apartment,Yearly,1,1,712 sqft,"Laya Mansion, JVC District 15, Jumeirah Village Circle (JVC), Dubai",https://www.bayut.com/property/details-13352158.html
Spacious 2BR | Community View | Call Now,"100,000",Apartment,Yearly,2,2,"1,079 sqft","Binghatti Venus, JVC District 13, Jumeirah Village Circle (JVC), Dubai",https://www.bayut.com/property/details-13405863.html
SPACIOUS 4BR VILLA | MAID ROOM | TERRACE + PARKING,"190,000",Villa,Yearly,4,6,"1,808 sqft","The Ghaf Tree, JVC District 13, Jumeirah Village Circle (JVC), Dubai",https://www.bayut.com/property/details-13391947.html
Kitchen Appliances | Ready To Move | Spacious,"99,999",Apartment,Yearly,2,2,"1,091 sqft","Xanadu Residence 2, JVC District 13, Jumeirah Village Circle (JVC), Dubai",https://www.bayut.com/property/details-13395157.html
SPACIOUS UNIT | GREEN VIEW | NEAR CIRCLE MALL,"68,000",Apartment,Yearly,1,2,706 sqft,"Jeewar Apartments, JVC District 11, Jumeirah Village Circle (JVC), Dubai",https://www.bayut.com/property/details-13379185.html
UNFURNISHED | MOVE IN NOW | COMMUNITY VIEW,"90,000",Apartment,Yearly,2,2,888 sqft,"Fortunato, JVC District 11, Jumeirah Village Circle (JVC), Dubai",https://www.bayut.com/property/details-13395632.html
Spacious 1BR | Move In Ready | All Amenities,"67,000",Apartment,Yearly,1,2,706 sqft,"Jeewar Apartments, JVC District 11, Jumeirah Village Circle (JVC), Dubai",https://www.bayut.com/property/details-13379850.html
Multiple Options | Brand New | High Floor,"120,000",Apartment,Yearly,1,2,795 sqft,"Binghatti Phantom, JVC District 17, Jumeirah Village Circle (JVC), Dubai",https://www.bayut.com/property/details-13390954.html
Studio | Bills Included | Fully Furnished,"65,999",Apartment,Yearly,,1,435 sqft,"Empire Residence, JVC District 17, Jumeirah Village Circle (JVC), Dubai",https://www.bayut.com/property/details-13313519.html
5.3k monthly I inclusive bills | Modern Layout I Great Location,"54,000",Apartment,Yearly,,1,410 sqft,"Laya Mansion, JVC District 15, Jumeirah Village Circle (JVC), Dubai",https://www.bayut.com/property/details-13309860.html
Sunny And Bright | Single Row | Best Layout,"190,000",Townhouse,Yearly,3,4,"2,583 sqft","JVC District 12, Jumeirah Village Circle (JVC), Dubai",https://www.bayut.com/property/details-13299746.html
Fully Furnished 2 bed | Best Ammenities | Spacious Apartment,"165,000",Apartment,Yearly,2,4,"1,784 sqft","Eleganz by Danube, JVC District 14, Jumeirah Village Circle (JVC), Dubai",https://www.bayut.com/property/details-13212903.html
Semi Furnished | Spacious | Prime Location,"89,999",Apartment,Yearly,2,3,"1,230 sqft","Fortunato, JVC District 11, Jumeirah Village Circle (JVC), Dubai",https://www.bayut.com/property/details-13225471.html
Luxury 2BR | Private Pool | Brand New & Vacant,"129,000",Apartment,Yearly,2,2,"1,152 sqft","Binghatti Tulip, JVC District 11, Jumeirah Village Circle (JVC), Dubai",https://www.bayut.com/property/details-13277014.html
Premium Quality | Prime Location | Convenient Access,"110,000",Apartment,Yearly,2,3,"1,127 sqft","La Residenza, JVC District 10, Jumeirah Village Circle (JVC), Dubai",https://www.bayut.com/property/details-13265076.html
Brand New | Smart Home System | Kitchen Appliances,"55,000",Apartment,Yearly,,1,345 sqft,"Binghatti Azure, JVC District 16, Jumeirah Village Circle (JVC), Dubai",https://www.bayut.com/property/details-13215412.html
Skyline Comfort | Luxurious 1Bed |Multiple Cheques,"95,000",Apartment,Yearly,1,2,803 sqft,"Belgravia Heights 1, JVC District 12, Jumeirah Village Circle (JVC), Dubai",https://www.bayut.com/property/details-13153565.html
On the Podium Level | Jump to the Pool | Bright,"60,000",Apartment,Yearly,1,2,851 sqft,"The Manhattan, JVC District 10, Jumeirah Village Circle (JVC), Dubai",https://www.bayut.com/property/details-13233285.html
Brand New | Smart Home | High Floor,"75,000",Apartment,Yearly,1,2,679 sqft,"Aura, JVC District 14, Jumeirah Village Circle (JVC), Dubai",https://www.bayut.com/property/details-13076191.html
Ready To Move | Unfurnished | Spacious Layout,"120,000",Apartment,Yearly,2,3,"1,300 sqft","SH Living 1, JVC District 14, Jumeirah Village Circle (JVC), Dubai",https://www.bayut.com/property/details-13093389.html
High Floor | Kitchen Appliance | Vacant,"120,000",Apartment,Yearly,2,3,"1,226 sqft","SH Living 1, JVC District 14, Jumeirah Village Circle (JVC), Dubai",https://www.bayut.com/property/details-13093782.html
Elegant 1BR Converted Hallway | Massive Garden,"109,999",Townhouse,Yearly,1,2,"1,937 sqft","Nakheel Townhouse, JVC District 12, Jumeirah Village Circle (JVC), Dubai",https://www.bayut.com/property/details-13027419.html
Stylish 1 BHK | Spacious Layout | Modern Finishing | Shamal 2 – JVC,"73,000",Apartment,Yearly,1,2,771 sqft,"Shamal Residences 2, Shamal Residences, JVC District 14, Jumeirah Village Circle (JVC), Dubai",https://www.bayut.com/property/details-13657796.html
Spacious Living | Bigger Layout | Ready to Move,"95,000",Apartment,Yearly,2,3,"1,417 sqft","Lolena Residence, JVC District 12, Jumeirah Village Circle (JVC), Dubai",https://www.bayut.com/property/details-13682423.html
Premium villa with modern interiors I With maids room I Prime spot,"165,000",Villa,Yearly,4,6,"1,768 sqft","The Ghaf Tree, JVC District 13, Jumeirah Village Circle (JVC), Dubai",https://www.bayut.com/property/details-13656593.html
Luxury 2 Bed | Fully Furnished | Gym | Balcony,"160,000",Apartment,Yearly,2,3,"1,425 sqft","Hadley Heights, JVC District 11, Jumeirah Village Circle (JVC), Dubai",https://www.bayut.com/property/details-13647590.html
Ready to Move In | Upgraded | Biggest Plot,"285,000",Villa,Yearly,2,4,"8,259 sqft","JVC District 16, Jumeirah Village Circle (JVC), Dubai",https://www.bayut.com/property/details-13662822.html
High Floor | Unfurnished | Private pool,"110,000",Apartment,Yearly,1,2,795 sqft,"Binghatti Phantom, JVC District 17, Jumeirah Village Circle (JVC), Dubai",https://www.bayut.com/property/details-13645845.html
Spacious Layout | Vacant | Ready to Move,"75,000",Apartment,Yearly,1,2,700 sqft,"Al Amir Residence, JVC District 11, Jumeirah Village Circle (JVC), Dubai",https://www.bayut.com/property/details-13663001.html
Fully Renovated | Upgraded | Quality | 4 CHQS | Facilities,"73,000",Apartment,Yearly,1,2,754 sqft,"Al Amir Residence, JVC District 11, Jumeirah Village Circle (JVC), Dubai",https://www.bayut.com/property/details-13661600.html
Furnished | High floor | Marina View | Vacant,"55,000",Apartment,Yearly,,1,376 sqft,"Bloom Tower B, Bloom Towers, JVC District 10, Jumeirah Village Circle (JVC), Dubai",https://www.bayut.com/property/details-13661495.html
Fully Furnished | Great Location | Call Now,"84,990",Apartment,Yearly,1,2,765 sqft,"Lucky 1 Residences, JVC District 13, Jumeirah Village Circle (JVC), Dubai",https://www.bayut.com/property/details-13614304.html
Ready Now | Spacious Unit | Luxury Finish,"90,000",Apartment,Yearly,1,2,734 sqft,"Bloom Tower B, Bloom Towers, JVC District 10, Jumeirah Village Circle (JVC), Dubai",https://www.bayut.com/property/details-10290430.html
Bright & Elegant unit I With skyline view & closed kitchen I Prime location,"90,000",Apartment,Yearly,2,2,"1,417 sqft","Lolena Residence, JVC District 12, Jumeirah Village Circle (JVC), Dubai",https://www.bayut.com/property/details-13680510.html
Kitchen Appliances | Modern Amenities | Spacious,"75,000",Apartment,Yearly,1,2,576 sqft,"Binghatti Venus, JVC District 13, Jumeirah Village Circle (JVC), Dubai",https://www.bayut.com/property/details-13658734.html
MODERN BRIGHT HOUSE | SPECIOUS | NEAR TO MALL | NEAR EXIT | NEAR MOSQUE,"199,999",Townhouse,Yearly,4,6,"1,867 sqft","Comfy Villas, JVC District 11, Jumeirah Village Circle (JVC), Dubai",https://www.bayut.com/property/details-13654905.html
Pool View | Modern Layout | High End Quality,"70,000",Apartment,Yearly,1,2,572 sqft,"Summer 2 Block A, Summer, Seasons Community, JVC District 15, Jumeirah Village Circle (JVC), Dubai",https://www.bayut.com/property/details-13663561.html
2BED PRIVATE POOL STORAGE AREA,"190,000",Apartment,Yearly,2,2,"2,145 sqft","SH Living 1, JVC District 14, Jumeirah Village Circle (JVC), Dubai",https://www.bayut.com/property/details-13655114.html
Vacant | Prime Location | Spacious,"205,000",Townhouse,Yearly,3,3,"1,874 sqft","Heilbronn Villas, JVC District 14, Jumeirah Village Circle (JVC), Dubai",https://www.bayut.com/property/details-13633139.html
Spacious 4Bhk Villa | Underground Basement | JVC,"270,000",Villa,Yearly,4,6,"25,188 sqft","Westar Casablanca East, JVC District 12, Jumeirah Village Circle (JVC), Dubai",https://www.bayut.com/property/details-13673382.html
Spacious Apartment | Ready To Move | Prime Location,"59,999",Apartment,Yearly,,1,411 sqft,"Oxford Terraces, JVC District 11, Jumeirah Village Circle (JVC), Dubai",https://www.bayut.com/property/details-13665120.html
Modern 2BR | Smart Home | Spacious Layout,"139,999",Apartment,Yearly,2,3,"1,017 sqft","Aura, JVC District 14, Jumeirah Village Circle (JVC), Dubai",https://www.bayut.com/property/details-13658565.html
Brand new building I With premium finishing I Prime location,"64,999",Apartment,Yearly,,1,413 sqft,"Binghatti Phoenix, JVC District 13, Jumeirah Village Circle (JVC), Dubai",https://www.bayut.com/property/details-13658039.html
1BHK Apartment | Road View | Best Amenities | Prime Location,"75,000",Apartment,Yearly,1,2,803 sqft,"Rigel Apartments, JVC District 10, Jumeirah Village Circle (JVC), Dubai",https://www.bayut.com/property/details-13663027.html
Modern Finishing | Bright Unit | Ready To Move,"90,000",Apartment,Yearly,2,2,"1,179 sqft","Remal Tower, JVC District 13, Jumeirah Village Circle (JVC), Dubai",https://www.bayut.com/property/details-13655691.html
Spacious Apartment For Rent I Contemporary Living I Located in JVC,"73,000",Apartment,Yearly,1,2,912 sqft,"Imperial Tower, JVC District 17, Jumeirah Village Circle (JVC), Dubai",https://www.bayut.com/property/details-13665141.html
Modern 2BR | Ready to Move | Fully Fitted Kitchen,"109,980",Apartment,Yearly,2,3,"1,056 sqft","Bloom Heights 1, Bloom Heights, JVC District 15, Jumeirah Village Circle (JVC), Dubai",https://www.bayut.com/property/details-13705355.html
Elegant | Vibrant Community | Prime Location,"55,000",Apartment,Yearly,,1,438 sqft,"Tower 108, JVC District 18, Jumeirah Village Circle (JVC), Dubai",https://www.bayut.com/property/details-13696642.html
Spacious 1BR | Unfurnished | Huge Layout,"65,000",Apartment,Yearly,1,2,"1,040 sqft","Cappadocia, JVC District 13, Jumeirah Village Circle (JVC), Dubai",https://www.bayut.com/property/details-11852731.html
Brand New | Pool View | Fitted Kitchen | Vacant,"90,000",Apartment,Yearly,1,2,743 sqft,"Binghatti Phoenix, JVC District 13, Jumeirah Village Circle (JVC), Dubai",https://www.bayut.com/property/details-13716107.html
BRANDNEW 1BR | READY TO MOVE,"120,000",Apartment,Yearly,1,2,912 sqft,"Binghatti Phantom, JVC District 17, Jumeirah Village Circle (JVC), Dubai",https://www.bayut.com/property/details-13732226.html
Modern Furnisher - Stunning Studio - Ready To Move,"50,000",Apartment,Yearly,,1,397 sqft,"Regina Tower, JVC District 12, Jumeirah Village Circle (JVC), Dubai",https://www.bayut.com/property/details-13710605.html
Brand New |Vacant | Park & Pool View,"180,000",Apartment,Yearly,3,3,"1,309 sqft","Luma Park Views, JVC District 14, Jumeirah Village Circle (JVC), Dubai",https://www.bayut.com/property/details-13707708.html
Corner Unit | Vacant | Near to exit,"230,000",Villa,Yearly,4,5,"1,793 sqft","Iris Park, JVC District 15, Jumeirah Village Circle (JVC), Dubai",https://www.bayut.com/property/details-13688702.html
Large 1 bed | Balcony | Available now,"85,000",Apartment,Yearly,1,2,885 sqft,"Bluebell  Residence, JVC District 11, Jumeirah Village Circle (JVC), Dubai",https://www.bayut.com/property/details-13682620.html
Corner Unit | Modern | Multiple Cheques,"75,000",Apartment,Yearly,1,2,670 sqft,"Binghatti Venus, JVC District 13, Jumeirah Village Circle (JVC), Dubai",https://www.bayut.com/property/details-13718023.html
Modern Design | Premium Quality | Good Amenities | Ready to Move,"85,000",Apartment,Yearly,1,2,745 sqft,"Binghatti Azure, JVC District 16, Jumeirah Village Circle (JVC), Dubai",https://www.bayut.com/property/details-13711941.html
Upgraded | Luxury Furnished 1BR | Multiple Cheques,"95,000",Apartment,Yearly,1,2,787 sqft,"Binghatti Orchid, JVC District 10, Jumeirah Village Circle (JVC), Dubai",https://www.bayut.com/property/details-13701854.html
Brand New | Fully Furnished | Stylish Design,"110,000",Apartment,Yearly,1,2,"1,043 sqft","Pearl House by Imtiaz, JVC District 13, Jumeirah Village Circle (JVC), Dubai",https://www.bayut.com/property/details-13678175.html
Unfurnished | Private Pool | Brand New,"89,999",Apartment,Yearly,1,2,796 sqft,"Binghatti Phantom, JVC District 17, Jumeirah Village Circle (JVC), Dubai",https://www.bayut.com/property/details-13682566.html
Pool View | Prime Location | Spacious Unit,"48,000",Apartment,Yearly,,1,451 sqft,"Hanover Square, JVC District 10, Jumeirah Village Circle (JVC), Dubai",https://www.bayut.com/property/details-13716826.html
Fully Furnished | Ready To Move | Gated Community,"68,000",Apartment,Yearly,,1,539 sqft,"Dusk by Binghatti, JVC District 16, Jumeirah Village Circle (JVC), Dubai",https://www.bayut.com/property/details-13710224.html
Fully Furnished | Great Location | Call Now,"250,000",Villa,Yearly,3,5,"1,455 sqft","Mirabella 7, JVC District 12, Jumeirah Village Circle (JVC), Dubai",https://www.bayut.com/property/details-13705607.html
Big Layout | Open View | 2 Bedroom fully Furnished,"80,000",Apartment,Yearly,2,2,"1,594 sqft","Knightsbridge Court, JVC District 13, Jumeirah Village Circle (JVC), Dubai",https://www.bayut.com/property/details-13729936.html
Huge Layout | Studio | Ground Floor,"48,000",Apartment,Yearly,,1,761 sqft,"Rose 2, Emirates Gardens, JVC District 12, Jumeirah Village Circle (JVC), Dubai",https://www.bayut.com/property/details-13708585.html
High Class | 1 Bedroom | Fitted Kitchen,"90,000",Apartment,Yearly,1,2,867 sqft,"Chaimaa Avenue 2, JVC District 13, Jumeirah Village Circle (JVC), Dubai",https://www.bayut.com/property/details-13705495.html
Spacious Layout | High Floor | Vacant,"70,000",Apartment,Yearly,1,2,901 sqft,"Sobha Daffodil Wing B, Sobha Daffodil, JVC District 13, Jumeirah Village Circle (JVC), Dubai",https://www.bayut.com/property/details-13718161.html
High Rise | Open View | Brand New,"104,999",Apartment,Yearly,1,2,795 sqft,"Binghatti Phantom, JVC District 17, Jumeirah Village Circle (JVC), Dubai",https://www.bayut.com/property/details-13682880.html
Spacious 2-Bed Layout | Contemporary Finishes | Prime Community Living,"122,999",Apartment,Yearly,2,3,"1,267 sqft","SH Living 1, JVC District 14, Jumeirah Village Circle (JVC), Dubai",https://www.bayut.com/property/details-13724331.html
Close Kitchen| Ready To Move | Bright and Spacious,"89,999",Apartment,Yearly,2,2,"1,019 sqft","Rose 10, JVC District 11, Jumeirah Village Circle (JVC), Dubai",https://www.bayut.com/property/details-13708558.html
