title,price,frequency,bedrooms,bathrooms,area,location,url
Brand New | Huge Layout | Pool View,"89,999",Yearly,1,2,865 sqft,"Hadley Heights, JVC District 11, Jumeirah Village Circle (JVC), Dubai",https://www.bayut.com/property/details-13458362.html
Prime Location | Spacious 1 BHK | Ready to move,"65,000",Yearly,1,2,837 sqft,"Imperial Tower, JVC District 17, Jumeirah Village Circle (JVC), Dubai",https://www.bayut.com/property/details-13382468.html
Spacious 2 BHK | Ready to move | Big Terrace,"97,000",Yearly,2,3,"1,335 sqft","Imperial Tower, JVC District 17, Jumeirah Village Circle (JVC), Dubai",https://www.bayut.com/property/details-13382321.html
Stylish 1BR Fully Furnished I Smart Home I Ready to Move,"79,999",Yearly,1,2,638 sqft,"Binghatti Heights, JVC District 10, Jumeirah Village Circle (JVC), Dubai",https://www.bayut.com/property/details-13545569.html
Upgraded Unit| Brand New 1BR With Pool View l Premium Quality l Prime Location,"90,000",Yearly,1,2,793 sqft,"Binghatti Phoenix, JVC District 13, Jumeirah Village Circle (JVC), Dubai",https://www.bayut.com/property/details-13193559.html
Unique Layout I Brand New Building I Closed Kitchen,"119,990",Yearly,2,3,"1,300 sqft","SH Living 1, JVC District 14, Jumeirah Village Circle (JVC), Dubai",https://www.bayut.com/property/details-12964934.html
Spacious Size | Kitchen Appliances | Vacant,"65,000",Yearly,1,2,831 sqft,"Roxana Residence D, Roxana Residences, JVC District 12, Jumeirah Village Circle (JVC), Dubai",https://www.bayut.com/property/details-13597056.html
Unfurnished | Bright and Spacious | Well Maintained,"75,000",Yearly,1,2,767 sqft,"Binghatti Jasmine, JVC District 15, Jumeirah Village Circle (JVC), Dubai",https://www.bayut.com/property/details-13215190.html
12 cheques – maid room – pool view,"95,000",Yearly,2,4,"1,258 sqft","Summer 1 Block A, Summer, Seasons Community, JVC District 15, Jumeirah Village Circle (JVC), Dubai",https://www.bayut.com/property/details-13319950.html
Fully Upgraded 1 Bed I High-End Finishing I Pool View,"86,000",Yearly,1,2,800 sqft,"Binghatti Phoenix, JVC District 13, Jumeirah Village Circle (JVC), Dubai",https://www.bayut.com/property/details-13397381.html
High End Finishes 1 Bed + Maid I Premium Quality I Great Amenities,"74,999",Yearly,1,2,"1,000 sqft","Laya Residences, JVC District 10, Jumeirah Village Circle (JVC), Dubai",https://www.bayut.com/property/details-13311805.html
Luxurious unit I With great amenity I Prime spot,"90,000",Yearly,2,3,"1,128 sqft","Rose 10, JVC District 11, Jumeirah Village Circle (JVC), Dubai",https://www.bayut.com/property/details-13582189.html
Modern Touch 2BHK I High end Quality I Nice Layout,"99,000",Yearly,2,2,"1,147 sqft","Golden Dream Tower 1, JVC District 18, Jumeirah Village Circle (JVC), Dubai",https://www.bayut.com/property/details-12766382.html
Refined 2-Bed Apartment | Premium Finishes | Exceptional Comfort,"89,999",Yearly,2,3,"1,128 sqft","Rose 10, JVC District 11, Jumeirah Village Circle (JVC), Dubai",https://www.bayut.com/property/details-13580955.html
Upgraded 1Bed for Rent I Great Layout I Bright & Modern,"69,000",Yearly,1,2,837 sqft,"Imperial Tower, JVC District 17, Jumeirah Village Circle (JVC), Dubai",https://www.bayut.com/property/details-13392163.html
Spacious 2BR | Elegant Layout | Good Amenities| Premium Building,"99,999",Yearly,2,3,"1,335 sqft","Imperial Tower, JVC District 17, Jumeirah Village Circle (JVC), Dubai",https://www.bayut.com/property/details-13312682.html
Upgraded Layout 1BHK I Fitted Kitchen I Community View,"65,000",Yearly,1,2,726 sqft,"Xanadu Residence 2, JVC District 13, Jumeirah Village Circle (JVC), Dubai",https://www.bayut.com/property/details-12964668.html
I Large Size 2BHK Apartment I Cozy-Bright Layout I Ready To Move-In I,"99,999",Yearly,2,2,"1,239 sqft","Xanadu Residence 2, JVC District 13, Jumeirah Village Circle (JVC), Dubai",https://www.bayut.com/property/details-11914147.html
Luxury Apartments with Exceptional Design,"54,900",Yearly,,1,303 sqft,"Binghatti Tulip, JVC District 11, Jumeirah Village Circle (JVC), Dubai",https://www.bayut.com/property/details-13346617.html
"Binghatti Phantom, Jumeirah Village Circle, Dubai","109,990",Yearly,1,2,912 sqft,"Binghatti Phantom, JVC District 17, Jumeirah Village Circle (JVC), Dubai",https://www.bayut.com/property/details-13607419.html
"Binghatti Phantom, Jumeirah Village Circle,Dubai","109,999",Yearly,1,2,795 sqft,"Binghatti Phantom, JVC District 17, Jumeirah Village Circle (JVC), Dubai",https://www.bayut.com/property/details-13541774.html
"Binghatti Phantom, Jumeirah Village Circle. Dubai","109,990",Yearly,1,2,912 sqft,"Binghatti Phantom, JVC District 17, Jumeirah Village Circle (JVC), Dubai",https://www.bayut.com/property/details-13491323.html
"Binghatti Phantom, Jumeirah Village Circle, Dubai","102,999",Yearly,1,2,795 sqft,"Binghatti Phantom, JVC District 17, Jumeirah Village Circle (JVC), Dubai",https://www.bayut.com/property/details-13490495.html
Brand New | Best Layout | Multiple Options,"84,999",Yearly,1,2,800 sqft,"Binghatti Phoenix, JVC District 13, Jumeirah Village Circle (JVC), Dubai",https://www.bayut.com/property/details-13477581.html
AC Inclusive | 12 Cheques | Kitchen Equipped,"75,000",Yearly,1,2,"1,146 sqft","Al Yousuf Tower 1, Al Yousuf Towers, JVC District 12, Jumeirah Village Circle (JVC), Dubai",https://www.bayut.com/property/details-13493844.html
12 Cheques | Kitchen Equipped | AC Inclusive,"62,000",Yearly,1,2,750 sqft,"Al Yousuf Tower 2, Al Yousuf Towers, JVC District 12, Jumeirah Village Circle (JVC), Dubai",https://www.bayut.com/property/details-13478082.html
Spacious and Huge | AC Inclusive | 12 Cheques,"92,000",Yearly,2,3,"1,256 sqft","Al Yousuf Tower 2, Al Yousuf Towers, JVC District 12, Jumeirah Village Circle (JVC), Dubai",https://www.bayut.com/property/details-13477933.html
Spacious 1BR with Large Terrace | Equipped Kitchen | Upgraded Amenities | JVC,"75,000",Yearly,1,2,"1,690 sqft","Imperial Tower, JVC District 17, Jumeirah Village Circle (JVC), Dubai",https://www.bayut.com/property/details-13135877.html
Spacious 2BR with Balcony| Closed Kitchen,"97,000",Yearly,2,3,"1,335 sqft","Imperial Tower, JVC District 17, Jumeirah Village Circle (JVC), Dubai",https://www.bayut.com/property/details-9401369.html
Phantom by Binghatti: A Vision Beyond Luxury,"99,999",Yearly,1,2,911 sqft,"Binghatti Phantom, JVC District 17, Jumeirah Village Circle (JVC), Dubai",https://www.bayut.com/property/details-13609092.html
Phantom by Binghatti: A Vision Beyond Luxury,"105,000",Yearly,1,2,795 sqft,"Binghatti Phantom, JVC District 17, Jumeirah Village Circle (JVC), Dubai",https://www.bayut.com/property/details-13552425.html
Spacious 1BR | Elegant Living | Bright Unit | Good Amenities,"71,000",Yearly,1,2,805 sqft,"Imperial Tower, JVC District 17, Jumeirah Village Circle (JVC), Dubai",https://www.bayut.com/property/details-13472026.html
Pool Access - Spacious layout - With Appliances,"90,000",Yearly,1,2,"1,056 sqft","Westview Garden, JVC District 15, Jumeirah Village Circle (JVC), Dubai",https://www.bayut.com/property/details-13589404.html
Book Now -Pool View-1/2/3 BHK,"88,000",Yearly,1,2,890 sqft,"Westview Garden, JVC District 15, Jumeirah Village Circle (JVC), Dubai",https://www.bayut.com/property/details-13539018.html
Chiller W Dewa-Spacious Layout-Multiple Options,"130,000",Yearly,2,3,"1,470 sqft","Westview Garden, JVC District 15, Jumeirah Village Circle (JVC), Dubai",https://www.bayut.com/property/details-13539010.html
2BHK | Unfurnished | Vacant,"99,000",Yearly,2,2,"1,146 sqft","RMT Residence, JVC District 11, Jumeirah Village Circle (JVC), Dubai",https://www.bayut.com/property/details-13512208.html
Brand New - Pool View - Multiple Options,"88,000",Yearly,1,2,890 sqft,"Westview Garden, JVC District 15, Jumeirah Village Circle (JVC), Dubai",https://www.bayut.com/property/details-13539005.html
Spacious 2-Bedroom Apartment – Community & Park View,"135,000",Yearly,2,3,"1,481 sqft","Westview Garden, JVC District 15, Jumeirah Village Circle (JVC), Dubai",https://www.bayut.com/property/details-13194127.html
Luxury 1 Bedroom Apartment For Rent I Modern Layout I Contact Us Now,"65,000",Yearly,1,2,746 sqft,"Venus 1, JVC District 12, Jumeirah Village Circle (JVC), Dubai",https://www.bayut.com/property/details-13346670.html
2 B/R with 2 Balconies | High Floor | Brand New,"97,000",Yearly,2,3,"1,335 sqft","Imperial Tower, JVC District 17, Jumeirah Village Circle (JVC), Dubai",https://www.bayut.com/property/details-9427722.html
Brand New 1 B/R with Balcony,"73,000",Yearly,1,2,912 sqft,"Imperial Tower, JVC District 17, Jumeirah Village Circle (JVC), Dubai",https://www.bayut.com/property/details-9308340.html
Community View | Prime Location | Spacious Unit,"95,000",Yearly,1,2,947 sqft,"Belgravia Square, JVC District 14, Jumeirah Village Circle (JVC), Dubai",https://www.bayut.com/property/details-13149990.html
Community View | High End Quality | Prime Location,"90,000",Yearly,1,2,819 sqft,"Belgravia Square, JVC District 14, Jumeirah Village Circle (JVC), Dubai",https://www.bayut.com/property/details-12747509.html
Vacant & Ready to Move| Fully-Furnished,"119,900",Yearly,2,2,"1,142 sqft","Bloom Tower A, Bloom Towers, JVC District 10, Jumeirah Village Circle (JVC), Dubai",https://www.bayut.com/property/details-13552047.html
spacious 1 BR - Apartment I Great Finishing I Cozy & Bright Living,"65,000",Yearly,1,2,829 sqft,"Oxford Building, JVC District 14, Jumeirah Village Circle (JVC), Dubai",https://www.bayut.com/property/details-13589268.html
LUXURIOUS | MODERN 1BR IN REGINA RESIDENCES,"81,990",Yearly,1,2,805 sqft,"Regina Tower, JVC District 12, Jumeirah Village Circle (JVC), Dubai",https://www.bayut.com/property/details-13541959.html
1BR+Study | Community View | Prime Location,"85,000",Yearly,1,2,859 sqft,"Avanos Residence, JVC District 10, Jumeirah Village Circle (JVC), Dubai",https://www.bayut.com/property/details-13381372.html
Smart Home | Pool View | Spacious Layout,"85,000",Yearly,1,2,940 sqft,"La Riviera Azure, JVC District 10, Jumeirah Village Circle (JVC), Dubai",https://www.bayut.com/property/details-13202806.html
Brand New - Huge size - Chiller with Dewa,"90,000",Yearly,1,2,919 sqft,"Westview Garden, JVC District 15, Jumeirah Village Circle (JVC), Dubai",https://www.bayut.com/property/details-13169249.html
Brand New - Community View - Multiple Options,"88,000",Yearly,1,2,887 sqft,"Westview Garden, JVC District 15, Jumeirah Village Circle (JVC), Dubai",https://www.bayut.com/property/details-13580850.html
Brand New - Huge Terrace- Pool View,"95,000",Yearly,1,2,"1,097 sqft","Westview Garden, JVC District 15, Jumeirah Village Circle (JVC), Dubai",https://www.bayut.com/property/details-13547827.html
Brand New - Huge Size - Multiple options,"140,000",Yearly,2,3,"1,458 sqft","Westview Garden, JVC District 15, Jumeirah Village Circle (JVC), Dubai",https://www.bayut.com/property/details-13539021.html
Relaxing view | Modern 1BHK | With Balcony,"75,000",Yearly,1,2,744 sqft,"Bloom Heights 2, Bloom Heights, JVC District 15, Jumeirah Village Circle (JVC), Dubai",https://www.bayut.com/property/details-13527588.html
Smart Home Living | Modern Layout | Luxury Finishing,"99,999",Yearly,1,2,930 sqft,"Westwood Grande by Imtiaz, JVC District 18, Jumeirah Village Circle (JVC), Dubai",https://www.bayut.com/property/details-13580618.html
"Binghatti Emerald, Jumeirah Village Circle. Dubai","94,990",Yearly,1,2,656 sqft,"Binghatti Emerald, JVC District 15, Jumeirah Village Circle (JVC), Dubai",https://www.bayut.com/property/details-13519909.html
Park View| Well Maintained | Bright and Spacious,"75,000",Yearly,1,2,747 sqft,"Binghatti Jasmine, JVC District 15, Jumeirah Village Circle (JVC), Dubai",https://www.bayut.com/property/details-13495741.html
Brand new | 2 Bedroom | Close To Mall | Multiple Payments l 1 Month Free,"73,000",Yearly,2,2,771 sqft,"S. S. Lootah Residence, JVC District 11, Jumeirah Village Circle (JVC), Dubai",https://www.bayut.com/property/details-13034750.html
Fully Furnished | Brand New | 12 Cheques,"59,999",Yearly,,1,325 sqft,"Binghatti Gardenia, JVC District 11, Jumeirah Village Circle (JVC), Dubai",https://www.bayut.com/property/details-12591804.html
Fully Furnished | Flexible Cheques | Book Now,"75,000",Yearly,1,2,871 sqft,"Laya Residences, JVC District 10, Jumeirah Village Circle (JVC), Dubai",https://www.bayut.com/property/details-13479971.html
1bhk + Maid room I Vacant with kitchen appliances I Prime location,"75,000",Yearly,1,2,820 sqft,"Laya Mansion, JVC District 15, Jumeirah Village Circle (JVC), Dubai",https://www.bayut.com/property/details-13396795.html
Fully Upgraded Unit For Rent I Modern Living I Prime JVC Location,"75,000",Yearly,1,2,768 sqft,"Lucky 1 Residences, JVC District 13, Jumeirah Village Circle (JVC), Dubai",https://www.bayut.com/property/details-13429191.html
Unique Design | Elegant 2 Bed + Maid | High-End Finishing,"110,000",Yearly,2,3,"1,401 sqft","Lucky 1 Residences, JVC District 13, Jumeirah Village Circle (JVC), Dubai",https://www.bayut.com/property/details-12510579.html
Spacious unit with maids' room I High- quality finish I Easy Access,"74,999",Yearly,1,2,803 sqft,"Rigel Apartments, JVC District 10, Jumeirah Village Circle (JVC), Dubai",https://www.bayut.com/property/details-13581501.html
Stylish 1BR | Brand New | Private Pool I High Floor,"105,000",Yearly,1,2,807 sqft,"Binghatti Royale, JVC District 18, Jumeirah Village Circle (JVC), Dubai",https://www.bayut.com/property/details-13477567.html
Vacant | Spacious | Prime location,"90,000",Yearly,2,2,888 sqft,"Fortunato, JVC District 11, Jumeirah Village Circle (JVC), Dubai",https://www.bayut.com/property/details-13351973.html
1 B/R with Balcony | Pool & Gym | JVC,"69,000",Yearly,1,1,883 sqft,"Emerald Tower, JVC District 18, Jumeirah Village Circle (JVC), Dubai",https://www.bayut.com/property/details-4864285.html
1BR+ Maid Room | Near to JSS School | Chiller Free 100%,"75,000",Yearly,1,2,"1,217 sqft","Laya Residences, JVC District 10, Jumeirah Village Circle (JVC), Dubai",https://www.bayut.com/property/details-13610999.html
Semi Furnished | Spacious | Prime Location,"91,999",Yearly,2,3,"1,230 sqft","Fortunato, JVC District 11, Jumeirah Village Circle (JVC), Dubai",https://www.bayut.com/property/details-13225471.html
Semi Furnihsed/ Brand New/ Ready to Move,"84,999",Yearly,1,2,833 sqft,"Binghatti Phoenix, JVC District 13, Jumeirah Village Circle (JVC), Dubai",https://www.bayut.com/property/details-13608599.html
"Binghatti Phoenix, Jumeirah Village Circle, Dubai","89,990",Yearly,1,2,826 sqft,"Binghatti Phoenix, JVC District 13, Jumeirah Village Circle (JVC), Dubai",https://www.bayut.com/property/details-13470548.html
"Binghatti Phoenix, Jumeirah Village Circle. Dubai","69,990",Yearly,,1,445 sqft,"Binghatti Phoenix, JVC District 13, Jumeirah Village Circle (JVC), Dubai",https://www.bayut.com/property/details-13463508.html
"Binghatti Phoenix, Jumeirah Village Circle,Dubai","89,990",Yearly,1,2,798 sqft,"Binghatti Phoenix, JVC District 13, Jumeirah Village Circle (JVC), Dubai",https://www.bayut.com/property/details-13462900.html
Studio | Tennis/ Paddle Court View | Equipped Kitchen,"51,000",Yearly,,1,417 sqft,"La Vita Bella, JVC District 10, Jumeirah Village Circle (JVC), Dubai",https://www.bayut.com/property/details-9276955.html
Spacious Luxury Studio with Balcony & Premium Amenities,"54,000",Yearly,,1,468 sqft,"La Vita Bella, JVC District 10, Jumeirah Village Circle (JVC), Dubai",https://www.bayut.com/property/details-8916898.html
Private Pool 1 Bedroom | High Floor | Skyline View,"105,000",Yearly,1,2,807 sqft,"Binghatti Royale, JVC District 18, Jumeirah Village Circle (JVC), Dubai",https://www.bayut.com/property/details-13590833.html
1 Bedroom with Pool | High Floor | Open View - Ready to Move,"105,000",Yearly,1,2,807 sqft,"Binghatti Royale, JVC District 18, Jumeirah Village Circle (JVC), Dubai",https://www.bayut.com/property/details-13590820.html
1 Bedoom with Pool | High Floor | Skyline View,"105,000",Yearly,1,2,807 sqft,"Binghatti Royale, JVC District 18, Jumeirah Village Circle (JVC), Dubai",https://www.bayut.com/property/details-13590825.html
Furnished 1 Bedroom | High Floor | skyline View,"80,000",Yearly,1,2,638 sqft,"Binghatti Heights, JVC District 10, Jumeirah Village Circle (JVC), Dubai",https://www.bayut.com/property/details-13571937.html
Fully Furnished | Great Location | Call Now,"54,999",Yearly,,1,466 sqft,"Uniestate Prime Tower, JVC District 10, Jumeirah Village Circle (JVC), Dubai",https://www.bayut.com/property/details-12815945.html
Closed Kitchen | Modern Layout | Ready to Move,"75,000",Yearly,1,2,898 sqft,"Golden Dream Tower 1, JVC District 18, Jumeirah Village Circle (JVC), Dubai",https://www.bayut.com/property/details-13616114.html
Private Pool | 1BR + Study | High Floor,"114,999",Yearly,1,2,920 sqft,"Binghatti Royale, JVC District 18, Jumeirah Village Circle (JVC), Dubai",https://www.bayut.com/property/details-13591584.html
Semi Close Kitchen | Unfurnished | Best Deal,"69,999",Yearly,1,2,718 sqft,"Jeewar Apartments, JVC District 11, Jumeirah Village Circle (JVC), Dubai",https://www.bayut.com/property/details-13377778.html
Ready To Move | Kitchen Appliances | Spacious,"75,000",Yearly,1,2,897 sqft,"Golden Dream Tower 1, JVC District 18, Jumeirah Village Circle (JVC), Dubai",https://www.bayut.com/property/details-13294270.html
Brand New | Smart Home | Spacious Layout,"89,999",Yearly,1,2,926 sqft,"Binghatti Aurora, JVC District 12, Jumeirah Village Circle (JVC), Dubai",https://www.bayut.com/property/details-13573193.html
Brand New | High Floor | 1BR + Private Pool,"100,000",Yearly,1,2,795 sqft,"Binghatti Phantom, JVC District 17, Jumeirah Village Circle (JVC), Dubai",https://www.bayut.com/property/details-13397007.html
1 B/R with Terrace | Pool & Gym,"73,000",Yearly,1,2,915 sqft,"Al Naim Residence, JVC District 10, Jumeirah Village Circle (JVC), Dubai",https://www.bayut.com/property/details-10329143.html
2 BR Apartment with Balcony | JVC,"102,000",Yearly,2,3,"1,192 sqft","AAA Residence, JVC District 13, Jumeirah Village Circle (JVC), Dubai",https://www.bayut.com/property/details-9409375.html
1BR Apartment for Rent | Balcony & Pool | JVC,"77,000",Yearly,1,2,905 sqft,"AAA Residence, JVC District 13, Jumeirah Village Circle (JVC), Dubai",https://www.bayut.com/property/details-9398172.html
Brand New 1 B/R with Balcony| Pool & Gym,"65,000",Yearly,1,2,798 sqft,"AAA Residence, JVC District 13, Jumeirah Village Circle (JVC), Dubai",https://www.bayut.com/property/details-9359701.html
Brand New 1-BR | Fully Furnished | Luxury Living,"79,999",Yearly,1,2,821 sqft,"Tower 108, JVC District 18, Jumeirah Village Circle (JVC), Dubai",https://www.bayut.com/property/details-13530260.html
Premium Studio | Spacious | Semifurnished | Chiller Included,"56,000",Yearly,,1,586 sqft,"Sobo Apartments, JVC District 15, Jumeirah Village Circle (JVC), Dubai",https://www.bayut.com/property/details-13497277.html
4 Cheques | Pool Facing | Available Soon,"149,000",Yearly,2,2,"1,217 sqft","Belgravia 3B, Belgravia 3, JVC District 15, Jumeirah Village Circle (JVC), Dubai",https://www.bayut.com/property/details-13194800.html
Fully Furnished | Great Location | Call Now,"59,999",Yearly,,1,479 sqft,"Beverly Residence, JVC District 13, Jumeirah Village Circle (JVC), Dubai",https://www.bayut.com/property/details-13520633.html
"EXCLUSIVE MONTH-END SUPER SALE - LIMITED UNITS, REDUCED PRICES | ZERO MAINT FEES | Equipped Kitchen","65,000",Yearly,1,2,837 sqft,"Imperial Tower, JVC District 17, Jumeirah Village Circle (JVC), Dubai",https://www.bayut.com/property/details-10522032.html
Brand New | Park View | Multiple Options,"134,999",Yearly,2,3,"1,138 sqft","Binghatti Phoenix, JVC District 13, Jumeirah Village Circle (JVC), Dubai",https://www.bayut.com/property/details-13560568.html
Spacious Unit | Huge Layout | Prime Location,"73,000",Yearly,1,2,897 sqft,"Golden Dream Tower 1, JVC District 18, Jumeirah Village Circle (JVC), Dubai",https://www.bayut.com/property/details-13418978.html
Chiller free | Near circle Mall | Unfurnished,"65,000",Yearly,1,1,731 sqft,"Diamond Views III, JVC District 11, Jumeirah Village Circle (JVC), Dubai",https://www.bayut.com/property/details-13537590.html
Brand New | Smart Home | Multiple Options,"59,999",Yearly,,2,428 sqft,"Binghatti Phoenix, JVC District 13, Jumeirah Village Circle (JVC), Dubai",https://www.bayut.com/property/details-13526195.html
Duplex I Large & bright unit I Prime spot,"139,999",Yearly,2,3,"1,917 sqft","Fortunato, JVC District 11, Jumeirah Village Circle (JVC), Dubai",https://www.bayut.com/property/details-13365997.html
Luxury furnished | amazing layout | Call Now,"60,000",Yearly,,1,479 sqft,"Serenity Lakes 5, JVC District 10, Jumeirah Village Circle (JVC), Dubai",https://www.bayut.com/property/details-13601489.html
Fully Furnished | Ready To Move | Spacious,"53,999",Yearly,,1,433 sqft,"Laya Mansion, JVC District 15, Jumeirah Village Circle (JVC), Dubai",https://www.bayut.com/property/details-13601814.html
Spacious unit I Vacant now I Prime location,"70,000",Yearly,1,2,798 sqft,"AAA Residence, JVC District 13, Jumeirah Village Circle (JVC), Dubai",https://www.bayut.com/property/details-12972831.html
Spacious & Big Size 2Bed with Amazing View | Book Today,"125,000",Yearly,2,3,"1,481 sqft","Reef Residence, JVC District 13, Jumeirah Village Circle (JVC), Dubai",https://www.bayut.com/property/details-13609060.html
Prime Location | Close To Circle Mall | Spacious,"65,000",Yearly,1,2,875 sqft,"Pulse Smart Residence, JVC District 11, Jumeirah Village Circle (JVC), Dubai",https://www.bayut.com/property/details-13278333.html
NO COMMISSION | LIMITED UNITS LEFT | MANAGED,"75,000",Yearly,1,1,724 sqft,"The Vybe, JVC District 16, Jumeirah Village Circle (JVC), Dubai",https://www.bayut.com/property/details-13535297.html
LIMITED UNITS LEFT | MANAGED | NO COMMISSION,"79,000",Yearly,1,1,703 sqft,"The Vybe, JVC District 16, Jumeirah Village Circle (JVC), Dubai",https://www.bayut.com/property/details-13436401.html
LIMITED UNITS LEFT | MANAGED | NO COMMISSION,"79,000",Yearly,1,1,724 sqft,"The Vybe, JVC District 16, Jumeirah Village Circle (JVC), Dubai",https://www.bayut.com/property/details-13435997.html
"Binghatti Corner, Jumeirah Village Circle (JVC)","89,900",Yearly,1,1,697 sqft,"Binghatti Corner, JVC District 10, Jumeirah Village Circle (JVC), Dubai",https://www.bayut.com/property/details-13518275.html
1BHK + Study | Ground Floor | Spacious Unit,"75,000",Yearly,1,2,"1,217 sqft","Laya Residences, JVC District 10, Jumeirah Village Circle (JVC), Dubai",https://www.bayut.com/property/details-13609254.html
Community View | Specious | Grt Layout,"69,950",Yearly,1,2,818 sqft,"Fortunato, JVC District 11, Jumeirah Village Circle (JVC), Dubai",https://www.bayut.com/property/details-13608413.html
Fitted Kitchen | Prime Location | Community View,"129,999",Yearly,2,2,"1,202 sqft","Binghatti Phoenix, JVC District 13, Jumeirah Village Circle (JVC), Dubai",https://www.bayut.com/property/details-13354262.html
Fully Furnished | Ready to Move | Bills Included,"65,000",Yearly,,1,482 sqft,"Maple 1, Emirates Gardens 2, JVC District 14, Jumeirah Village Circle (JVC), Dubai",https://www.bayut.com/property/details-13547406.html
Fully Furnished I Spacious Unit | Community View,"70,000",Yearly,1,2,682 sqft,"La Riviera Estate A, La Riviera Estates, JVC District 10, Jumeirah Village Circle (JVC), Dubai",https://www.bayut.com/property/details-13519130.html
Bright & Spacious unit I High floor I Pool view and sports city view,"74,999",Yearly,1,2,798 sqft,"Reef Residence, JVC District 13, Jumeirah Village Circle (JVC), Dubai",https://www.bayut.com/property/details-13421058.html
Fully Furnished | Spacious | Prime Location,"100,000",Yearly,2,3,"1,128 sqft","DAMAC Ghalia, JVC District 18, Jumeirah Village Circle (JVC), Dubai",https://www.bayut.com/property/details-13453940.html
3bhk Unfurnished | Huge Layout | Community View,"139,999",Yearly,3,3,"1,358 sqft","Binghatti Heights, JVC District 10, Jumeirah Village Circle (JVC), Dubai",https://www.bayut.com/property/details-12687625.html
Fully Furnished | Vacating Soon | Spacious,"61,999",Yearly,,1,481 sqft,"Belgravia Square, JVC District 14, Jumeirah Village Circle (JVC), Dubai",https://www.bayut.com/property/details-13517613.html
Furnished Studio | 350 sq ft | Spacious,"52,000",Yearly,,1,349 sqft,"AKA Residence, JVC District 11, Jumeirah Village Circle (JVC), Dubai",https://www.bayut.com/property/details-13596580.html
Huge Layout | Well Maintained | JVC | Book Now,"65,000",Yearly,1,2,"1,016 sqft","Siena 1, Siena, Tuscan Residence, JVC District 10, Jumeirah Village Circle (JVC), Dubai",https://www.bayut.com/property/details-13405747.html
Brand New Building I Bright & Luxury Layout I Prime Location,"78,000",Yearly,1,2,"1,060 sqft","Serenity Lakes 5, JVC District 10, Jumeirah Village Circle (JVC), Dubai",https://www.bayut.com/property/details-13480678.html
Fully Furnished 1BR | Bright Layout | Upgraded Unit | Luxurious Living,"85,000",Yearly,1,2,873 sqft,"Eleganz by Danube, JVC District 14, Jumeirah Village Circle (JVC), Dubai",https://www.bayut.com/property/details-13494530.html
Fully Furnished | Prime Location | Call Now,"109,900",Yearly,1,2,786 sqft,"Pearl House 2, JVC District 12, Jumeirah Village Circle (JVC), Dubai",https://www.bayut.com/property/details-13466320.html
6000 Monthly with Bills | Near to Circle Mall | Studio JVC,"55,000",Yearly,,1,401 sqft,"Casa Grande, JVC District 11, Jumeirah Village Circle (JVC), Dubai",https://www.bayut.com/property/details-13592935.html
Exclusive | Pool & Park View | Fitted Kitchen |,"89,999",Yearly,1,2,865 sqft,"Hadley Heights, JVC District 11, Jumeirah Village Circle (JVC), Dubai",https://www.bayut.com/property/details-13354909.html
Furnished 1 BHK| Pool View| Ready to Move In,"99,999",Yearly,1,2,930 sqft,"Westwood Grande by Imtiaz, JVC District 18, Jumeirah Village Circle (JVC), Dubai",https://www.bayut.com/property/details-12545501.html
BRAND NEW-SPACIOUS-FITTED KITCHEN,"85,000",Yearly,1,2,799 sqft,"Binghatti Phoenix, JVC District 13, Jumeirah Village Circle (JVC), Dubai",https://www.bayut.com/property/details-13430685.html
Available | Balcony | Low Floor | Furnished,"80,000",Yearly,1,2,651 sqft,"Catch Residences, JVC District 12, Jumeirah Village Circle (JVC), Dubai",https://www.bayut.com/property/details-12381628.html
Studio for rent \ Fully Furnished \ 5500 Monthly,"50,000",Yearly,,1,425 sqft,"Roxana Residence D, Roxana Residences, JVC District 12, Jumeirah Village Circle (JVC), Dubai",https://www.bayut.com/property/details-12175816.html
Brand new upgraded|Specious 1 Bed I Flexible Payment Plan I Ready to move,"67,999",Yearly,1,2,997 sqft,"Magnolia 2, Emirates Gardens 2, JVC District 14, Jumeirah Village Circle (JVC), Dubai",https://www.bayut.com/property/details-13542420.html
Fully Furnished | Spacious | Prime Location,"95,000",Yearly,2,3,"1,128 sqft","DAMAC Ghalia, JVC District 18, Jumeirah Village Circle (JVC), Dubai",https://www.bayut.com/property/details-12858354.html
Brand New | Ready To Move | Spacious Layout,"115,000",Yearly,2,3,"1,124 sqft","La Residenza, JVC District 10, Jumeirah Village Circle (JVC), Dubai",https://www.bayut.com/property/details-13226618.html
1BHK Duplex | Unique Layout | Specious,"79,990",Yearly,1,2,"1,135 sqft","Fortunato, JVC District 11, Jumeirah Village Circle (JVC), Dubai",https://www.bayut.com/property/details-12421156.html
Prime Location | Ready to Move In | Inquire,"62,000",Yearly,1,2,612 sqft,"Binghatti Mirage, JVC District 10, Jumeirah Village Circle (JVC), Dubai",https://www.bayut.com/property/details-12975082.html
Brand New Building l 2 Bedroom l Close to Circle mal,"73,000",Yearly,2,2,770 sqft,"S. S. Lootah Residence, JVC District 11, Jumeirah Village Circle (JVC), Dubai",https://www.bayut.com/property/details-13565206.html
Community View | Premium Quality | Spacious Unit,"89,999",Yearly,2,2,960 sqft,"Binghatti Rose, JVC District 15, Jumeirah Village Circle (JVC), Dubai",https://www.bayut.com/property/details-13593968.html
Full Park View | Private Jacuzzi | Move-In Now,"120,000",Yearly,1,2,924 sqft,"Binghatti Royale, JVC District 18, Jumeirah Village Circle (JVC), Dubai",https://www.bayut.com/property/details-13446931.html
Unfurnished 2Bhk| Prime Location| Road view,"90,000",Yearly,2,2,961 sqft,"Binghatti Rose, JVC District 15, Jumeirah Village Circle (JVC), Dubai",https://www.bayut.com/property/details-13572892.html
Spacious Unit | Huge Layout | Prime Location,"49,999",Yearly,,1,466 sqft,"Golden Dream Tower 1, JVC District 18, Jumeirah Village Circle (JVC), Dubai",https://www.bayut.com/property/details-13313561.html
Brand New | Fully Furnished | Spacious Size,"60,000",Yearly,,1,416 sqft,"Pantheon Elysee III, JVC District 15, Jumeirah Village Circle (JVC), Dubai",https://www.bayut.com/property/details-13299401.html
Closed Kitchen | Brand New | Street View,"99,990",Yearly,2,3,"1,334 sqft","Imperial Tower, JVC District 17, Jumeirah Village Circle (JVC), Dubai",https://www.bayut.com/property/details-13214409.html
Spacious Layout | kitchen appliances| Brand new,"79,990",Yearly,1,2,"1,689 sqft","Imperial Tower, JVC District 17, Jumeirah Village Circle (JVC), Dubai",https://www.bayut.com/property/details-12840238.html
High-End Furnished Studio I Designer Interiors I Book Now,"58,000",Yearly,,1,356 sqft,"Bloom Tower B, Bloom Towers, JVC District 10, Jumeirah Village Circle (JVC), Dubai",https://www.bayut.com/property/details-13327921.html
Affordable & Elegant Studio For Rent| Ready to Move | Good Location,"45,000",Yearly,,1,470 sqft,"May Residence Tower 2, May Residence, JVC District 10, Jumeirah Village Circle (JVC), Dubai",https://www.bayut.com/property/details-13316923.html
Vacant Boulevard View | Spacious 1BR with Balcony,"80,000",Yearly,1,2,726 sqft,"Binghatti Crescent, JVC District 11, Jumeirah Village Circle (JVC), Dubai",https://www.bayut.com/property/details-13274571.html
"Live Royal, Live Elegant | Private Jacuzzi | Brand New","199,999",Yearly,2,3,"1,622 sqft","Binghatti Royale, JVC District 18, Jumeirah Village Circle (JVC), Dubai",https://www.bayut.com/property/details-13433070.html
First Tenant | Corner Unit | Lower Floor,"130,000",Yearly,2,2,"1,202 sqft","Binghatti Phoenix, JVC District 13, Jumeirah Village Circle (JVC), Dubai",https://www.bayut.com/property/details-13314840.html
Modern Furnished | Vacant | Spacious,"70,000",Yearly,1,2,572 sqft,"Summer 2 Block A, Summer, Seasons Community, JVC District 15, Jumeirah Village Circle (JVC), Dubai",https://www.bayut.com/property/details-13392500.html
Huge Layout | Ready to Move | Study Room,"85,000",Yearly,1,2,958 sqft,"Rigel Apartments, JVC District 10, Jumeirah Village Circle (JVC), Dubai",https://www.bayut.com/property/details-13429492.html
Brand New | Pool View | Storage Room,"115,000",Yearly,1,2,924 sqft,"Binghatti Royale, JVC District 18, Jumeirah Village Circle (JVC), Dubai",https://www.bayut.com/property/details-13378166.html
Luxury Furnished 1BHK | Brand New | Close to Mall,"99,999",Yearly,1,2,769 sqft,"Pearl House 2, JVC District 12, Jumeirah Village Circle (JVC), Dubai",https://www.bayut.com/property/details-13573063.html
1bhk+Study _Ready to move _Front of circle mall,"100,000",Yearly,1,2,822 sqft,"H Three By Aurora, JVC District 11, Jumeirah Village Circle (JVC), Dubai",https://www.bayut.com/property/details-13548394.html
Brand New | Pool View | Smart Home,"84,999",Yearly,1,2,833 sqft,"Binghatti Phoenix, JVC District 13, Jumeirah Village Circle (JVC), Dubai",https://www.bayut.com/property/details-13390759.html
Brand New | Smart Home | Kitchen Appliances,"59,999",Yearly,,1,409 sqft,"Binghatti Phoenix, JVC District 13, Jumeirah Village Circle (JVC), Dubai",https://www.bayut.com/property/details-13381060.html
Huge Layout | Vacant | Prime Location,"55,000",Yearly,,1,488 sqft,"The Square Tower, JVC District 13, Jumeirah Village Circle (JVC), Dubai",https://www.bayut.com/property/details-13421313.html
Prime Location | Ready to move | View Now,"65,000",Yearly,1,2,677 sqft,"Empire Residence, JVC District 17, Jumeirah Village Circle (JVC), Dubai",https://www.bayut.com/property/details-13362861.html
Fully Furnished | Great Location | Near jss scl,"70,000",Yearly,1,2,871 sqft,"Laya Residences, JVC District 10, Jumeirah Village Circle (JVC), Dubai",https://www.bayut.com/property/details-13305629.html
Fitted Kitchen| Huge Layout | Laundry area Close kitchen,"122,000",Yearly,2,3,"1,300 sqft","SH Living 1, JVC District 14, Jumeirah Village Circle (JVC), Dubai",https://www.bayut.com/property/details-12825388.html
Bright 1 BR | High-end Finishing I Elegant Layout I Big Terrace,"75,000",Yearly,1,2,904 sqft,"AAA Residence, JVC District 13, Jumeirah Village Circle (JVC), Dubai",https://www.bayut.com/property/details-13369551.html
Single Row - 3 BR with Maid room ! Upgraded ! Ready to Move,"180,000",Yearly,3,4,"2,584 sqft","Nakheel Townhouse, JVC District 12, Jumeirah Village Circle (JVC), Dubai",https://www.bayut.com/property/details-13262780.html
1 bed | best ammenities | spacious,"84,999",Yearly,1,2,756 sqft,"Binghatti Aurora, JVC District 12, Jumeirah Village Circle (JVC), Dubai",https://www.bayut.com/property/details-13528523.html
1 BHK + Study | Unfurnished Unit| Ready to move in,"79,999",Yearly,1,2,854 sqft,"Rigel Apartments, JVC District 10, Jumeirah Village Circle (JVC), Dubai",https://www.bayut.com/property/details-13152940.html
12 cheques | Fully Furnished | Bill Included,"90,000",Yearly,1,2,659 sqft,"Binghatti Rose, JVC District 15, Jumeirah Village Circle (JVC), Dubai",https://www.bayut.com/property/details-13571738.html
Studio Apartment | with best ammenities | Road view,"50,000",Yearly,,1,338 sqft,"Binghatti Azure, JVC District 16, Jumeirah Village Circle (JVC), Dubai",https://www.bayut.com/property/details-13546317.html
1 bhk Apartment | with best ammenities | Road view,"94,999",Yearly,1,2,781 sqft,"Binghatti Aurora, JVC District 12, Jumeirah Village Circle (JVC), Dubai",https://www.bayut.com/property/details-13547489.html
Bright Huge Studio | Renovated | Easy 12 Cheques,"75,000",Yearly,,1,848 sqft,"Arezzo 2, Arezzo, Tuscan Residence, JVC District 10, Jumeirah Village Circle (JVC), Dubai",https://www.bayut.com/property/details-13541295.html
Pool View | Fully Furnished | Prime Location,"55,000",Yearly,,1,443 sqft,"DAMAC Ghalia, JVC District 18, Jumeirah Village Circle (JVC), Dubai",https://www.bayut.com/property/details-12927576.html
Fully Furnished | Premium Quality | Prime Location,"100,000",Yearly,1,2,930 sqft,"Westwood Grande by Imtiaz, JVC District 18, Jumeirah Village Circle (JVC), Dubai",https://www.bayut.com/property/details-13539377.html
Furnished studio| Prime Location| Ready to Move In,"48,000",Yearly,,1,327 sqft,"Kensington Manor, JVC District 13, Jumeirah Village Circle (JVC), Dubai",https://www.bayut.com/property/details-13100713.html
Fully Furnished I 12 Cheques I 6000 Monthly with Bills,"50,000",Yearly,,1,396 sqft,"Milano by Giovanni Boutique Suites, JVC District 17, Jumeirah Village Circle (JVC), Dubai",https://www.bayut.com/property/details-11140157.html
Huge Layout | High Floor | Best Price,"87,000",Yearly,1,2,925 sqft,"Hameni Residence, JVC District 15, Jumeirah Village Circle (JVC), Dubai",https://www.bayut.com/property/details-12621372.html
Park View | Brand New | Higher Floor,"65,000",Yearly,,1,480 sqft,"Pantheon Elysee III, JVC District 15, Jumeirah Village Circle (JVC), Dubai",https://www.bayut.com/property/details-11795629.html
Fully Furnished | Great Finishing | Best Amenities,"61,000",Yearly,,1,416 sqft,"Pantheon Elysee III, JVC District 15, Jumeirah Village Circle (JVC), Dubai",https://www.bayut.com/property/details-13327997.html
LUXURY MODERN 1 BEDROOM / CLOSE KITCHEN/ WITH BALCONY/ READY TO MOVE,"80,000",Yearly,1,1,813 sqft,"SH Living 1, JVC District 14, Jumeirah Village Circle (JVC), Dubai",https://www.bayut.com/property/details-13521170.html
Community View | High End Quality | Prime Location,"69,999",Yearly,1,2,617 sqft,"Binghatti Luna, JVC District 12, Jumeirah Village Circle (JVC), Dubai",https://www.bayut.com/property/details-13516302.html
Super Spacious - Pets Allowed - Chiller with DEWA,"80,000",Yearly,1,2,"1,060 sqft","Serenity Lakes 5, JVC District 10, Jumeirah Village Circle (JVC), Dubai",https://www.bayut.com/property/details-13471969.html
"Stylish 1 BHK for Rent | Oxford Building, JVC | Prime Location | AED 70K","65,000",Yearly,1,2,821 sqft,"Oxford Building, JVC District 14, Jumeirah Village Circle (JVC), Dubai",https://www.bayut.com/property/details-12563131.html
Ready to Move In | BRAND NEW | PREMIUM FINISHING,"73,999",Yearly,1,1,715 sqft,"The Vybe, JVC District 16, Jumeirah Village Circle (JVC), Dubai",https://www.bayut.com/property/details-11994351.html
Ready to Move | Pool View | Book Now,"80,000",Yearly,1,2,734 sqft,"Signature Livings North, Signature Livings, JVC District 10, Jumeirah Village Circle (JVC), Dubai",https://www.bayut.com/property/details-13390068.html
Luxury Studio | Vacant Now | Modern,"68,000",Yearly,,1,505 sqft,"Oakley Square Residence, JVC District 11, Jumeirah Village Circle (JVC), Dubai",https://www.bayut.com/property/details-13522046.html
Specious Modern | 1 BR with Balcony | Vacant,"70,000",Yearly,1,2,696 sqft,"Binghatti Corner, JVC District 10, Jumeirah Village Circle (JVC), Dubai",https://www.bayut.com/property/details-13061933.html
WIHT MAIDROOM l KITCHEN APPLINCES l PRIME LOCATION,"80,000",Yearly,1,2,859 sqft,"Avanos Residence, JVC District 10, Jumeirah Village Circle (JVC), Dubai",https://www.bayut.com/property/details-13484004.html
Furnished | Ready to move in | 4 Cheques Available,"85,000",Yearly,1,1,946 sqft,"Oxford Residence, JVC District 13, Jumeirah Village Circle (JVC), Dubai",https://www.bayut.com/property/details-10882701.html
Furnished Studio | High Floor | Ready to Move In,"55,000",Yearly,,1,556 sqft,"Oxford Residence, JVC District 13, Jumeirah Village Circle (JVC), Dubai",https://www.bayut.com/property/details-13339460.html
Fully Furnished beautiful Ready to Move In | 2 BR | Harrington House for rent,"110,000",Yearly,2,2,998 sqft,"Harrington House, JVC District 14, Jumeirah Village Circle (JVC), Dubai",https://www.bayut.com/property/details-6550406.html
Prime Location ! Corner Unit - Converted ! Landscape Garden,"115,000",Yearly,1,2,"1,938 sqft","Nakheel Townhouse, JVC District 12, Jumeirah Village Circle (JVC), Dubai",https://www.bayut.com/property/details-12755229.html
New Building | Fully fitted kitchens,"69,000",Yearly,1,2,836 sqft,"Imperial Tower, JVC District 17, Jumeirah Village Circle (JVC), Dubai",https://www.bayut.com/property/details-13513348.html
Closed Kitchen | Brand New | Fitted Kitchen,"99,000",Yearly,2,3,"1,335 sqft","Imperial Tower, JVC District 17, Jumeirah Village Circle (JVC), Dubai",https://www.bayut.com/property/details-13508729.html
Luxury | Marina View | Spacious,"49,999",Yearly,,1,409 sqft,"Bloom Tower C, Bloom Towers, JVC District 10, Jumeirah Village Circle (JVC), Dubai",https://www.bayut.com/property/details-13345963.html
Spacious and Bright Apt | Ready to move in,"73,000",Yearly,1,2,"1,255 sqft","Fortunato, JVC District 11, Jumeirah Village Circle (JVC), Dubai",https://www.bayut.com/property/details-5232574.html
1 bhk + Study | Smart home |Front street Facing,"109,999",Yearly,1,2,787 sqft,"Pearl House 2, JVC District 12, Jumeirah Village Circle (JVC), Dubai",https://www.bayut.com/property/details-13450588.html
Spacious 2BR | Community View | Prime Location,"110,000",Yearly,2,2,962 sqft,"Binghatti Rose, JVC District 15, Jumeirah Village Circle (JVC), Dubai",https://www.bayut.com/property/details-13528107.html
Unfurnished 1 bhk| Bright Lay out | Prime Location,"62,999",Yearly,1,2,661 sqft,"Binghatti Rose, JVC District 15, Jumeirah Village Circle (JVC), Dubai",https://www.bayut.com/property/details-13229141.html
Prime Location | Fitted Kitchen | View Now,"120,000",Yearly,2,2,"1,227 sqft","SH Living 1, JVC District 14, Jumeirah Village Circle (JVC), Dubai",https://www.bayut.com/property/details-13501852.html
Luxury Furnished | Great Amenities | 12 Cheques,"70,000",Yearly,,1,426 sqft,"Pearl House 2, JVC District 12, Jumeirah Village Circle (JVC), Dubai",https://www.bayut.com/property/details-13515813.html
Fully Furnish | Premium Quality | Available 20 Dec,"62,000",Yearly,,1,463 sqft,"Beverly Residence, JVC District 13, Jumeirah Village Circle (JVC), Dubai",https://www.bayut.com/property/details-13465835.html
Huge Layout | Furnished | Unfurnished | Dishwasher,"72,000",Yearly,1,2,827 sqft,"Cappadocia, JVC District 13, Jumeirah Village Circle (JVC), Dubai",https://www.bayut.com/property/details-13074009.html
Unfurnished | Private Pool | 6 cheques,"110,000",Yearly,1,2,795 sqft,"Binghatti Phantom, JVC District 17, Jumeirah Village Circle (JVC), Dubai",https://www.bayut.com/property/details-13458983.html
Unfurnished Spacious 1BR | Open View with Balcony,"65,000",Yearly,1,2,711 sqft,"Jeewar Apartments, JVC District 11, Jumeirah Village Circle (JVC), Dubai",https://www.bayut.com/property/details-13503769.html
Brand New Apartment | Prime Location | High Floor | Private Pool,"100,000",Yearly,1,2,911 sqft,"Binghatti Phantom, JVC District 17, Jumeirah Village Circle (JVC), Dubai",https://www.bayut.com/property/details-13419887.html
Fitted Kitchen | High Floor | Community View,"84,999",Yearly,1,2,755 sqft,"Binghatti Aurora, JVC District 12, Jumeirah Village Circle (JVC), Dubai",https://www.bayut.com/property/details-13474263.html
VACANT | 1 BEDROOM UNFURNISHED | PRIME LOCATION,"75,000",Yearly,1,2,798 sqft,"Reef Residence, JVC District 13, Jumeirah Village Circle (JVC), Dubai",https://www.bayut.com/property/details-13461961.html
Brand New | Multiple Cheques | Next to Exit,"105,000",Yearly,1,2,796 sqft,"Binghatti Phantom, JVC District 17, Jumeirah Village Circle (JVC), Dubai",https://www.bayut.com/property/details-13316094.html
Brand New | Premium Quality | Prime Location,"55,000",Yearly,,1,384 sqft,"Binghatti Aurora, JVC District 12, Jumeirah Village Circle (JVC), Dubai",https://www.bayut.com/property/details-13497307.html
Royal Suite | Private Pool | Brand New,"99,900",Yearly,1,2,795 sqft,"Binghatti Phantom, JVC District 17, Jumeirah Village Circle (JVC), Dubai",https://www.bayut.com/property/details-13204738.html
High Rise 1-Bed Apartment I Furnished Unit I Prime JVC Location,"81,999",Yearly,1,1,754 sqft,"Bloom Tower C, Bloom Towers, JVC District 10, Jumeirah Village Circle (JVC), Dubai",https://www.bayut.com/property/details-13310961.html
Fully Fitted Kitchen | Spacious Layout | Vacant,"75,000",Yearly,1,1,714 sqft,"SH Living 1, JVC District 14, Jumeirah Village Circle (JVC), Dubai",https://www.bayut.com/property/details-13240777.html
Fully Furnished | Brand New | Ready To Move,"125,000",Yearly,2,3,"1,077 sqft","Binghatti Venus, JVC District 13, Jumeirah Village Circle (JVC), Dubai",https://www.bayut.com/property/details-13210349.html
Fully Furnished | Huge Layout | Vacant,"84,999",Yearly,1,2,"1,093 sqft","Xanadu Residence 2, JVC District 13, Jumeirah Village Circle (JVC), Dubai",https://www.bayut.com/property/details-13393588.html
Luxury 2BHK | Fully Furnished | Ready to Movein,"129,999",Yearly,2,3,"1,240 sqft","Binghatti Heights, JVC District 10, Jumeirah Village Circle (JVC), Dubai",https://www.bayut.com/property/details-13474399.html
Vacant | Furnished | Premium Quality,"105,000",Yearly,1,1,791 sqft,"Oxford 212, JVC District 10, Jumeirah Village Circle (JVC), Dubai",https://www.bayut.com/property/details-10013694.html
Exclusive ! Pool n Garden View ! Vacant ! Balcony,"66,000",Yearly,1,2,747 sqft,"La Riviera Estate A, La Riviera Estates, JVC District 10, Jumeirah Village Circle (JVC), Dubai",https://www.bayut.com/property/details-13406649.html
Pool View | Unfurnished 2 bhk with Private Pool,"150,000",Yearly,2,3,"1,484 sqft","Binghatti Azure, JVC District 16, Jumeirah Village Circle (JVC), Dubai",https://www.bayut.com/property/details-13339863.html
Road View | Huge Layout | Spacious Unit,"66,000",Yearly,1,2,717 sqft,"Aurion Residence, JVC District 10, Jumeirah Village Circle (JVC), Dubai",https://www.bayut.com/property/details-13443392.html
Modern Apartment for Rent | Reef Residence – Al Barsha South,"75,000",Yearly,1,2,798 sqft,"Reef Residence, JVC District 13, Jumeirah Village Circle (JVC), Dubai",https://www.bayut.com/property/details-13404721.html
1BR+Store | Community View | Spacious Unit,"74,990",Yearly,1,2,974 sqft,"Al Naim Residence, JVC District 10, Jumeirah Village Circle (JVC), Dubai",https://www.bayut.com/property/details-13466904.html
1BR+Store | Prime Location | Community View,"72,990",Yearly,1,2,984 sqft,"Al Naim Residence, JVC District 10, Jumeirah Village Circle (JVC), Dubai",https://www.bayut.com/property/details-13466769.html
1 BHK | Brand New | Private Pool,"99,999",Yearly,1,2,922 sqft,"Binghatti Royale, JVC District 18, Jumeirah Village Circle (JVC), Dubai",https://www.bayut.com/property/details-13396584.html
Coomunity View | Spacious Unit | Call Now,"95,000",Yearly,1,2,840 sqft,"Westwood Grande 2 by Imtiaz, JVC District 18, Jumeirah Village Circle (JVC), Dubai",https://www.bayut.com/property/details-12402491.html
Elegant Living| Modern Type| Ready to Move In,"105,000",Yearly,1,2,944 sqft,"Westwood Grande 2 by Imtiaz, JVC District 18, Jumeirah Village Circle (JVC), Dubai",https://www.bayut.com/property/details-12613123.html
Marina View | Brand New | Higher Floor,"105,000",Yearly,1,2,901 sqft,"Westwood Grande by Imtiaz, JVC District 18, Jumeirah Village Circle (JVC), Dubai",https://www.bayut.com/property/details-11229596.html
Exclusive ! Vacant - Fully Furnished ! Bright n Spacious,"85,000",Yearly,1,2,982 sqft,"La Riviera Azure, JVC District 10, Jumeirah Village Circle (JVC), Dubai",https://www.bayut.com/property/details-13458353.html
Unfurnished 1 Bhk| Marina View| Ready to Move In,"68,999",Yearly,1,2,620 sqft,"Binghatti Heights, JVC District 10, Jumeirah Village Circle (JVC), Dubai",https://www.bayut.com/property/details-12806538.html
Fully Fitted Kitchen | Open View | Flexible Cheques,"129,999",Yearly,2,2,"1,366 sqft","Binghatti Onyx, JVC District 15, Jumeirah Village Circle (JVC), Dubai",https://www.bayut.com/property/details-11465751.html
Fully Furnished | Great Finishing | Best Amenities,"62,999",Yearly,,1,406 sqft,"Pearl House by Imtiaz, JVC District 13, Jumeirah Village Circle (JVC), Dubai",https://www.bayut.com/property/details-12382828.html
2 BEDROOM PLUS STUDY IN 2 CHEQUES,"124,999",Yearly,2,3,"1,320 sqft","Avanos Residence, JVC District 10, Jumeirah Village Circle (JVC), Dubai",https://www.bayut.com/property/details-13366831.html
Large Layout | Bright and Brand New Unit,"90,000",Yearly,1,2,"1,059 sqft","Serenity Lakes 5, JVC District 10, Jumeirah Village Circle (JVC), Dubai",https://www.bayut.com/property/details-13317658.html
Amazing Pool View | Huge Layout | Bright Unit,"90,000",Yearly,1,2,"1,295 sqft","Serenity Lakes 5, JVC District 10, Jumeirah Village Circle (JVC), Dubai",https://www.bayut.com/property/details-13149536.html
Brand New Studio | Huge Layout | Unfurnished,"65,000",Yearly,,1,445 sqft,"Binghatti Phoenix, JVC District 13, Jumeirah Village Circle (JVC), Dubai",https://www.bayut.com/property/details-13392385.html
Spacious 1-Bed For Rent I Fully Furnished I Prime Location,"70,000",Yearly,1,2,932 sqft,"Plaza Residences Block A, Plaza Residences, JVC District 13, Jumeirah Village Circle (JVC), Dubai",https://www.bayut.com/property/details-13374970.html
Fully Furnished | Great Finishing | Best Amenities,"70,000",Yearly,1,2,974 sqft,"Maple 1, Emirates Gardens 2, JVC District 14, Jumeirah Village Circle (JVC), Dubai",https://www.bayut.com/property/details-13101812.html
Desirable Area | Vacant Apt with Balcony,"85,000",Yearly,1,1,950 sqft,"Al Manal Elite, JVC District 13, Jumeirah Village Circle (JVC), Dubai",https://www.bayut.com/property/details-13353979.html
Brand New | Park View | Spacious 1 BR,"85,000",Yearly,1,2,800 sqft,"Binghatti Phoenix, JVC District 13, Jumeirah Village Circle (JVC), Dubai",https://www.bayut.com/property/details-13419764.html
1 BHK + Study | Unfurnished Unit| Ready to move in,"79,990",Yearly,1,2,853 sqft,"Rigel Apartments, JVC District 10, Jumeirah Village Circle (JVC), Dubai",https://www.bayut.com/property/details-13158418.html
Pool View and chiller free | Kept Well Maintained,"70,000",Yearly,1,2,823 sqft,"Oxford Building, JVC District 14, Jumeirah Village Circle (JVC), Dubai",https://www.bayut.com/property/details-10293367.html
Brand New | Unfurnished | Multiple options,"85,000",Yearly,1,2,794 sqft,"Binghatti Phoenix, JVC District 13, Jumeirah Village Circle (JVC), Dubai",https://www.bayut.com/property/details-13379746.html
Best Offer | Elegant Apartment | Vacant,"72,000",Yearly,1,2,730 sqft,"Bloom Heights 2, Bloom Heights, JVC District 15, Jumeirah Village Circle (JVC), Dubai",https://www.bayut.com/property/details-13376065.html
Furnished | Prime Location | Brand New Furnishing,"55,000",Yearly,,1,394 sqft,"Bloom Tower C, Bloom Towers, JVC District 10, Jumeirah Village Circle (JVC), Dubai",https://www.bayut.com/property/details-13363234.html
Spacious 1 Bedroom I On High Floor I Prime Location,"70,000",Yearly,1,2,886 sqft,"Reef Residence, JVC District 13, Jumeirah Village Circle (JVC), Dubai",https://www.bayut.com/property/details-13375345.html
Fully Furnished | Vacant | 3 Balconies | Close to Circle Mall,"104,999",Yearly,2,2,"1,151 sqft","Milano by Giovanni Boutique Suites, JVC District 17, Jumeirah Village Circle (JVC), Dubai",https://www.bayut.com/property/details-13367065.html
Prime Location | Fully Furnished | With Balcony,"60,000",Yearly,,1,473 sqft,"Serenity Lakes 5, JVC District 10, Jumeirah Village Circle (JVC), Dubai",https://www.bayut.com/property/details-13337556.html
2BHK | Unfurnished | Prime JVC Location,"90,000",Yearly,2,2,888 sqft,"Fortunato, JVC District 11, Jumeirah Village Circle (JVC), Dubai",https://www.bayut.com/property/details-13338206.html
Spacious and Brand New Apt with Private Jaccuzzi,"110,000",Yearly,1,2,808 sqft,"Binghatti Royale, JVC District 18, Jumeirah Village Circle (JVC), Dubai",https://www.bayut.com/property/details-13343136.html
Vacant in December | Fully Furnished | Low floor,"90,000",Yearly,1,2,800 sqft,"Rokane G25, JVC District 10, Jumeirah Village Circle (JVC), Dubai",https://www.bayut.com/property/details-13240683.html
Prime Location | Furnished | Vacant,"87,000",Yearly,1,2,733 sqft,"Bloom Heights 2, Bloom Heights, JVC District 15, Jumeirah Village Circle (JVC), Dubai",https://www.bayut.com/property/details-13287168.html
Community View | Prime Location | Spacious Unit,"99,990",Yearly,2,3,"1,190 sqft","Dune Residency, JVC District 17, Jumeirah Village Circle (JVC), Dubai",https://www.bayut.com/property/details-13314405.html
2 Beds | Convenient Location | Unfurnished,"105,000",Yearly,2,2,987 sqft,"Serenity Lakes 5, JVC District 10, Jumeirah Village Circle (JVC), Dubai",https://www.bayut.com/property/details-9937923.html
Pool View | Prime Location | Brand New,"59,999",Yearly,,1,426 sqft,"Binghatti Phoenix, JVC District 13, Jumeirah Village Circle (JVC), Dubai",https://www.bayut.com/property/details-13125362.html
Brand New | Park View | Prime Location,"55,000",Yearly,,1,446 sqft,"Binghatti Phoenix, JVC District 13, Jumeirah Village Circle (JVC), Dubai",https://www.bayut.com/property/details-13123191.html
NO Agents 1 Cheque | Fully Furnished | Park View,"55,000",Yearly,,1,299 sqft,"Regina Tower, JVC District 12, Jumeirah Village Circle (JVC), Dubai",https://www.bayut.com/property/details-12955890.html
Furnished Studio | Well Maintained | Vacant,"57,000",Yearly,,1,320 sqft,"Aura, JVC District 14, Jumeirah Village Circle (JVC), Dubai",https://www.bayut.com/property/details-12956728.html
Community View | Prime Location | Spacious Unit,"72,999",Yearly,1,2,935 sqft,"Al Naim Residence, JVC District 10, Jumeirah Village Circle (JVC), Dubai",https://www.bayut.com/property/details-13084772.html
Fully Furnished | Well Maintained Vacant,"70,000",Yearly,1,2,747 sqft,"Hanover Square, JVC District 10, Jumeirah Village Circle (JVC), Dubai",https://www.bayut.com/property/details-10813881.html
Community View | Prime Location | Spacious Unit,"74,999",Yearly,1,2,745 sqft,"Binghatti Azure, JVC District 16, Jumeirah Village Circle (JVC), Dubai",https://www.bayut.com/property/details-12331673.html
Fully furnished | Study room | Spacious layout,"89,999",Yearly,1,2,883 sqft,"Eleganz by Danube, JVC District 14, Jumeirah Village Circle (JVC), Dubai",https://www.bayut.com/property/details-9702386.html
Fully Fitted Kitchen | 2BHK+Maid | Close Kitchen,"120,000",Yearly,2,4,"1,709 sqft","Saleh Bin Lahej JVC Block A, Saleh Bin Lahej JVC, JVC District 10, Jumeirah Village Circle (JVC), Dubai",https://www.bayut.com/property/details-10343343.html
Ideal for Solo | Prime Location | Vacant,"54,990",Yearly,,1,387 sqft,"Binghatti Azure, JVC District 16, Jumeirah Village Circle (JVC), Dubai",https://www.bayut.com/property/details-13221573.html
Higher Floor | Fitted Kitchen | Prime Location,"87,999",Yearly,1,2,786 sqft,"Binghatti Orchid, JVC District 10, Jumeirah Village Circle (JVC), Dubai",https://www.bayut.com/property/details-12647426.html
Ready To Move | Fully Furnished | Exclusive,"79,999",Yearly,1,2,701 sqft,"Empire Residence, JVC District 17, Jumeirah Village Circle (JVC), Dubai",https://www.bayut.com/property/details-12672278.html
Marina View| Unfurnished | Premium Quality,"75,000",Yearly,1,2,688 sqft,"Binghatti Corner, JVC District 10, Jumeirah Village Circle (JVC), Dubai",https://www.bayut.com/property/details-12836779.html
Upgraded 4-Bedroom + Maid Townhouse,"175,000",Yearly,4,5,"2,172 sqft","The Ghaf Tree, JVC District 13, Jumeirah Village Circle (JVC), Dubai",https://www.bayut.com/property/details-13016321.html
Pool View | Prime Location | Spacious Unit,"80,000",Yearly,1,2,745 sqft,"Binghatti Azure, JVC District 16, Jumeirah Village Circle (JVC), Dubai",https://www.bayut.com/property/details-12859663.html
Fully furnished | Bright and Spacious | Must View,"60,000",Yearly,,1,382 sqft,"Binghatti Lavender, JVC District 10, Jumeirah Village Circle (JVC), Dubai",https://www.bayut.com/property/details-12350762.html
Fitted Kitchen | Brand New | Ready To Move,"80,000",Yearly,1,2,683 sqft,"Alef Noon Residence, JVC District 16, Jumeirah Village Circle (JVC), Dubai",https://www.bayut.com/property/details-12481244.html
Brand New | Spacious Layout | Prime Location,"78,000",Yearly,1,2,683 sqft,"Alef Noon Residence, JVC District 16, Jumeirah Village Circle (JVC), Dubai",https://www.bayut.com/property/details-12480903.html
Brand New | Higher Floor | Fitted Kitchen,"69,999",Yearly,1,2,652 sqft,"Binghatti House, JVC District 10, Jumeirah Village Circle (JVC), Dubai",https://www.bayut.com/property/details-10942946.html
Higher Floor | Open View | Call Now,"48,000",Yearly,,1,376 sqft,"Bloom Heights 1, Bloom Heights, JVC District 15, Jumeirah Village Circle (JVC), Dubai",https://www.bayut.com/property/details-13011288.html
Premium Layout | Huge Size | Prime Location,"75,000",Yearly,1,2,890 sqft,"Al Naim Residence, JVC District 10, Jumeirah Village Circle (JVC), Dubai",https://www.bayut.com/property/details-12588373.html
Brand New| Near Exit & Entrance | Near Circle Mall,"49,999",Yearly,,1,390 sqft,"Binghatti Azure, JVC District 16, Jumeirah Village Circle (JVC), Dubai",https://www.bayut.com/property/details-12024375.html
Excellent Building | Superb finishing | Tenanted,"68,000",Yearly,1,2,763 sqft,"La Riviera Apartments, JVC District 10, Jumeirah Village Circle (JVC), Dubai",https://www.bayut.com/property/details-12635461.html
Fully Furnished | Ready to move in | 4 Cheques,"80,000",Yearly,1,1,679 sqft,"Bluebell  Residence, JVC District 11, Jumeirah Village Circle (JVC), Dubai",https://www.bayut.com/property/details-12788914.html
Brand New | Smart Home | Ready to Move In,"68,000",Yearly,1,2,640 sqft,"Binghatti Crest, JVC District 13, Jumeirah Village Circle (JVC), Dubai",https://www.bayut.com/property/details-9093924.html
Excellent Community | Best Amenities | Vacant,"52,000",Yearly,,1,354 sqft,"Bloom Tower B, Bloom Towers, JVC District 10, Jumeirah Village Circle (JVC), Dubai",https://www.bayut.com/property/details-12841879.html
Fully Furnished | Ready to Move | Spacious,"115,000",Yearly,2,3,"1,117 sqft","Sydney Tower, JVC District 18, Jumeirah Village Circle (JVC), Dubai",https://www.bayut.com/property/details-12932409.html
Excellent Community | Superb Finishing | Vacant,"70,000",Yearly,1,1,672 sqft,"Bloom Tower B, Bloom Towers, JVC District 10, Jumeirah Village Circle (JVC), Dubai",https://www.bayut.com/property/details-12924336.html
Brand New | Opposite Circle Mall | Premium,"84,999",Yearly,1,2,855 sqft,"Mass Residence, JVC District 11, Jumeirah Village Circle (JVC), Dubai",https://www.bayut.com/property/details-12387124.html
Brand New | Spacious Layout | Mall Entrance,"80,000",Yearly,1,2,854 sqft,"Mass Residence, JVC District 11, Jumeirah Village Circle (JVC), Dubai",https://www.bayut.com/property/details-12796705.html
1 BHK | BEST AMENITIES | FULLY FURNISHED,"69,999",Yearly,1,2,748 sqft,"DAMAC Ghalia, JVC District 18, Jumeirah Village Circle (JVC), Dubai",https://www.bayut.com/property/details-12008883.html
Stunning 1 Bed | Ready to Move | Call Now,"70,000",Yearly,1,2,640 sqft,"Binghatti Crest, JVC District 13, Jumeirah Village Circle (JVC), Dubai",https://www.bayut.com/property/details-12306339.html
Fully Furnished - Ready 2 Move in - Lowest Price,"63,000",Yearly,1,2,787 sqft,"Continents Tower, JVC District 13, Jumeirah Village Circle (JVC), Dubai",https://www.bayut.com/property/details-13630423.html
Premium 3 BHK | Alexa Smart Homes | Maid Room |,"175,000",Yearly,3,4,"2,100 sqft","La Rose, JVC District 12, Jumeirah Village Circle (JVC), Dubai",https://www.bayut.com/property/details-11765919.html
Fully Furnished | Well Maintained | Bright Home,"105,000",Yearly,1,2,786 sqft,"West Tower, Luma 22, JVC District 10, Jumeirah Village Circle (JVC), Dubai",https://www.bayut.com/property/details-13606735.html
Modern 1BR in Binghatti Rose | Fully Furnished | All Bills Included | Ready to Move In,"90,000",Yearly,1,2,659 sqft,"Binghatti Rose, JVC District 15, Jumeirah Village Circle (JVC), Dubai",https://www.bayut.com/property/details-13578967.html
High Quality | Flexible Payment Plan | High ROI,"60,000",Yearly,,1,403 sqft,"Oxford 212, JVC District 10, Jumeirah Village Circle (JVC), Dubai",https://www.bayut.com/property/details-13619172.html
Fully Furnished - Semi Closed Kitchen - Flexible Payment,"63,000",Yearly,1,2,787 sqft,"Continents Tower, JVC District 13, Jumeirah Village Circle (JVC), Dubai",https://www.bayut.com/property/details-13579174.html
FULLY FURNISHED / FLEXIBLE PYMENT / PRIMR LOCATION,"55,000",Yearly,,1,400 sqft,"Casa Grande, JVC District 11, Jumeirah Village Circle (JVC), Dubai",https://www.bayut.com/property/details-13580088.html
Ready to move in | Fully furnished | 1 Bedroom,"80,000",Yearly,1,1,"1,088 sqft","Diamond Views II, JVC District 11, Jumeirah Village Circle (JVC), Dubai",https://www.bayut.com/property/details-13591901.html
Fully Furnished Studio I Premium Layout I Ready To Move In,"55,000",Yearly,,1,492 sqft,"Dune Residency, JVC District 17, Jumeirah Village Circle (JVC), Dubai",https://www.bayut.com/property/details-13544789.html
Furnished - Low Floor - Park View,"75,000",Yearly,1,2,726 sqft,"AKA Residence, JVC District 11, Jumeirah Village Circle (JVC), Dubai",https://www.bayut.com/property/details-13548695.html
Fully Furnished | Spacious | Call Now,"90,000",Yearly,1,2,872 sqft,"Eleganz by Danube, JVC District 14, Jumeirah Village Circle (JVC), Dubai",https://www.bayut.com/property/details-13503285.html
Modern Living | Hot Deal | Luxury Furnished,"49,999",Yearly,,1,402 sqft,"DAMAC Ghalia, JVC District 18, Jumeirah Village Circle (JVC), Dubai",https://www.bayut.com/property/details-13533140.html
Prime Location | Spacious |Parking | Central Gas,"65,000",Yearly,1,2,904 sqft,"JVC District 12, Jumeirah Village Circle (JVC), Dubai",https://www.bayut.com/property/details-10224803.html
Prime Location | Balcony | Store Room | Parking,"100,000",Yearly,2,3,"1,197 sqft","JVC District 12, Jumeirah Village Circle (JVC), Dubai",https://www.bayut.com/property/details-8720832.html
Unfurnished Studio with Big Balcony I Modern Living District 12,"52,000",Yearly,,1,429 sqft,"Platinum Residences, JVC District 12, Jumeirah Village Circle (JVC), Dubai",https://www.bayut.com/property/details-13525489.html
CHILLER FREE | MAIDS ROOM | POOL VIEW | BEST PRICE,"80,000",Yearly,1,2,780 sqft,"Pantheon Elysee I, JVC District 13, Jumeirah Village Circle (JVC), Dubai",https://www.bayut.com/property/details-13522362.html
Brand New | AVAILABLE | Luxurious,"59,999",Yearly,,1,380 sqft,"Binghatti Aurora, JVC District 12, Jumeirah Village Circle (JVC), Dubai",https://www.bayut.com/property/details-13518065.html
SEMI-FURNISHED | SPACIOUS LAYOUT | PRIME LOCATION,"55,000",Yearly,,1,468 sqft,"Rokane G25, JVC District 10, Jumeirah Village Circle (JVC), Dubai",https://www.bayut.com/property/details-13497881.html
ALL BILLS INCLUDED | FULLY FURNISHED | READY TO MOVE,"70,000",Yearly,1,2,644 sqft,"Burj Sabah, JVC District 12, Jumeirah Village Circle (JVC), Dubai",https://www.bayut.com/property/details-13488520.html
SPECIAL OFFER- DISCOUNT PRICE Spacious unit with huge terrace I With great amenity I Prime spot,"75,000",Yearly,1,2,"1,690 sqft","Imperial Tower, JVC District 17, Jumeirah Village Circle (JVC), Dubai",https://www.bayut.com/property/details-13506467.html
Spacious 2bhk with closed kitchen I Modern living I Bright unit I Prime location,"97,000",Yearly,2,3,"1,335 sqft","Imperial Tower, JVC District 17, Jumeirah Village Circle (JVC), Dubai",https://www.bayut.com/property/details-13505519.html
6 Cheques | Modern Layout | Negotiable,"55,000",Yearly,,1,362 sqft,"Regina Tower, JVC District 12, Jumeirah Village Circle (JVC), Dubai",https://www.bayut.com/property/details-13528196.html
Pool View | Brand New | High Floor,"95,000",Yearly,1,2,744 sqft,"Binghatti Phoenix, JVC District 13, Jumeirah Village Circle (JVC), Dubai",https://www.bayut.com/property/details-13461125.html
FULLY FURNISHED 1BHK FOR RENT IN PANTHEON ELYSEE III | MODERN INTERIORS | PRIME JVC LOCATION,"70,000",Yearly,1,2,584 sqft,"Pantheon Elysee III, JVC District 15, Jumeirah Village Circle (JVC), Dubai",https://www.bayut.com/property/details-11649627.html
EXCLUSIVE MONTH-END SUPER SALE-REDUCED PRICES | ZERO MAINT FEES,"65,000",Yearly,1,2,837 sqft,"Imperial Tower, JVC District 17, Jumeirah Village Circle (JVC), Dubai",https://www.bayut.com/property/details-13505275.html
ALL BILLS INCLUDED | FULLY FURNISHED | READY TO MOVE,"60,000",Yearly,,1,299 sqft,"Burj Sabah, JVC District 12, Jumeirah Village Circle (JVC), Dubai",https://www.bayut.com/property/details-13488506.html
Vacant | Smart Home | Fully Furnished | Community View,"110,000",Yearly,1,2,789 sqft,"Pearl House 2, JVC District 12, Jumeirah Village Circle (JVC), Dubai",https://www.bayut.com/property/details-13424174.html
Spacious 1BR | Unfurnished | Modern,"75,000",Yearly,1,2,866 sqft,"Marwa Heights, JVC District 15, Jumeirah Village Circle (JVC), Dubai",https://www.bayut.com/property/details-13454101.html
Brand New | Bigger Layout | Multiple Options,"134,999",Yearly,2,2,"1,202 sqft","Binghatti Phoenix, JVC District 13, Jumeirah Village Circle (JVC), Dubai",https://www.bayut.com/property/details-13416694.html
FULLY FURNISHED | ELEGANT | SPACIOUS AND BRIGHT,"67,000",Yearly,,1,472 sqft,"Park View Tower, JVC District 14, Jumeirah Village Circle (JVC), Dubai",https://www.bayut.com/property/details-13460775.html
Prime Location | Park View | Ready To Move,"73,000",Yearly,1,2,732 sqft,"Bloom Heights 2, Bloom Heights, JVC District 15, Jumeirah Village Circle (JVC), Dubai",https://www.bayut.com/property/details-13418619.html
Modern Fully Furnished Studio in JVC,"70,000",Yearly,,1,475 sqft,"Belgravia Square, JVC District 14, Jumeirah Village Circle (JVC), Dubai",https://www.bayut.com/property/details-13301753.html
Fitted Kitchen | Fully Furnished | Ready to Move,"74,000",Yearly,1,2,872 sqft,"Laya Residences, JVC District 10, Jumeirah Village Circle (JVC), Dubai",https://www.bayut.com/property/details-13581785.html
Fully Equipped / Stunning Studio / Ready To Move,"50,000",Yearly,,1,389 sqft,"The Square Tower, JVC District 13, Jumeirah Village Circle (JVC), Dubai",https://www.bayut.com/property/details-13363852.html
Stunning Amenities | Bright Layout | Ready to Move,"65,000",Yearly,1,2,630 sqft,"Venus 1, JVC District 12, Jumeirah Village Circle (JVC), Dubai",https://www.bayut.com/property/details-13380660.html
Fully Furnished|High Floor|Best Deal|Book Today,"73,000",Yearly,1,2,767 sqft,"DAMAC Ghalia, JVC District 18, Jumeirah Village Circle (JVC), Dubai",https://www.bayut.com/property/details-13319210.html
Pool-Park View | Corner Unit | High Floor,"65,000",Yearly,,1,428 sqft,"Binghatti Phoenix, JVC District 13, Jumeirah Village Circle (JVC), Dubai",https://www.bayut.com/property/details-13396919.html
Premium Quality | Brand New and Vacant Unit,"120,000",Yearly,1,2,923 sqft,"Binghatti Royale, JVC District 18, Jumeirah Village Circle (JVC), Dubai",https://www.bayut.com/property/details-13343137.html
Brand New | Higher Floor | Call Now,"100,000",Yearly,1,2,795 sqft,"Binghatti Phantom, JVC District 17, Jumeirah Village Circle (JVC), Dubai",https://www.bayut.com/property/details-13237457.html
Unfurnished 1BR | Balcony | Vacant Soon,"89,000",Yearly,1,2,867 sqft,"Oxford Residence 2, JVC District 10, Jumeirah Village Circle (JVC), Dubai",https://www.bayut.com/property/details-13314361.html
Modern | Prime Location | Bright,"60,000",Yearly,,1,395 sqft,"Bloom Heights 1, Bloom Heights, JVC District 15, Jumeirah Village Circle (JVC), Dubai",https://www.bayut.com/property/details-13237863.html
Studio with Balcony l Brand New,"55,000",Yearly,,1,428 sqft,"Binghatti Phoenix, JVC District 13, Jumeirah Village Circle (JVC), Dubai",https://www.bayut.com/property/details-13379714.html
Pool and Park View | Brand New | Call Now,"85,000",Yearly,1,2,794 sqft,"Binghatti Phoenix, JVC District 13, Jumeirah Village Circle (JVC), Dubai",https://www.bayut.com/property/details-13128301.html
Brand New Studio | Spacious Layout |Handover Soon,"60,000",Yearly,,1,408 sqft,"Binghatti Phoenix, JVC District 13, Jumeirah Village Circle (JVC), Dubai",https://www.bayut.com/property/details-13131003.html
Premium villa in prime location I With maids' room I Move in now,"180,000",Yearly,4,5,"1,696 sqft","The Ghaf Tree, JVC District 13, Jumeirah Village Circle (JVC), Dubai",https://www.bayut.com/property/details-13008352.html
Pool View | 3 Baths | Ready to Move,"84,999",Yearly,2,3,965 sqft,"Binghatti Mirage, JVC District 10, Jumeirah Village Circle (JVC), Dubai",https://www.bayut.com/property/details-12746114.html
Elegant Layout Fully Furnished Spacious and Huge,"70,000",Yearly,,1,382 sqft,"Serenity Lakes 5, JVC District 10, Jumeirah Village Circle (JVC), Dubai",https://www.bayut.com/property/details-13152326.html
READY TO MOVE IN || FULLY FURNISHED STUDIO || CALL US NOW,"53,999",Yearly,,1,374 sqft,"Empire Residence, JVC District 17, Jumeirah Village Circle (JVC), Dubai",https://www.bayut.com/property/details-12427598.html
SPACIOUS 1BHK || FULLY FURNISHED || CALL US NOW,"63,999",Yearly,1,2,686 sqft,"GMM Tower 1, JVC District 12, Jumeirah Village Circle (JVC), Dubai",https://www.bayut.com/property/details-12270105.html
FULLY FURNISHED 1BHK || READY TO MOVE IN || HIGH RISE,"63,999",Yearly,1,2,686 sqft,"GMM Tower 1, JVC District 12, Jumeirah Village Circle (JVC), Dubai",https://www.bayut.com/property/details-12250292.html
Fully Furnished | Ready to Move In | Best Deal,"50,000",Yearly,,1,438 sqft,"DAMAC Ghalia, JVC District 18, Jumeirah Village Circle (JVC), Dubai",https://www.bayut.com/property/details-12360579.html
High Floor | Community View | Brand New,"55,000",Yearly,,1,389 sqft,"Binghatti Azure, JVC District 16, Jumeirah Village Circle (JVC), Dubai",https://www.bayut.com/property/details-12313211.html
Spacious | Open View | 1BR | For Rent,"70,000",Yearly,1,2,494 sqft,"Binghatti Tulip, JVC District 11, Jumeirah Village Circle (JVC), Dubai",https://www.bayut.com/property/details-12346070.html
Fully Furnished | Prime Location | Vacant | 95k,"95,000",Yearly,1,1,826 sqft,"Belgravia 3B, Belgravia 3, JVC District 15, Jumeirah Village Circle (JVC), Dubai",https://www.bayut.com/property/details-12168345.html
Beautiful Furnished Studio I Great Amenities I 5.5k monthly with bills,"55,000",Yearly,,1,430 sqft,"Pantheon Elysee I, JVC District 13, Jumeirah Village Circle (JVC), Dubai",https://www.bayut.com/property/details-12128933.html
FULLY FURNISHED 1BHK || BRAND NEW BUILDING || BE THE FIRST TENANT,"89,999",Yearly,1,2,729 sqft,"Binghatti Amber, JVC District 11, Jumeirah Village Circle (JVC), Dubai",https://www.bayut.com/property/details-11962676.html
"Binghatti Royale, JVC District 18, Jumeirah Village Circle (JVC), Dubai","104,999",Yearly,1,2,807 sqft,"Binghatti Royale, JVC District 18, Jumeirah Village Circle (JVC), Dubai",https://www.bayut.com/property/details-13504464.html
Lowest in Market I 1-Bedroom Duplex I Rare Layout | Exclusive,"90,000",Yearly,1,2,"1,118 sqft","Villa Myra, JVC District 15, Jumeirah Village Circle (JVC), Dubai",https://www.bayut.com/property/details-13397098.html
Ready to move-in | Fully Equipped Kitchen,"90,000",Yearly,1,2,"1,009 sqft","Luma 22, JVC District 10, Jumeirah Village Circle (JVC), Dubai",https://www.bayut.com/property/details-13294421.html
Ready to Move| Prime Location | Spacious Unit,"84,999",Yearly,1,2,792 sqft,"Binghatti Phoenix, JVC District 13, Jumeirah Village Circle (JVC), Dubai",https://www.bayut.com/property/details-13302279.html
Spacious Huge Elegant Layout Fully Furnished,"55,000",Yearly,,1,382 sqft,"Serenity Lakes 5, JVC District 10, Jumeirah Village Circle (JVC), Dubai",https://www.bayut.com/property/details-13136584.html
Brand New | 02 Bed Room Hall | No Commission | One Month Grace Period,"73,000",Yearly,2,2,800 sqft,"JVC District 11, Jumeirah Village Circle (JVC), Dubai",https://www.bayut.com/property/details-12103842.html
Private Pool | Pool and Park View| Ready To Move,"107,999",Yearly,1,2,922 sqft,"Binghatti Royale, JVC District 18, Jumeirah Village Circle (JVC), Dubai",https://www.bayut.com/property/details-13626465.html
High-Demand Location | Furnished 1BR | Skyline View,"69,000",Yearly,1,2,605 sqft,"Summer 2 Block A, Summer, Seasons Community, JVC District 15, Jumeirah Village Circle (JVC), Dubai",https://www.bayut.com/property/details-13620200.html
Ready now -Unfurnished -1bedr -New- Park View,"80,000",Yearly,1,2,793 sqft,"Binghatti Phoenix, JVC District 13, Jumeirah Village Circle (JVC), Dubai",https://www.bayut.com/property/details-13611756.html
High-Demand Location | Furnished 1BR | Skyline View,"69,000",Yearly,1,2,605 sqft,"Summer 2 Block A, Summer, Seasons Community, JVC District 15, Jumeirah Village Circle (JVC), Dubai",https://www.bayut.com/property/details-13617796.html
Fully Furnished | Pool View |12 Cheques with Bills,"72,000",Yearly,,1,513 sqft,"G24 Tower, JVC District 11, Jumeirah Village Circle (JVC), Dubai",https://www.bayut.com/property/details-13610351.html
Ready to move mid floor,"45,000",Yearly,,1,393 sqft,"The Square Tower, JVC District 13, Jumeirah Village Circle (JVC), Dubai",https://www.bayut.com/property/details-13580350.html
"Live Royal, Live Elegant | Brand New | Private Jacuzzi","119,999",Yearly,1,2,922 sqft,"Binghatti Royale, JVC District 18, Jumeirah Village Circle (JVC), Dubai",https://www.bayut.com/property/details-13592634.html
Fully Furnished | Great Location | Park View,"64,999",Yearly,,1,399 sqft,"Pantheon Elysee III, JVC District 15, Jumeirah Village Circle (JVC), Dubai",https://www.bayut.com/property/details-13579031.html
Modern 1-Bedroom with Pool Overlooking Parks and Skyline,"120,000",Yearly,1,2,922 sqft,"Binghatti Royale, JVC District 18, Jumeirah Village Circle (JVC), Dubai",https://www.bayut.com/property/details-13622388.html
Massive|Garden View|Near Jss|Available 15 Jan 2026,"115,000",Yearly,2,3,"1,518 sqft","Le Grand Chateau C, Le Grand Chateau, JVC District 10, Jumeirah Village Circle (JVC), Dubai",https://www.bayut.com/property/details-13579047.html
Private Pool | 1 Bedroom | Spacious Layout | Premium Quality,"120,000",Yearly,1,2,922 sqft,"Binghatti Royale, JVC District 18, Jumeirah Village Circle (JVC), Dubai",https://www.bayut.com/property/details-13622390.html
Ready to Move-In | Huge Layout | Fully Furnished,"87,000",Yearly,1,2,"1,012 sqft","Tower 108, JVC District 18, Jumeirah Village Circle (JVC), Dubai",https://www.bayut.com/property/details-13581667.html
FABLOUS RENT 1 BEDROOM MASAAR RESDINCES JVC,"65,000",Yearly,1,2,602 sqft,"Masaar Residence, JVC District 15, Jumeirah Village Circle (JVC), Dubai",https://www.bayut.com/property/details-13612409.html
Grt Location | Near To Mall | Specious,"99,950",Yearly,2,3,"1,327 sqft","Fortunato, JVC District 11, Jumeirah Village Circle (JVC), Dubai",https://www.bayut.com/property/details-13607544.html
Brand-New 1BR | Private Pool | Smart Home | Upto 4 payments | Exclusive,"95,000",Yearly,1,2,808 sqft,"Binghatti Royale, JVC District 18, Jumeirah Village Circle (JVC), Dubai",https://www.bayut.com/property/details-13590539.html
Ready TO Move - Luxury 4 BR G+2 Villa @200K,"199,995",Yearly,4,5,"3,228 sqft","Sandoval Lane, JVC District 14, Jumeirah Village Circle (JVC), Dubai",https://www.bayut.com/property/details-13584111.html
Spacious 1 BHK | Closed Kitchen | Store room,"59,000",Yearly,1,2,815 sqft,"Sunrise Tower JVC, JVC District 11, Jumeirah Village Circle (JVC), Dubai",https://www.bayut.com/property/details-13584865.html
Large Layout | Appliances | Dishwasher | Premium,"86,000",Yearly,1,2,773 sqft,"Harrington House, JVC District 14, Jumeirah Village Circle (JVC), Dubai",https://www.bayut.com/property/details-13579500.html
VACANT / READY / BALCONY / PARKING,"46,000",Yearly,,1,381 sqft,"Serenity Lakes 5, JVC District 10, Jumeirah Village Circle (JVC), Dubai",https://www.bayut.com/property/details-13605875.html
VACANT / NEW / BALCONY / MULTIPLE OPTIONS,"45,000",Yearly,,1,381 sqft,"Serenity Lakes 5, JVC District 10, Jumeirah Village Circle (JVC), Dubai",https://www.bayut.com/property/details-13605781.html
Spacious 1 BR Unit | Ready to Move-in | Book Now,"90,000",Yearly,1,2,864 sqft,"Golden Dream Tower 1, JVC District 18, Jumeirah Village Circle (JVC), Dubai",https://www.bayut.com/property/details-13585707.html
Spacious Layout I With Balcony I Ready to move,"50,000",Yearly,,1,392 sqft,"La Perla Blanca, JVC District 15, Jumeirah Village Circle (JVC), Dubai",https://www.bayut.com/property/details-13593439.html
Semi Furnished - Huge One BR - Golf View,"75,000",Yearly,1,2,967 sqft,"O2 Tower, JVC District 14, Jumeirah Village Circle (JVC), Dubai",https://www.bayut.com/property/details-8763078.html
Large 2BR | Closed kitchen | Great Location,"82,500",Yearly,2,3,"1,328 sqft","Sunrise Tower JVC, JVC District 11, Jumeirah Village Circle (JVC), Dubai",https://www.bayut.com/property/details-13585151.html
Fully Furnished | Private Pool | Marina View,"149,900",Yearly,2,3,"1,111 sqft","Binghatti House, JVC District 10, Jumeirah Village Circle (JVC), Dubai",https://www.bayut.com/property/details-13588253.html
Prime Location I Spacious Layout I beautiful place,"68,000",Yearly,1,2,677 sqft,"La Perla Blanca, JVC District 15, Jumeirah Village Circle (JVC), Dubai",https://www.bayut.com/property/details-13593103.html
Park View | Fully Firnished | Prime Location,"65,000",Yearly,,1,399 sqft,"Pantheon Elysee III, JVC District 15, Jumeirah Village Circle (JVC), Dubai",https://www.bayut.com/property/details-13545638.html
Stylish 1BR Furnished | Smart Home | Ready to Move,"85,000",Yearly,1,2,621 sqft,"Binghatti Heights, JVC District 10, Jumeirah Village Circle (JVC), Dubai",https://www.bayut.com/property/details-13533279.html
1 Bed | Furnished | 12 Chqs | With Bills,"89,000",Yearly,1,2,659 sqft,"Binghatti Rose, JVC District 15, Jumeirah Village Circle (JVC), Dubai",https://www.bayut.com/property/details-13610798.html
Very Convenient layout with large terrace - chiller free,"70,000",Yearly,1,2,800 sqft,"Oxford Building, JVC District 14, Jumeirah Village Circle (JVC), Dubai",https://www.bayut.com/property/details-11805142.html
1 BHK | Premium Quality | Best Price,"89,999",Yearly,1,2,674 sqft,"Oakley Square Residence, JVC District 11, Jumeirah Village Circle (JVC), Dubai",https://www.bayut.com/property/details-13544957.html
I Prime Location | Vacant | Unfurnished,"65,000",Yearly,1,2,602 sqft,"Masaar Residence, JVC District 15, Jumeirah Village Circle (JVC), Dubai",https://www.bayut.com/property/details-13539862.html
Fully Furnished | Pool View | High End Quality,"66,000",Yearly,,1,430 sqft,"Oxford Residence 2, JVC District 10, Jumeirah Village Circle (JVC), Dubai",https://www.bayut.com/property/details-13537201.html
ELEGANT 1 BR ~ FULLY FURNISHED ~ PRIME LOCATION,"62,000",Yearly,1,1,659 sqft,"Diamond Views III, JVC District 11, Jumeirah Village Circle (JVC), Dubai",https://www.bayut.com/property/details-13588796.html
PRIVATE POOL | BRAND NEW | HIGH FLOOR,"110,000",Yearly,1,2,795 sqft,"Binghatti Phantom, JVC District 17, Jumeirah Village Circle (JVC), Dubai",https://www.bayut.com/property/details-13537020.html
Premium Amenities | Great Layout | Prime Location,"84,000",Yearly,2,2,"1,010 sqft","Diamond Views 1, JVC District 14, Jumeirah Village Circle (JVC), Dubai",https://www.bayut.com/property/details-13592962.html
PRIVATE POOL | BRAND NEW | UNIQUE OPPORTUNITY,"105,000",Yearly,1,2,794 sqft,"Binghatti Phantom, JVC District 17, Jumeirah Village Circle (JVC), Dubai",https://www.bayut.com/property/details-13522390.html
3BHK | Spacious Layout | Community View,"169,999",Yearly,3,5,"1,455 sqft","Mirabella 7, JVC District 12, Jumeirah Village Circle (JVC), Dubai",https://www.bayut.com/property/details-13529147.html
Spurs Spacious I Prime Location I Grab the Keys,"108,000",Yearly,2,3,"1,593 sqft","La Perla Blanca, JVC District 15, Jumeirah Village Circle (JVC), Dubai",https://www.bayut.com/property/details-13547846.html
Brand New | Modern Kitchen | Prime Location,"80,000",Yearly,1,2,826 sqft,"Binghatti Phoenix, JVC District 13, Jumeirah Village Circle (JVC), Dubai",https://www.bayut.com/property/details-13514159.html
Brand New - All Ensuit bedroom - Chiller with Dewa,"185,000",Yearly,3,4,"1,859 sqft","Westview Garden, JVC District 15, Jumeirah Village Circle (JVC), Dubai",https://www.bayut.com/property/details-13539022.html
Upgraded Townhouse | Prime JVC Community | Modern Interiors,"240,000",Yearly,4,5,"1,679 sqft","Lilac Park, JVC District 12, Jumeirah Village Circle (JVC), Dubai",https://www.bayut.com/property/details-13514780.html
Spacious Layout I With Balcony I Nest Inn Today,"50,000",Yearly,,1,403 sqft,"La Perla Blanca, JVC District 15, Jumeirah Village Circle (JVC), Dubai",https://www.bayut.com/property/details-13547290.html
SPACIOUS STUDIO | OPEN LAYOUT | MID FLOOR,"48,000",Yearly,,1,422 sqft,"May Residence Tower 4, May Residence, JVC District 10, Jumeirah Village Circle (JVC), Dubai",https://www.bayut.com/property/details-13500792.html
Luxury Upgraded || Corner Unit || Mid Floor,"132,500",Yearly,2,2,"1,252 sqft","Binghatti Corner, JVC District 10, Jumeirah Village Circle (JVC), Dubai",https://www.bayut.com/property/details-13491875.html
READ TO MOVE | NEWLY VACANT | AMAZING VIEW,"75,000",Yearly,1,2,925 sqft,"Reef Residence, JVC District 13, Jumeirah Village Circle (JVC), Dubai",https://www.bayut.com/property/details-13500938.html
Community View | Prime Location | Spacious Unit,"85,000",Yearly,1,2,785 sqft,"Binghatti Aurora, JVC District 12, Jumeirah Village Circle (JVC), Dubai",https://www.bayut.com/property/details-13497739.html
Pool View | Prime Location | Call Now,"90,000",Yearly,1,2,917 sqft,"Binghatti Aurora, JVC District 12, Jumeirah Village Circle (JVC), Dubai",https://www.bayut.com/property/details-13497606.html
Prime Location I Spacious Layout I Great Amenities,"68,000",Yearly,1,2,650 sqft,"La Perla Blanca, JVC District 15, Jumeirah Village Circle (JVC), Dubai",https://www.bayut.com/property/details-13547568.html
View Today | 4 Cheques | Brand New,"90,000",Yearly,1,2,796 sqft,"Binghatti Phantom, JVC District 17, Jumeirah Village Circle (JVC), Dubai",https://www.bayut.com/property/details-13496221.html
Furnished | Prime Location | Elite Amenities,"90,000",Yearly,1,1,729 sqft,"Belgravia Heights 1, JVC District 12, Jumeirah Village Circle (JVC), Dubai",https://www.bayut.com/property/details-13540251.html
Spacious 4BR + Maid | Large Layout | Near To Mall,"210,000",Yearly,4,6,"1,895 sqft","Comfy Villas, JVC District 11, Jumeirah Village Circle (JVC), Dubai",https://www.bayut.com/property/details-13510421.html
BRIGHT AND SPACIOUS UNIT | WITH BALCONY | READY TO MOVE,"75,000",Yearly,1,2,826 sqft,"Reef Residence, JVC District 13, Jumeirah Village Circle (JVC), Dubai",https://www.bayut.com/property/details-13501099.html
High Floor | Brand new | Community Views,"119,999",Yearly,1,2,912 sqft,"Binghatti Phantom, JVC District 17, Jumeirah Village Circle (JVC), Dubai",https://www.bayut.com/property/details-13493073.html
1 BED + STUDY/ SEMI FURNISHED/ READY/ EXCLUSIVE,"99,000",Yearly,1,2,862 sqft,"Park Lane by Heilbronn, JVC District 14, Jumeirah Village Circle (JVC), Dubai",https://www.bayut.com/property/details-13528520.html
Four Bedroom +Maid | Upgraded | Vacant,"210,000",Yearly,4,4,"3,400 sqft","Marwa Homes 2, JVC District 13, Jumeirah Village Circle (JVC), Dubai",https://www.bayut.com/property/details-13526479.html
Bright & Spacious I Large Size I Marina View,"75,000",Yearly,1,1,795 sqft,"Bloom Tower A, Bloom Towers, JVC District 10, Jumeirah Village Circle (JVC), Dubai",https://www.bayut.com/property/details-13533773.html
Brand New | Luxury | High ROI Opportunity,"75,000",Yearly,1,2,617 sqft,"Pantheon Elysee III, JVC District 15, Jumeirah Village Circle (JVC), Dubai",https://www.bayut.com/property/details-13513425.html
Vacant | Large Balcony | Ready to Move-in,"160,000",Yearly,2,3,"1,936 sqft","Park Corner, JVC District 13, Jumeirah Village Circle (JVC), Dubai",https://www.bayut.com/property/details-13509626.html
Spacious | Fully Furnished | Modern | Amazing View,"110,000",Yearly,1,1,952 sqft,"Binghatti Galaxy Tower A, Binghatti Galaxy, JVC District 11, Jumeirah Village Circle (JVC), Dubai",https://www.bayut.com/property/details-13467997.html
Fully Furnished - High Floor - Balcony - Spacious,"52,000",Yearly,,1,441 sqft,"DAMAC Ghalia, JVC District 18, Jumeirah Village Circle (JVC), Dubai",https://www.bayut.com/property/details-13526613.html
Community View | Prime Location | Spacious Unit,"84,999",Yearly,1,2,785 sqft,"Binghatti Aurora, JVC District 12, Jumeirah Village Circle (JVC), Dubai",https://www.bayut.com/property/details-13505295.html
5 Star Amenities | High Floor Views | Private Pool,"104,999",Yearly,1,2,807 sqft,"Binghatti Royale, JVC District 18, Jumeirah Village Circle (JVC), Dubai",https://www.bayut.com/property/details-13495705.html
Elegant Studio | Move-In Ready | Great Facilities,"57,999",Yearly,,1,356 sqft,"Bloom Tower B, Bloom Towers, JVC District 10, Jumeirah Village Circle (JVC), Dubai",https://www.bayut.com/property/details-13528120.html
Studio | best ammenities | spacious,"59,999",Yearly,,1,388 sqft,"Concept 7 Residences, JVC District 11, Jumeirah Village Circle (JVC), Dubai",https://www.bayut.com/property/details-11744600.html
Ready to Move | Excellent Price | Large Layout,"95,000",Yearly,1,2,831 sqft,"Oxford Terraces, JVC District 11, Jumeirah Village Circle (JVC), Dubai",https://www.bayut.com/property/details-13496210.html
ALL BILLS INCLUDED | FULLY FURNISHED | READY TO MOVE,"74,999",Yearly,1,1,717 sqft,"Burj Sabah, JVC District 12, Jumeirah Village Circle (JVC), Dubai",https://www.bayut.com/property/details-13512020.html
High Floor | Brand New | Hotel Style Amenities,"60,000",Yearly,,1,408 sqft,"Binghatti Phoenix, JVC District 13, Jumeirah Village Circle (JVC), Dubai",https://www.bayut.com/property/details-13504648.html
4Bed+Maid - Fitted Kitchen - Prime Location,"175,000",Yearly,4,5,"1,697 sqft","The Ghaf Tree, JVC District 13, Jumeirah Village Circle (JVC), Dubai",https://www.bayut.com/property/details-13503699.html
2 bed + maid | best ammenities | spacious,"119,999",Yearly,2,4,"1,548 sqft","Laya Residences, JVC District 10, Jumeirah Village Circle (JVC), Dubai",https://www.bayut.com/property/details-13495637.html
POOL FACING | CORNER UNIT | VACANT,"100,000",Yearly,1,1,837 sqft,"Belgravia 3A, Belgravia 3, JVC District 15, Jumeirah Village Circle (JVC), Dubai",https://www.bayut.com/property/details-13465494.html
Luxury Apartment | Great Community | Ready to Move,"73,000",Yearly,1,2,823 sqft,"Taraf 1 Residence, JVC District 11, Jumeirah Village Circle (JVC), Dubai",https://www.bayut.com/property/details-13455009.html
Brand New 2 Bedroom Private Pool Ready To Move,"115,000",Yearly,2,3,"1,150 sqft","Binghatti Tulip, JVC District 11, Jumeirah Village Circle (JVC), Dubai",https://www.bayut.com/property/details-13497632.html
"U Shape Kitchen, Private Pool, Study Room, High Floor, Ready To Move In","110,000",Yearly,1,2,921 sqft,"Binghatti Royale, JVC District 18, Jumeirah Village Circle (JVC), Dubai",https://www.bayut.com/property/details-13517673.html
FULLY FURNISHED | MODERN FINISH | READY TO MOVE IN,"72,500",Yearly,1,1,661 sqft,"Binghatti Rose, JVC District 15, Jumeirah Village Circle (JVC), Dubai",https://www.bayut.com/property/details-13467402.html
Studio | Modern Layout | Prime Location,"54,999",Yearly,,1,413 sqft,"West Tower, Luma 22, JVC District 10, Jumeirah Village Circle (JVC), Dubai",https://www.bayut.com/property/details-13506891.html
Modern 2BR Fully Furnished | Smart Home | Huge Terrace,"120,000",Yearly,2,3,"1,240 sqft","Binghatti Heights, JVC District 10, Jumeirah Village Circle (JVC), Dubai",https://www.bayut.com/property/details-13504256.html
apartment for rent,"45,000",Yearly,,1,422 sqft,"May Residence Tower 3, May Residence, JVC District 10, Jumeirah Village Circle (JVC), Dubai",https://www.bayut.com/property/details-13503541.html
Modern Studio | Prime Location | Ready to Move,"57,000",Yearly,,1,409 sqft,"Binghatti Phoenix, JVC District 13, Jumeirah Village Circle (JVC), Dubai",https://www.bayut.com/property/details-13505426.html
"OFFER!! FULLY FURNISHED STUDIO APARTMENT FOR RENT IN ELYSEE II BY PANTHEON, JUMEIRAH VILLAGE CIRCLE!","60,000",Yearly,,1,393 sqft,"Pantheon Elysee II, JVC District 12, Jumeirah Village Circle (JVC), Dubai",https://www.bayut.com/property/details-13593374.html
MODERN | FURNISHED | PRIME LOCATION,"85,000",Yearly,2,1,831 sqft,"Knightsbridge Court, JVC District 13, Jumeirah Village Circle (JVC), Dubai",https://www.bayut.com/property/details-13394651.html
PEACEFULL | LUXURIOUS | SPACIOUS | PARKING | BIG BALCONY,"150,000",Yearly,2,3,"1,364 sqft","Binghatti Aurora, JVC District 12, Jumeirah Village Circle (JVC), Dubai",https://www.bayut.com/property/details-13449865.html
Brand New l Bright l Fully Fitted Kitchen,"87,000",Yearly,1,2,799 sqft,"Binghatti Phoenix, JVC District 13, Jumeirah Village Circle (JVC), Dubai",https://www.bayut.com/property/details-13442953.html
Modern 1BR | Luxury tower | High Floor | Closed Balcony,"75,000",Yearly,1,2,798 sqft,"Reef Residence, JVC District 13, Jumeirah Village Circle (JVC), Dubai",https://www.bayut.com/property/details-13417292.html
Spacious 1 Bedroom | High Floor | Pool View,"65,000",Yearly,1,2,854 sqft,"The Manhattan, JVC District 10, Jumeirah Village Circle (JVC), Dubai",https://www.bayut.com/property/details-13505824.html
Smart Home 1BHK | Balcony Open view | Vacant now,"70,000",Yearly,1,1,620 sqft,"Binghatti Heights, JVC District 10, Jumeirah Village Circle (JVC), Dubai",https://www.bayut.com/property/details-13467393.html
Modern 2BR | Spacious Layout | Prime JVC Location,"150,000",Yearly,2,2,"1,091 sqft","Binghatti Emerald, JVC District 15, Jumeirah Village Circle (JVC), Dubai",https://www.bayut.com/property/details-13443142.html
Large 1BR | Luxury tower | Closed Balcony,"75,000",Yearly,1,2,925 sqft,"Reef Residence, JVC District 13, Jumeirah Village Circle (JVC), Dubai",https://www.bayut.com/property/details-13417953.html
High-End Quality | Private Pool | Brand-New,"109,999",Yearly,1,2,807 sqft,"Binghatti Royale, JVC District 18, Jumeirah Village Circle (JVC), Dubai",https://www.bayut.com/property/details-13437603.html
Spacious 1BR Apartment Semi Close Kitchen with 2 Full Bathrooms,"70,000",Yearly,1,2,823 sqft,"Le Grand Chateau A, Le Grand Chateau, JVC District 10, Jumeirah Village Circle (JVC), Dubai",https://www.bayut.com/property/details-13437185.html
VIP Clients Only | Branded Furniture \ XXL Size,"70,000",Yearly,,1,633 sqft,"LOCI Residences, JVC District 14, Jumeirah Village Circle (JVC), Dubai",https://www.bayut.com/property/details-9179454.html
Near to Exit JVC | 6 Cheques | Ready to Move,"93,000",Yearly,2,3,"1,304 sqft","Ajyad Building, JVC District 10, Jumeirah Village Circle (JVC), Dubai",https://www.bayut.com/property/details-13456129.html
12 Cheques | Bright and Vacant | Fully Furnished,"65,000",Yearly,,1,370 sqft,"Bloom Tower C, Bloom Towers, JVC District 10, Jumeirah Village Circle (JVC), Dubai",https://www.bayut.com/property/details-13462746.html
With Private pool | Vacant Soon | Huge Bedroom,"250,000",Yearly,3,5,"2,432 sqft","Moonbay Villas, JVC District 15, Jumeirah Village Circle (JVC), Dubai",https://www.bayut.com/property/details-11696266.html
Well Maintained | Great Location | Ready to Move,"62,000",Yearly,1,2,616 sqft,"Ajyad Building, JVC District 10, Jumeirah Village Circle (JVC), Dubai",https://www.bayut.com/property/details-13454327.html
Spacious 1BR Apartment | Prime Location | For Rent,"75,000",Yearly,1,2,750 sqft,"Sydney Tower, JVC District 18, Jumeirah Village Circle (JVC), Dubai",https://www.bayut.com/property/details-13421551.html
Vacant I Huge Layout I Prime Location,"220,000",Yearly,4,6,"2,100 sqft","Garden Lane Villas, JVC District 15, Jumeirah Village Circle (JVC), Dubai",https://www.bayut.com/property/details-13434795.html
3BHK Apatment | Huge Layout | Prime Location,"129,995",Yearly,3,3,"1,285 sqft","Binghatti Rose, JVC District 15, Jumeirah Village Circle (JVC), Dubai",https://www.bayut.com/property/details-13393702.html
Brand New | Smart Home | Vacant,"79,999",Yearly,1,2,797 sqft,"Binghatti Phoenix, JVC District 13, Jumeirah Village Circle (JVC), Dubai",https://www.bayut.com/property/details-13381255.html
Premium Furnishing | Quality Living | Hotel FIVE View,"57,999",Yearly,,1,473 sqft,"Park View Tower, JVC District 14, Jumeirah Village Circle (JVC), Dubai",https://www.bayut.com/property/details-13425748.html
Elegant and Spacious 1 Bedroom for Rent I Hamilton House,"110,000",Yearly,1,2,781 sqft,"Hamilton House, JVC District 14, Jumeirah Village Circle (JVC), Dubai",https://www.bayut.com/property/details-13358094.html
Upgraded | Huge Plot | Ready To Move In,"280,000",Yearly,3,3,"8,256 sqft","JVC District 16, Jumeirah Village Circle (JVC), Dubai",https://www.bayut.com/property/details-13435731.html
Elegant Touch | Fully Furnished | Cozy Unit,"81,500",Yearly,1,2,617 sqft,"Pantheon Elysee III, JVC District 15, Jumeirah Village Circle (JVC), Dubai",https://www.bayut.com/property/details-13378821.html
Fully Furnished | Great Location | Studio Apartment,"49,999",Yearly,,1,343 sqft,"O2 Tower, JVC District 14, Jumeirah Village Circle (JVC), Dubai",https://www.bayut.com/property/details-13390779.html
Brand New | Spacious | First Tenant,"60,000",Yearly,,1,426 sqft,"Binghatti Phoenix, JVC District 13, Jumeirah Village Circle (JVC), Dubai",https://www.bayut.com/property/details-13432152.html
Modern and Spacious 1BR For Rent I Belgravia 2,"90,000",Yearly,1,2,815 sqft,"Belgravia 2, JVC District 14, Jumeirah Village Circle (JVC), Dubai",https://www.bayut.com/property/details-13371422.html
3BR+Maid | Ready To Move | Huge Size,"160,000",Yearly,3,4,"3,255 sqft","Royal JVC Building, JVC District 10, Jumeirah Village Circle (JVC), Dubai",https://www.bayut.com/property/details-13402579.html
High-End Quality | Private Pool | Smart Home | Vacant Now!!,"115,000",Yearly,1,2,921 sqft,"Binghatti Royale, JVC District 18, Jumeirah Village Circle (JVC), Dubai",https://www.bayut.com/property/details-13472266.html
Affordable Studio | with Balcony | Great Location in JVC,"51,000",Yearly,,1,451 sqft,"Hanover Square, JVC District 10, Jumeirah Village Circle (JVC), Dubai",https://www.bayut.com/property/details-13428755.html
Brand New 1BR | Prime Location | Ready to Move In,"75,000",Yearly,1,1,820 sqft,"Tower 108, JVC District 18, Jumeirah Village Circle (JVC), Dubai",https://www.bayut.com/property/details-13431989.html
1 Bedroom Apartment for Rent with Private Jacuzzi | JVC,"110,000",Yearly,1,2,911 sqft,"Binghatti Phantom, JVC District 17, Jumeirah Village Circle (JVC), Dubai",https://www.bayut.com/property/details-13344229.html
Bright 1BR Apartment | Fully Furnished | for Rent,"89,000",Yearly,1,2,801 sqft,"Concept 7 Residences, JVC District 11, Jumeirah Village Circle (JVC), Dubai",https://www.bayut.com/property/details-13445556.html
1 bed | best ammenities | spacious,"115,000",Yearly,1,2,807 sqft,"Binghatti Royale, JVC District 18, Jumeirah Village Circle (JVC), Dubai",https://www.bayut.com/property/details-13367445.html
SPACIOUS UNIT | GREEN VIEW | NEAR CIRCLE MALL,"68,000",Yearly,1,2,706 sqft,"Jeewar Apartments, JVC District 11, Jumeirah Village Circle (JVC), Dubai",https://www.bayut.com/property/details-13379185.html
Elegant Unfurnished 1BHK Apartment in Royal JVC Community,"62,000",Yearly,1,2,787 sqft,"Royal JVC Building, JVC District 10, Jumeirah Village Circle (JVC), Dubai",https://www.bayut.com/property/details-13405335.html
Studio with Big Balcony I Great Quality I Modern Living,"52,000",Yearly,,1,429 sqft,"Platinum Residences, JVC District 12, Jumeirah Village Circle (JVC), Dubai",https://www.bayut.com/property/details-13375549.html
STUDIO | MODERN | AL BARSHA SOUTH | 12 CHEQUES,"65,000",Yearly,,1,380 sqft,"Binghatti Aurora, JVC District 12, Jumeirah Village Circle (JVC), Dubai",https://www.bayut.com/property/details-13596143.html
Spacious 2BR with 2 Bathrooms | Huge Layout | Prime Location,"122,000",Yearly,2,2,"1,227 sqft","SH Living 1, JVC District 14, Jumeirah Village Circle (JVC), Dubai",https://www.bayut.com/property/details-13425543.html
Ready To Move | Modern Interior | Flexible Terms,"79,999",Yearly,1,2,783 sqft,"Dune Residency, JVC District 17, Jumeirah Village Circle (JVC), Dubai",https://www.bayut.com/property/details-13378201.html
Rare 2BHK Duplex | 2 Parking | Specious,"139,990",Yearly,2,3,"1,984 sqft","Fortunato, JVC District 11, Jumeirah Village Circle (JVC), Dubai",https://www.bayut.com/property/details-13305822.html
Bright - large - convenient layout - chiller free,"95,000",Yearly,2,3,"1,184 sqft","Oxford Building, JVC District 14, Jumeirah Village Circle (JVC), Dubai",https://www.bayut.com/property/details-13374014.html
High Floor | Private Pool | Luxury Living Redefined,"99,900",Yearly,1,2,796 sqft,"Binghatti Phantom, JVC District 17, Jumeirah Village Circle (JVC), Dubai",https://www.bayut.com/property/details-13364614.html
Spacious 3BHK + Maid Room Duplex for Rent in Royal JVC,"160,000",Yearly,3,4,"3,254 sqft","Royal JVC Building, JVC District 10, Jumeirah Village Circle (JVC), Dubai",https://www.bayut.com/property/details-13405702.html
Affordable 1 BHK for Rent | Venus 1 | Family-Friendly JVC Community,"65,000",Yearly,1,2,630 sqft,"Venus 1, JVC District 12, Jumeirah Village Circle (JVC), Dubai",https://www.bayut.com/property/details-13563600.html
Elegant 1BR | Ready to Move In | Brand New,"85,000",Yearly,1,2,880 sqft,"Hadley Heights, JVC District 11, Jumeirah Village Circle (JVC), Dubai",https://www.bayut.com/property/details-13325147.html
Studio | best ammenities | spacious,"50,000",Yearly,,1,443 sqft,"Marwa Heights, JVC District 15, Jumeirah Village Circle (JVC), Dubai",https://www.bayut.com/property/details-13239782.html
Brand New | Fitted Kitchen | Ready to Move in,"53,999",Yearly,,1,380 sqft,"Binghatti Aurora, JVC District 12, Jumeirah Village Circle (JVC), Dubai",https://www.bayut.com/property/details-13354549.html
Brand New Apartment | Garden View | Private Pool,"109,999",Yearly,1,2,808 sqft,"Binghatti Royale, JVC District 18, Jumeirah Village Circle (JVC), Dubai",https://www.bayut.com/property/details-13299039.html
Fully Furnished | Newly Renovated | Flexible Cheques,"69,992",Yearly,1,2,572 sqft,"Summer 2 Block A, Summer, Seasons Community, JVC District 15, Jumeirah Village Circle (JVC), Dubai",https://www.bayut.com/property/details-13375251.html
Near Circle Mall | Best Price | Ready To Move,"89,999",Yearly,2,3,888 sqft,"Fortunato, JVC District 11, Jumeirah Village Circle (JVC), Dubai",https://www.bayut.com/property/details-13309890.html
November Offer 67K | 1Bedroom with Appliances | Boulevard View,"67,000",Yearly,1,2,698 sqft,"Rokane G22, JVC District 11, Jumeirah Village Circle (JVC), Dubai",https://www.bayut.com/property/details-13350866.html
2 bhk Apartment | with best ammenities | Road view,"130,000",Yearly,2,3,"1,548 sqft","Laya Residences, JVC District 10, Jumeirah Village Circle (JVC), Dubai",https://www.bayut.com/property/details-13306232.html
Podium Floor | Ready to move in with Balcony,"140,000",Yearly,2,2,"1,523 sqft","Al Manal Elite, JVC District 13, Jumeirah Village Circle (JVC), Dubai",https://www.bayut.com/property/details-13353983.html
"Bright 1 Bedroom + Study Room | Prime Location in Al Waleed Residence, JVC","80,000",Yearly,1,2,"1,204 sqft","Al Waleed Building, JVC District 13, Jumeirah Village Circle (JVC), Dubai",https://www.bayut.com/property/details-13542513.html
Spacious 2bhk WITH 3 BATHROOM Very Close to Circle Mall in Just 85k,"85,000",Yearly,2,3,973 sqft,"Mir 5, JVC District 11, Jumeirah Village Circle (JVC), Dubai",https://www.bayut.com/property/details-13360926.html
2 BEDROOM PLUS STUDY IN PRIME LOCATION,"179,999",Yearly,2,3,"1,425 sqft","Hadley Heights, JVC District 11, Jumeirah Village Circle (JVC), Dubai",https://www.bayut.com/property/details-13362680.html
"Binghatti Gate, JVC, District 15, Jumeirah Village Circle","60,000",Yearly,1,2,644 sqft,"Binghatti Gate, JVC District 15, Jumeirah Village Circle (JVC), Dubai",https://www.bayut.com/property/details-13341273.html
Prime Location! 1-Bedroom Apartment in Al Manal Elite for Rent,"85,000",Yearly,1,2,950 sqft,"Al Manal Elite, JVC District 13, Jumeirah Village Circle (JVC), Dubai",https://www.bayut.com/property/details-13518467.html
Pool View |Open Kitchen |Prime Location |Spacious,"74,999",Yearly,1,2,905 sqft,"Alcove, JVC District 11, Jumeirah Village Circle (JVC), Dubai",https://www.bayut.com/property/details-13286356.html
Spacious 2BR+Study | Community View | Call Now,"128,000",Yearly,2,3,"1,343 sqft","Plaza Residences Block B, Plaza Residences, JVC District 13, Jumeirah Village Circle (JVC), Dubai",https://www.bayut.com/property/details-13249325.html
Luxury Apartment | Brand New | Great Amenities,"90,000",Yearly,1,2,795 sqft,"Binghatti Phantom, JVC District 17, Jumeirah Village Circle (JVC), Dubai",https://www.bayut.com/property/details-13243873.html
Luxury 1Bed | Fully Furnished | Brand New,"109,999",Yearly,1,2,754 sqft,"Pearl House 2, JVC District 12, Jumeirah Village Circle (JVC), Dubai",https://www.bayut.com/property/details-13239249.html
1 BHK | Pool View | Spacious | PLaza Residence,"62,000",Yearly,1,2,786 sqft,"Plaza Residences Block B, Plaza Residences, JVC District 13, Jumeirah Village Circle (JVC), Dubai",https://www.bayut.com/property/details-13299471.html
Large 1 Bed | Community View | Best Deal!! Must See!!,"65,000",Yearly,1,2,"1,010 sqft","Maple 2, Emirates Gardens 2, JVC District 14, Jumeirah Village Circle (JVC), Dubai",https://www.bayut.com/property/details-13339087.html
2 bhk Apartment | with best ammenities | Road view,"165,000",Yearly,2,4,"1,784 sqft","Eleganz by Danube, JVC District 14, Jumeirah Village Circle (JVC), Dubai",https://www.bayut.com/property/details-13206687.html
Light & Bright STUDIO / park view / JVC,"50,000",Yearly,,1,362 sqft,"Binghatti Tulip, JVC District 11, Jumeirah Village Circle (JVC), Dubai",https://www.bayut.com/property/details-13505230.html
Park View | Prime Location | Spacious Unit,"110,000",Yearly,2,3,"1,055 sqft","Bloom Heights 1, Bloom Heights, JVC District 15, Jumeirah Village Circle (JVC), Dubai",https://www.bayut.com/property/details-13294108.html
Brand New-Bright &Spacious-Fitted kitchen,"65,000",Yearly,,1,409 sqft,"Binghatti Phoenix, JVC District 13, Jumeirah Village Circle (JVC), Dubai",https://www.bayut.com/property/details-13297642.html
Lowest Rent in 1BED +Pool | High Floor | Fully Fitted Kitchen | Spacious layout,"110,000",Yearly,1,2,910 sqft,"Binghatti Phantom, JVC District 17, Jumeirah Village Circle (JVC), Dubai",https://www.bayut.com/property/details-13227748.html
Pool View | Spacious 2BR | Vacant in January,"148,000",Yearly,2,2,"1,217 sqft","Belgravia 3A, Belgravia 3, JVC District 15, Jumeirah Village Circle (JVC), Dubai",https://www.bayut.com/property/details-9386343.html
"Brand New, Vacant and Ready, Good Location","79,990",Yearly,1,2,846 sqft,"Lumina Vista Residences, JVC District 14, Jumeirah Village Circle (JVC), Dubai",https://www.bayut.com/property/details-13267605.html
Move-In Ready | Stylish Furnished 1BR for Modern Living In 1 Cheque payment,"90,000",Yearly,1,1,669 sqft,"Binghatti Emerald, JVC District 15, Jumeirah Village Circle (JVC), Dubai",https://www.bayut.com/property/details-13245367.html
Spacious | Huge Layout | Prime Location,"104,999",Yearly,1,2,807 sqft,"Binghatti Royale, JVC District 18, Jumeirah Village Circle (JVC), Dubai",https://www.bayut.com/property/details-13240052.html
Vacant Soon- Spacious Unit - With Balcony,"45,000",Yearly,,1,540 sqft,"Lavender 2, Emirates Gardens, JVC District 12, Jumeirah Village Circle (JVC), Dubai",https://www.bayut.com/property/details-13309413.html
Autograph Place South Amazing Penthouse for the Rent,"150,000",Yearly,2,2,"1,376 sqft","The Autograph, JVC District 10, Jumeirah Village Circle (JVC), Dubai",https://www.bayut.com/property/details-13312358.html
Brand New-Spacious -Fitted kitchen,"85,000",Yearly,1,2,760 sqft,"Binghatti Phoenix, JVC District 13, Jumeirah Village Circle (JVC), Dubai",https://www.bayut.com/property/details-13246579.html
Brand New 1 Bedroom | Private Plunge Pool | Fully Fitted Kitchen,"110,000",Yearly,1,2,807 sqft,"Binghatti Royale, JVC District 18, Jumeirah Village Circle (JVC), Dubai",https://www.bayut.com/property/details-13235730.html
Open View | Prime Location | Spacious Unit,"58,000",Yearly,,1,338 sqft,"Binghatti Azure, JVC District 16, Jumeirah Village Circle (JVC), Dubai",https://www.bayut.com/property/details-13133352.html
Spacious Unit | Huge Layout | Prime Location,"140,000",Yearly,2,3,"1,190 sqft","Binghatti Phoenix, JVC District 13, Jumeirah Village Circle (JVC), Dubai",https://www.bayut.com/property/details-13275475.html
READY TO MOVE IN | POOL FACING | BRIGHT | SPACIOUS,"75,000",Yearly,1,2,803 sqft,"Rigel Apartments, JVC District 10, Jumeirah Village Circle (JVC), Dubai",https://www.bayut.com/property/details-13236188.html
Brand new | High floor | Luxurious,"115,000",Yearly,2,2,984 sqft,"Binghatti Corner, JVC District 10, Jumeirah Village Circle (JVC), Dubai",https://www.bayut.com/property/details-13012371.html
Fully Furnished | Modern Unit | Ready to move in,"90,000",Yearly,1,2,816 sqft,"Bluebell  Residence, JVC District 11, Jumeirah Village Circle (JVC), Dubai",https://www.bayut.com/property/details-13172037.html
Bright 1 Bed | Spacious | New Building,"79,999",Yearly,1,2,862 sqft,"Mass Residence, JVC District 11, Jumeirah Village Circle (JVC), Dubai",https://www.bayut.com/property/details-13189889.html
Balcony | Parking | Pool | Gym | Next to gate 2 in JVC,"48,000",Yearly,,1,416 sqft,"May Residence Tower 3, May Residence, JVC District 10, Jumeirah Village Circle (JVC), Dubai",https://www.bayut.com/property/details-13210605.html
Fully Furnished | Great Location | Call Now,"80,000",Yearly,1,1,654 sqft,"Belgravia 3A, Belgravia 3, JVC District 15, Jumeirah Village Circle (JVC), Dubai",https://www.bayut.com/property/details-13188000.html
Spacious 3BR + Maid Townhouse | Private Garden | Move-In Ready,"190,000",Yearly,3,5,"2,583 sqft","Nakheel Townhouse, JVC District 12, Jumeirah Village Circle (JVC), Dubai",https://www.bayut.com/property/details-13241626.html
Brand New | Premium Quality | Prime Location,"64,999",Yearly,,1,498 sqft,"Binghatti Phoenix, JVC District 13, Jumeirah Village Circle (JVC), Dubai",https://www.bayut.com/property/details-13278317.html
Brand New-Pool View-Fitted kitchen,"60,000",Yearly,,1,413 sqft,"Binghatti Phoenix, JVC District 13, Jumeirah Village Circle (JVC), Dubai",https://www.bayut.com/property/details-13297832.html
AMAZING VIEW | HIGH FLOOR APARTMENT | SPACIOUS APARTMENT,"48,000",Yearly,,1,416 sqft,"May Residence Tower 3, May Residence, JVC District 10, Jumeirah Village Circle (JVC), Dubai",https://www.bayut.com/property/details-13201000.html
Iconic Unit | Brand New | Recently Handover,"170,000",Yearly,2,3,"1,595 sqft","Binghatti Phantom, JVC District 17, Jumeirah Village Circle (JVC), Dubai",https://www.bayut.com/property/details-13137994.html
Park View | Brand New | Prime Location,"60,000",Yearly,,1,429 sqft,"Binghatti Phoenix, JVC District 13, Jumeirah Village Circle (JVC), Dubai",https://www.bayut.com/property/details-13197452.html
Fully Furnished | Great Location | Call Now,"110,000",Yearly,2,3,"1,280 sqft","Alcove, JVC District 11, Jumeirah Village Circle (JVC), Dubai",https://www.bayut.com/property/details-13131995.html
1 Bedroom| Private Pool | Brand New |Ready to move,"110,000",Yearly,1,2,807 sqft,"Binghatti Royale, JVC District 18, Jumeirah Village Circle (JVC), Dubai",https://www.bayut.com/property/details-13273172.html
Prime location/Luxurious/Vacant,"300,000",Yearly,4,6,"1,679 sqft","La Perla Homes 12, JVC District 12, Jumeirah Village Circle (JVC), Dubai",https://www.bayut.com/property/details-13193250.html
Biggest Layout | Vacant Soon | Near Mall,"65,000",Yearly,,1,488 sqft,"Binghatti Galaxy Tower B, Binghatti Galaxy, JVC District 11, Jumeirah Village Circle (JVC), Dubai",https://www.bayut.com/property/details-13165074.html
Elegant 2BR | Closed Kitchen | Ready To Move,"82,000",Yearly,2,3,"1,278 sqft","Sunrise Tower JVC, JVC District 11, Jumeirah Village Circle (JVC), Dubai",https://www.bayut.com/property/details-13158895.html
On High Floor | Closed Kitchen | Store room,"58,000",Yearly,1,2,818 sqft,"Sunrise Tower JVC, JVC District 11, Jumeirah Village Circle (JVC), Dubai",https://www.bayut.com/property/details-13158893.html
Elegant Boutique Living | Spacious | Huge Layout,"100,000",Yearly,2,2,"1,001 sqft","Milano by Giovanni Boutique Suites, JVC District 17, Jumeirah Village Circle (JVC), Dubai",https://www.bayut.com/property/details-13216161.html
Fully Furnished | Studio | Ready to move in,"53,000",Yearly,,1,464 sqft,"Plaza Residences Block B, Plaza Residences, JVC District 13, Jumeirah Village Circle (JVC), Dubai",https://www.bayut.com/property/details-13063114.html
Modern building | DEWA | Spacious Layout,"140,000",Yearly,2,2,"1,421 sqft","Mass Residence, JVC District 11, Jumeirah Village Circle (JVC), Dubai",https://www.bayut.com/property/details-13150410.html
Pool View ! Fablous Size ! Smart Home ! Study room ! Terrace,"88,000",Yearly,1,2,"1,073 sqft","La Riviera Azure, JVC District 10, Jumeirah Village Circle (JVC), Dubai",https://www.bayut.com/property/details-13129128.html
Fully Furnished | Premium Quality | Higher Floor,"49,990",Yearly,,1,388 sqft,"Sydney Tower, JVC District 18, Jumeirah Village Circle (JVC), Dubai",https://www.bayut.com/property/details-13156100.html
Luxury 2BHK | Fully Furnished | Prime JVC Location,"129,000",Yearly,2,3,"1,056 sqft","Bloom Heights 1, Bloom Heights, JVC District 15, Jumeirah Village Circle (JVC), Dubai",https://www.bayut.com/property/details-13103535.html
Brand New | Pool View | Prime Quality,"64,000",Yearly,,1,426 sqft,"Binghatti Phoenix, JVC District 13, Jumeirah Village Circle (JVC), Dubai",https://www.bayut.com/property/details-13125566.html
Elegant Studio | Brand New | Handover soon,"65,000",Yearly,,1,409 sqft,"Binghatti Phoenix, JVC District 13, Jumeirah Village Circle (JVC), Dubai",https://www.bayut.com/property/details-13164351.html
***Rent to Own **Spacious 3-BR Townhouse | Yellow Villa | Ready to move in|,"175,000",Yearly,3,4,"1,511 sqft","JVC District 15, Jumeirah Village Circle (JVC), Dubai",https://www.bayut.com/property/details-13095254.html
Vacant | For Rent | Prime Location,"75,000",Yearly,1,2,807 sqft,"Alef Noon Residence, JVC District 16, Jumeirah Village Circle (JVC), Dubai",https://www.bayut.com/property/details-13078355.html
Chic Loft Studio in Prime JVC Location,"78,000",Yearly,,1,444 sqft,"Diamond Views 1 Block A, Diamond Views 1, JVC District 14, Jumeirah Village Circle (JVC), Dubai",https://www.bayut.com/property/details-13011033.html
RARE STUDIO LAYOUT | MODERN DECOR | SMART STUDIO,"60,000",Yearly,,1,437 sqft,"Joya Verde Residences, JVC District 11, Jumeirah Village Circle (JVC), Dubai",https://www.bayut.com/property/details-13101357.html
Exclusive 3BR Townhouse | 7 West JVC | Family Park,"185,000",Yearly,3,5,"1,504 sqft","7 West Residence, JVC District 12, Jumeirah Village Circle (JVC), Dubai",https://www.bayut.com/property/details-13088808.html
1 bed | best ammenities | spacious,"64,999",Yearly,1,2,659 sqft,"Diamond Views III, JVC District 11, Jumeirah Village Circle (JVC), Dubai",https://www.bayut.com/property/details-12998567.html
***Rent to Own ***Luxurious 3-BR Townhouse | Yellow Villa | Ready to move in|,"170,000",Yearly,3,4,"1,480 sqft","JVC District 15, Jumeirah Village Circle (JVC), Dubai",https://www.bayut.com/property/details-13095173.html
***Rent to Own **Spacious 3-BR Townhouse | Yellow Villa | Ready to move in|,"180,000",Yearly,3,4,"1,480 sqft","JVC District 15, Jumeirah Village Circle (JVC), Dubai",https://www.bayut.com/property/details-13095189.html
Amazing Layout | 2 BHK Duplex | Specious,"154,950",Yearly,2,3,"2,501 sqft","Fortunato, JVC District 11, Jumeirah Village Circle (JVC), Dubai",https://www.bayut.com/property/details-13018770.html
Private Pool | Furnished | Brand new,"160,000",Yearly,2,2,"1,223 sqft","Binghatti Tulip, JVC District 11, Jumeirah Village Circle (JVC), Dubai",https://www.bayut.com/property/details-13030811.html
LUXURY 1BR | FULLY FURNISHED | PEARL HOUSE 2,"99,999",Yearly,1,2,872 sqft,"Pearl House by Imtiaz, JVC District 13, Jumeirah Village Circle (JVC), Dubai",https://www.bayut.com/property/details-13059636.html
Chiller Free 2bed | Fitted Kitchen l Reserved Parking,"85,000",Yearly,2,3,"1,321 sqft","Sobha Daffodil Wing B, Sobha Daffodil, JVC District 13, Jumeirah Village Circle (JVC), Dubai",https://www.bayut.com/property/details-13049557.html
Kitchen Appliances | 2 Baths | Premium Finishing,"89,998",Yearly,1,2,815 sqft,"Belgravia 2, JVC District 14, Jumeirah Village Circle (JVC), Dubai",https://www.bayut.com/property/details-12876567.html
Pool View | Exclusive | Brand New Unit,"55,000",Yearly,,1,458 sqft,"Hadley Heights, JVC District 11, Jumeirah Village Circle (JVC), Dubai",https://www.bayut.com/property/details-12994375.html
FULLY FURNSIHED I BIG LAYOUT I MULTIPLE CHEQUES,"55,000",Yearly,,1,525 sqft,"Botanica, JVC District 13, Jumeirah Village Circle (JVC), Dubai",https://www.bayut.com/property/details-13025412.html
Marina Skyline View | High-Floor | Unfurnished,"74,999",Yearly,1,1,525 sqft,"Binghatti House, JVC District 10, Jumeirah Village Circle (JVC), Dubai",https://www.bayut.com/property/details-13024665.html
Bright & Airy 4BR + Maid Near Park |Prime Location,"160,000",Yearly,4,6,"1,427 sqft","Autumn, Seasons Community, JVC District 15, Jumeirah Village Circle (JVC), Dubai",https://www.bayut.com/property/details-12942966.html
Fully Furnished | Elegant 1 BR | | Heigh Floor | Ready to Move in,"75,000",Yearly,1,2,877 sqft,"Tower 108, JVC District 18, Jumeirah Village Circle (JVC), Dubai",https://www.bayut.com/property/details-12903101.html
Stunning Pool View | Prime High-Floor Location | Easy Exit Access,"70,000",Yearly,1,1,570 sqft,"Bloom Tower C, Bloom Towers, JVC District 10, Jumeirah Village Circle (JVC), Dubai",https://www.bayut.com/property/details-12859748.html
Spacious | Huge Layout | Prime Location,"119,999",Yearly,2,3,"1,300 sqft","SH Living 1, JVC District 14, Jumeirah Village Circle (JVC), Dubai",https://www.bayut.com/property/details-12958782.html
1 Bed +Loft Apartment | Fully Furnished,"135,000",Yearly,1,2,865 sqft,"Oxford 212, JVC District 10, Jumeirah Village Circle (JVC), Dubai",https://www.bayut.com/property/details-12924479.html
Furnished 1BR | Well Maintained | Vacant Soon,"98,000",Yearly,1,2,717 sqft,"Signature Livings South, Signature Livings, JVC District 10, Jumeirah Village Circle (JVC), Dubai",https://www.bayut.com/property/details-12927341.html
Community view | High Floor | Ready to Move In,"55,000",Yearly,,1,383 sqft,"Binghatti Azure, JVC District 16, Jumeirah Village Circle (JVC), Dubai",https://www.bayut.com/property/details-12954196.html
Pool View | Spacious 1BR | Vacant in November,"78,000",Yearly,1,2,752 sqft,"Aria Residence, JVC District 14, Jumeirah Village Circle (JVC), Dubai",https://www.bayut.com/property/details-12870399.html
1BR with Pool & Parking | SH Living JVC | Fitted Kitchen,"75,000",Yearly,1,2,713 sqft,"SH Living 1, JVC District 14, Jumeirah Village Circle (JVC), Dubai",https://www.bayut.com/property/details-12964993.html
Luxury apartment I Open Kitchen | Smart Home Alexa | Balcony | Brand New | Prime Location I First Tenant I JVC,"175,000",Yearly,3,4,"2,133 sqft","La Rose, JVC District 12, Jumeirah Village Circle (JVC), Dubai",https://www.bayut.com/property/details-12916033.html
Brand New Spacious Apartment in Family Building With Pool,"130,000",Yearly,1,2,"1,454 sqft","SH Living 1, JVC District 14, Jumeirah Village Circle (JVC), Dubai",https://www.bayut.com/property/details-12835866.html
Good Price Spacious 1BHK With Kitchen Appliances in just 64K,"64,000",Yearly,1,2,606 sqft,"Aurion Residence, JVC District 10, Jumeirah Village Circle (JVC), Dubai",https://www.bayut.com/property/details-12911115.html
Pool View | Including Bill | Pay In 12 Cheques,"64,800",Yearly,,1,434 sqft,"Laya Mansion, JVC District 15, Jumeirah Village Circle (JVC), Dubai",https://www.bayut.com/property/details-12797392.html
Fully Furnished | Upgraded | Vacant | Prime Location,"130,000",Yearly,1,2,846 sqft,"Nicholas Residence, JVC District 12, Jumeirah Village Circle (JVC), Dubai",https://www.bayut.com/property/details-11162709.html
Pool View | Spacious 3BR | Prime location,"144,999",Yearly,3,3,"1,359 sqft","Binghatti Heights, JVC District 10, Jumeirah Village Circle (JVC), Dubai",https://www.bayut.com/property/details-12678972.html
Brand New I High Floor I Best View,"120,000",Yearly,2,2,"1,112 sqft","Binghatti Gardenia, JVC District 11, Jumeirah Village Circle (JVC), Dubai",https://www.bayut.com/property/details-12805079.html
Fully Furnished | High Floor | Deal,"95,000",Yearly,1,2,614 sqft,"Binghatti Emerald, JVC District 15, Jumeirah Village Circle (JVC), Dubai",https://www.bayut.com/property/details-11056558.html
Fully Furnished Apartment for Rent | Comfortable Living in a Prime Location,"84,999",Yearly,1,2,777 sqft,"Park Vista, JVC District 13, Jumeirah Village Circle (JVC), Dubai",https://www.bayut.com/property/details-12815900.html
Studio LOFT | Furnished | Multiple Cheques,"78,000",Yearly,,1,426 sqft,"Aria Residence, JVC District 14, Jumeirah Village Circle (JVC), Dubai",https://www.bayut.com/property/details-12739742.html
Ready to move | Fully Upgraded | Multiple Cheques,"60,000",Yearly,,1,406 sqft,"Plaza Residences Block B, Plaza Residences, JVC District 13, Jumeirah Village Circle (JVC), Dubai",https://www.bayut.com/property/details-12688663.html
UNFURNISHED APARTMENT | MODERN | PRIME LOCATION,"79,999",Yearly,1,2,782 sqft,"Binghatti Aurora, JVC District 12, Jumeirah Village Circle (JVC), Dubai",https://www.bayut.com/property/details-13237663.html
Fully Furnished |Spacious 1BR |Prime location | Full Facilities,"85,000",Yearly,1,2,634 sqft,"Binghatti Nova, JVC District 12, Jumeirah Village Circle (JVC), Dubai",https://www.bayut.com/property/details-10978219.html
1BR I Ready to move in I Prime location- JVC,"75,000",Yearly,1,2,512 sqft,"Binghatti Tulip, JVC District 11, Jumeirah Village Circle (JVC), Dubai",https://www.bayut.com/property/details-12752684.html
Spacious 1 Bedroom Apartment | Community View | JVC,"75,000",Yearly,1,2,820 sqft,"Tower 108, JVC District 18, Jumeirah Village Circle (JVC), Dubai",https://www.bayut.com/property/details-12616550.html
Well Maintained | Ready/Vacant | Viewing 24/7,"75,000",Yearly,1,2,861 sqft,"Taraf 1 Residence, JVC District 11, Jumeirah Village Circle (JVC), Dubai",https://www.bayut.com/property/details-12602875.html
Live The Luxury | branded Furniture | Newest in the Market,"62,000",Yearly,,1,493 sqft,"LOCI Residences, JVC District 14, Jumeirah Village Circle (JVC), Dubai",https://www.bayut.com/property/details-9145078.html
Prime Location | Stylish Home Beside Circle Mall,"78,000",Yearly,1,2,856 sqft,"Mass Residence, JVC District 11, Jumeirah Village Circle (JVC), Dubai",https://www.bayut.com/property/details-12738618.html
City View | Accessible | Ready to Move in,"54,999",Yearly,,1,392 sqft,"Binghatti Azure, JVC District 16, Jumeirah Village Circle (JVC), Dubai",https://www.bayut.com/property/details-12645478.html
Community View | Prime Location | Spacious Unit,"109,999",Yearly,2,3,"1,431 sqft","Al Naim Residence, JVC District 10, Jumeirah Village Circle (JVC), Dubai",https://www.bayut.com/property/details-12652037.html
Loft Style Studio| Fully Furnished | Ready To Move,"70,000",Yearly,,1,491 sqft,"Casa Grande, JVC District 11, Jumeirah Village Circle (JVC), Dubai",https://www.bayut.com/property/details-12577442.html
Bright & Airy 2-Bedroom Flat in Central Avanos – 2 BEDROOM PLUS STUDY,"129,999",Yearly,2,3,"1,186 sqft","Avanos Residence, JVC District 10, Jumeirah Village Circle (JVC), Dubai",https://www.bayut.com/property/details-12672169.html
Massive 4 Bed | Vacant | With amanities,"140,000",Yearly,4,6,"1,455 sqft","Sandoval Garden, JVC District 14, Jumeirah Village Circle (JVC), Dubai",https://www.bayut.com/property/details-12424429.html
Spacious Brand New Home | Steps from Circle Mall,"78,000",Yearly,1,2,855 sqft,"Mass Residence, JVC District 11, Jumeirah Village Circle (JVC), Dubai",https://www.bayut.com/property/details-12582388.html
Furnished I Brand New I U-shape Kitchen,"87,000",Yearly,,1,451 sqft,"Luma21, JVC District 14, Jumeirah Village Circle (JVC), Dubai",https://www.bayut.com/property/details-12556403.html
Upgraded and Furnished 1BR | Pool View,"80,000",Yearly,1,2,747 sqft,"La Riviera Estate A, La Riviera Estates, JVC District 10, Jumeirah Village Circle (JVC), Dubai",https://www.bayut.com/property/details-12337094.html
Studio Apartment | with best ammenities | Community view,"50,999",Yearly,,1,442 sqft,"DAMAC Ghalia, JVC District 18, Jumeirah Village Circle (JVC), Dubai",https://www.bayut.com/property/details-12223152.html
Specious | Park View | Near to Entry & Exit,"109,950",Yearly,2,3,"1,056 sqft","Bloom Heights 1, Bloom Heights, JVC District 15, Jumeirah Village Circle (JVC), Dubai",https://www.bayut.com/property/details-12452009.html
Fully Furnished 1 Bedroom | Vacant | Ready to Move-In,"89,000",Yearly,1,1,734 sqft,"Aura, JVC District 14, Jumeirah Village Circle (JVC), Dubai",https://www.bayut.com/property/details-12330965.html
JSS School ! Prime Location ! Ready to Move,"66,000",Yearly,1,2,747 sqft,"La Riviera Estate A, La Riviera Estates, JVC District 10, Jumeirah Village Circle (JVC), Dubai",https://www.bayut.com/property/details-12340538.html
Brand New | Spacious | Modern Elegance,"53,000",Yearly,,1,389 sqft,"Binghatti Azure, JVC District 16, Jumeirah Village Circle (JVC), Dubai",https://www.bayut.com/property/details-12298958.html
AVAILABLE IN 6 CHEQUES | BEST PRICED| ONE BR FURNISHED| WELL MAINTAINED| GARDENIA1,"66,000",Yearly,1,2,978 sqft,"Gardenia 1, Emirates Gardens, JVC District 12, Jumeirah Village Circle (JVC), Dubai",https://www.bayut.com/property/details-7969735.html
Brand New 1BR | Mass Residence JVC | Equipped Kitchen,"80,000",Yearly,1,2,861 sqft,"Mass Residence, JVC District 11, Jumeirah Village Circle (JVC), Dubai",https://www.bayut.com/property/details-12572897.html
Luxury Fully Furnished Studio | al Khail Road | high floor,"55,000",Yearly,,1,396 sqft,"Bloom Tower C, Bloom Towers, JVC District 10, Jumeirah Village Circle (JVC), Dubai",https://www.bayut.com/property/details-12642657.html
Luxury apartment I Open Kitchen | Smart Home Alexa | Balcony | Brand New | Prime Location I First Tenant I JVC,"175,000",Yearly,3,4,"1,969 sqft","La Rose, JVC District 12, Jumeirah Village Circle (JVC), Dubai",https://www.bayut.com/property/details-11952094.html
Premium Quality | Spacious 1BR | Fully Furnished,"69,999",Yearly,1,2,744 sqft,"DAMAC Ghalia, JVC District 18, Jumeirah Village Circle (JVC), Dubai",https://www.bayut.com/property/details-11887472.html
Elegantly Furnished One Bedroom for Immediate rent in Bloom Tower B in JVC,"78,000",Yearly,1,2,687 sqft,"Bloom Tower B, Bloom Towers, JVC District 10, Jumeirah Village Circle (JVC), Dubai",https://www.bayut.com/property/details-12548830.html
"DEAL OF THE MONTH SPACIOUS APARTMENT || 900SQ, FT || JUST 55K","55,000",Yearly,1,1,889 sqft,"Siena 1, Siena, Tuscan Residence, JVC District 10, Jumeirah Village Circle (JVC), Dubai",https://www.bayut.com/property/details-11916144.html
Luxurious 2BR | Huge Layout | Call Now,"109,950",Yearly,2,3,"1,113 sqft","La Residenza, JVC District 10, Jumeirah Village Circle (JVC), Dubai",https://www.bayut.com/property/details-11879427.html
Brand New | 02 Bed Room Hall | No Commission | One Month Grace Period,"80,000",Yearly,2,2,771 sqft,"JVC District 11, Jumeirah Village Circle (JVC), Dubai",https://www.bayut.com/property/details-12399067.html
1 + Study | Rent | Open View | Spacious | Great Price | Ready To Move | Prim Location,"80,000",Yearly,1,2,927 sqft,"May Residence Tower 1, May Residence, JVC District 10, Jumeirah Village Circle (JVC), Dubai",https://www.bayut.com/property/details-11917844.html
Premium Quality | Near To Circle Mall | 12 Cheques,"84,999",Yearly,1,2,699 sqft,"Empire Residence, JVC District 17, Jumeirah Village Circle (JVC), Dubai",https://www.bayut.com/property/details-11844429.html
Ready To Move In | Duplex | Spacious Layout,"129,000",Yearly,2,3,"1,840 sqft","Villa Myra, JVC District 15, Jumeirah Village Circle (JVC), Dubai",https://www.bayut.com/property/details-13634049.html
Fully Furnished | Great Location | Call Now,"79,999",Yearly,1,2,"1,009 sqft","Chaimaa Premiere, JVC District 15, Jumeirah Village Circle (JVC), Dubai",https://www.bayut.com/property/details-13634347.html
Fully furnished | 4 cheques | Renovated unit,"50,000",Yearly,,1,438 sqft,"Tower 108, JVC District 18, Jumeirah Village Circle (JVC), Dubai",https://www.bayut.com/property/details-13634333.html
MODERN KITCHEN I SEPARATE LAUNDRY I FURNISHED,"139,999",Yearly,2,2,"1,018 sqft","Aura, JVC District 14, Jumeirah Village Circle (JVC), Dubai",https://www.bayut.com/property/details-13634953.html
Super Luxury - Huge Size - Brand New!,"95,000",Yearly,1,2,971 sqft,"Hadley Heights, JVC District 11, Jumeirah Village Circle (JVC), Dubai",https://www.bayut.com/property/details-13634070.html
Fully Furnished | Studio | Mid floor with balcony,"45,000",Yearly,,1,380 sqft,"Kensington Manor, JVC District 13, Jumeirah Village Circle (JVC), Dubai",https://www.bayut.com/property/details-13633480.html
Fully Furnished | Vacant | Well-Maintained,"50,000",Yearly,,1,394 sqft,"The Square Tower, JVC District 13, Jumeirah Village Circle (JVC), Dubai",https://www.bayut.com/property/details-13631023.html
Luxury Living ! Pool View ! Balcony ! Prime Location,"70,000",Yearly,1,2,803 sqft,"La Riviera Apartments, JVC District 10, Jumeirah Village Circle (JVC), Dubai",https://www.bayut.com/property/details-13629729.html
Furnished Luxury Living | Corner Unit,"100,000",Yearly,1,2,903 sqft,"Catch Residences, JVC District 12, Jumeirah Village Circle (JVC), Dubai",https://www.bayut.com/property/details-13633765.html
Brand New I Untouched I Pool View I Separate Laundry,"89,999",Yearly,1,2,865 sqft,"Hadley Heights, JVC District 11, Jumeirah Village Circle (JVC), Dubai",https://www.bayut.com/property/details-13632680.html
Spacious Unit | Huge Layout | Prime Location,"84,999",Yearly,1,2,792 sqft,"Binghatti Phoenix, JVC District 13, Jumeirah Village Circle (JVC), Dubai",https://www.bayut.com/property/details-13635429.html
Fully Furnished ready to move | Premium Quality |,"89,999",Yearly,1,2,815 sqft,"Belgravia 2, JVC District 14, Jumeirah Village Circle (JVC), Dubai",https://www.bayut.com/property/details-13617148.html
G+2 | Corner Unit | Without Bills | Vacant,"229,999",Yearly,4,5,"2,653 sqft","Sydney Villas, JVC District 15, Jumeirah Village Circle (JVC), Dubai",https://www.bayut.com/property/details-13630360.html
Brand New | White Goods | Pool view | Low Floor,"90,000",Yearly,1,2,764 sqft,"Binghatti Phoenix, JVC District 13, Jumeirah Village Circle (JVC), Dubai",https://www.bayut.com/property/details-13637500.html
Vacant | Prime Location | Spacious,"205,000",Yearly,3,3,"1,874 sqft","Heilbronn Villas, JVC District 14, Jumeirah Village Circle (JVC), Dubai",https://www.bayut.com/property/details-13633139.html
LUXURY 4BR+MAID I FURNISHED I PRIME LOCATION,"264,999",Yearly,4,5,"2,017 sqft","Eleganz by Danube, JVC District 14, Jumeirah Village Circle (JVC), Dubai",https://www.bayut.com/property/details-13632616.html
Brand New l Ready to Move in l Multiple Units,"90,000",Yearly,1,2,790 sqft,"Binghatti Aurora, JVC District 12, Jumeirah Village Circle (JVC), Dubai",https://www.bayut.com/property/details-13633797.html
Vacant | 1BR | Brand New | Spacious Layout,"110,000",Yearly,1,2,807 sqft,"Binghatti Royale, JVC District 18, Jumeirah Village Circle (JVC), Dubai",https://www.bayut.com/property/details-13627643.html
Fully Furnished | Great Location | Call Now,"84,990",Yearly,1,2,765 sqft,"Lucky 1 Residences, JVC District 13, Jumeirah Village Circle (JVC), Dubai",https://www.bayut.com/property/details-13614304.html
Elegant | High-End Living with Exceptional Views,"110,000",Yearly,1,2,795 sqft,"Binghatti Phantom, JVC District 17, Jumeirah Village Circle (JVC), Dubai",https://www.bayut.com/property/details-13634479.html
Fully furnished 1 BR with Private Pool | View Now,"114,900",Yearly,1,2,796 sqft,"Binghatti Phantom, JVC District 17, Jumeirah Village Circle (JVC), Dubai",https://www.bayut.com/property/details-13604959.html
Brand New | 1BR + Study | Mid Floor | Vacant,"120,000",Yearly,1,2,921 sqft,"Binghatti Royale, JVC District 18, Jumeirah Village Circle (JVC), Dubai",https://www.bayut.com/property/details-13627459.html
3BR+Maid | G+2 | Community View | Prime Location,"200,000",Yearly,3,5,"1,137 sqft","Al Amir Villas, JVC District 11, Jumeirah Village Circle (JVC), Dubai",https://www.bayut.com/property/details-13630618.html
G+2 | Near Mall | Villa Facing | Near Exit & Park,"199,999",Yearly,4,6,"1,882 sqft","Comfy Villas, JVC District 11, Jumeirah Village Circle (JVC), Dubai",https://www.bayut.com/property/details-13630224.html
2 BHK + Maid-Room| Spacious Layout | Beautiful View,"88,000",Yearly,1,3,894 sqft,"Shamal Waves, JVC District 14, Jumeirah Village Circle (JVC), Dubai",https://www.bayut.com/property/details-13636198.html
Brand New | Elegant | Pool View,"90,000",Yearly,1,2,824 sqft,"Binghatti Phoenix, JVC District 13, Jumeirah Village Circle (JVC), Dubai",https://www.bayut.com/property/details-13632543.html
Pool View | Fully Furnished | Higher Floor,"67,999",Yearly,1,2,675 sqft,"DAMAC Ghalia, JVC District 18, Jumeirah Village Circle (JVC), Dubai",https://www.bayut.com/property/details-13617503.html
Brand New | Pay in 6 Cheques | Fully Furnished,"105,000",Yearly,1,2,805 sqft,"Pearl House 2, JVC District 12, Jumeirah Village Circle (JVC), Dubai",https://www.bayut.com/property/details-13614815.html
Luxury | Ready to Move | Hot Deal,"79,999",Yearly,1,2,893 sqft,"Tower 108, JVC District 18, Jumeirah Village Circle (JVC), Dubai",https://www.bayut.com/property/details-13616435.html
Brand New l Ready to Move in l Multiple Units,"85,000",Yearly,1,2,786 sqft,"Binghatti Aurora, JVC District 12, Jumeirah Village Circle (JVC), Dubai",https://www.bayut.com/property/details-13635471.html
High Floor| Private Pool | Fitted Kitchen | Luxury,"110,000",Yearly,1,2,795 sqft,"Binghatti Phantom, JVC District 17, Jumeirah Village Circle (JVC), Dubai",https://www.bayut.com/property/details-13614528.html
High Floor|Spacious Modern |Up to 10 Chqs,"124,999",Yearly,2,3,"1,056 sqft","Bloom Heights 1, Bloom Heights, JVC District 15, Jumeirah Village Circle (JVC), Dubai",https://www.bayut.com/property/details-10045004.html
Ready to Move In l Luxury 1Bed | Prime Location JVC,"80,000",Yearly,1,2,782 sqft,"Binghatti Aurora, JVC District 12, Jumeirah Village Circle (JVC), Dubai",https://www.bayut.com/property/details-13634750.html
Brand New | Smart Home | Biggest Layout,"64,999",Yearly,,1,498 sqft,"Binghatti Phoenix, JVC District 13, Jumeirah Village Circle (JVC), Dubai",https://www.bayut.com/property/details-13633781.html
Ready to Move In l Luxury 1Bed | Prime Location JVC,"79,000",Yearly,1,2,782 sqft,"Binghatti Aurora, JVC District 12, Jumeirah Village Circle (JVC), Dubai",https://www.bayut.com/property/details-13635114.html
2BHK + laundry room I Premium furnished I ready to move,"139,999",Yearly,2,3,"1,236 sqft","SH Living 1, JVC District 14, Jumeirah Village Circle (JVC), Dubai",https://www.bayut.com/property/details-13631339.html
Unfurnished | Huge Layout | Available Now,"67,999",Yearly,,1,506 sqft,"Oakley Square Residence, JVC District 11, Jumeirah Village Circle (JVC), Dubai",https://www.bayut.com/property/details-13630315.html
Great Price | Well Maintained | Unfurnished,"110,000",Yearly,2,2,984 sqft,"Bluebell  Residence, JVC District 11, Jumeirah Village Circle (JVC), Dubai",https://www.bayut.com/property/details-13636116.html
G+2 | Park Facing | Closed Kitchen | Call Now,"199,999",Yearly,4,6,"1,735 sqft","Sandoval Garden, JVC District 14, Jumeirah Village Circle (JVC), Dubai",https://www.bayut.com/property/details-13630504.html
Fully Furnished | Modern Layout | Prime JVC Location,"45,000",Yearly,,1,394 sqft,"Plaza Residences Block A, Plaza Residences, JVC District 13, Jumeirah Village Circle (JVC), Dubai",https://www.bayut.com/property/details-13618335.html
Fully Furnished | High Floor | Ready to Move In,"118,000",Yearly,2,2,"1,142 sqft","Bloom Tower A, Bloom Towers, JVC District 10, Jumeirah Village Circle (JVC), Dubai",https://www.bayut.com/property/details-13609422.html
Smart Home | Brand New | Pool View,"95,000",Yearly,1,2,796 sqft,"Binghatti Phantom, JVC District 17, Jumeirah Village Circle (JVC), Dubai",https://www.bayut.com/property/details-13620110.html
Best Price |Biggest Layout|Ready To Move In,"185,000",Yearly,3,4,"3,619 sqft","Westar La Residencia del Sol, JVC District 10, Jumeirah Village Circle (JVC), Dubai",https://www.bayut.com/property/details-11849623.html
3 BR + Maid | Fully Furnished | Near Circle Mall,"150,000",Yearly,3,4,"1,716 sqft","ACES Chateau, JVC District 11, Jumeirah Village Circle (JVC), Dubai",https://www.bayut.com/property/details-13604930.html
Spacious 4BR+M | Vacant | Upgraded Layout,"225,000",Yearly,4,6,"4,160 sqft","Iris Park, JVC District 15, Jumeirah Village Circle (JVC), Dubai",https://www.bayut.com/property/details-13634225.html
Spacious 2BR | Fully Furnished | High Floor,"129,999",Yearly,2,2,"1,144 sqft","Binghatti Heights, JVC District 10, Jumeirah Village Circle (JVC), Dubai",https://www.bayut.com/property/details-13634208.html
Luxury | Brand New | Spacious | Ready to Move In,"60,000",Yearly,,1,495 sqft,"The Autograph, JVC District 10, Jumeirah Village Circle (JVC), Dubai",https://www.bayut.com/property/details-13632712.html
Spacious Layout | Fully Furnished | Hot Property,"129,000",Yearly,2,2,"1,080 sqft","Binghatti Venus, JVC District 13, Jumeirah Village Circle (JVC), Dubai",https://www.bayut.com/property/details-13636144.html
Spacious | Fully Furnished | Swimming Pool View,"118,000",Yearly,1,1,955 sqft,"Binghatti Corner, JVC District 10, Jumeirah Village Circle (JVC), Dubai",https://www.bayut.com/property/details-13592479.html
Premium 1-Bed Living | Refined Interiors I Pool View,"74,999",Yearly,1,2,685 sqft,"Binghatti Lavender, JVC District 10, Jumeirah Village Circle (JVC), Dubai",https://www.bayut.com/property/details-13615168.html
Spacious I Prime location I With great amenity,"75,000",Yearly,1,2,646 sqft,"Catch Residences, JVC District 12, Jumeirah Village Circle (JVC), Dubai",https://www.bayut.com/property/details-13634971.html
2BHk Apartment | Huge Layout | Prime Location,"115,000",Yearly,2,2,983 sqft,"Binghatti Corner, JVC District 10, Jumeirah Village Circle (JVC), Dubai",https://www.bayut.com/property/details-13616798.html
Brand New | Pool View | Elegant 1 Bed | Higher Floor | Book now!,"84,999",Yearly,1,2,760 sqft,"Binghatti Phoenix, JVC District 13, Jumeirah Village Circle (JVC), Dubai",https://www.bayut.com/property/details-13620521.html
Fully Furnished | Ready to Move | Pool View,"85,000",Yearly,1,2,584 sqft,"Pantheon Elysee III, JVC District 15, Jumeirah Village Circle (JVC), Dubai",https://www.bayut.com/property/details-13619387.html
High Floor | Bright Apartment | Well Maintained,"102,000",Yearly,2,3,"1,151 sqft","Golden Dream Tower 1, JVC District 18, Jumeirah Village Circle (JVC), Dubai",https://www.bayut.com/property/details-13631881.html
Furnished unit I Bright and Spacious I Prime location,"60,000",Yearly,,1,443 sqft,"DAMAC Ghalia, JVC District 18, Jumeirah Village Circle (JVC), Dubai",https://www.bayut.com/property/details-13635879.html
Spacious Layout Vacant ready to move,"89,999",Yearly,2,2,"1,104 sqft","Dune Residency, JVC District 17, Jumeirah Village Circle (JVC), Dubai",https://www.bayut.com/property/details-13632248.html
Newly Furnished | 12 Cheques | Great Amenities,"150,000",Yearly,2,2,994 sqft,"Oxford Residence, JVC District 13, Jumeirah Village Circle (JVC), Dubai",https://www.bayut.com/property/details-13615273.html
1BHk Apartment | Huge Layout | Prime Location,"79,999",Yearly,1,2,866 sqft,"Marwa Heights, JVC District 15, Jumeirah Village Circle (JVC), Dubai",https://www.bayut.com/property/details-13614480.html
Huge Layout | Fitted Kitchen | Available Now,"84,999",Yearly,1,2,950 sqft,"Al Manal Elite, JVC District 13, Jumeirah Village Circle (JVC), Dubai",https://www.bayut.com/property/details-13633467.html
With Jacuzzi | Huge Layout | Good Location,"100,000",Yearly,1,1,"1,055 sqft","SH Living 1, JVC District 14, Jumeirah Village Circle (JVC), Dubai",https://www.bayut.com/property/details-13631068.html
Vacant! Marvelous Studio | Fully Furnished | Premium Quality | Stunning Interior | Book Now!,"62,999",Yearly,,1,397 sqft,"Beverly Residence, JVC District 13, Jumeirah Village Circle (JVC), Dubai",https://www.bayut.com/property/details-10221746.html
High Floor | Brand New | Spacious Size,"55,000",Yearly,,1,458 sqft,"Hadley Heights, JVC District 11, Jumeirah Village Circle (JVC), Dubai",https://www.bayut.com/property/details-13615829.html
Pool View | Ready To Move In | Fully Fitted Appliances,"85,000",Yearly,1,1,792 sqft,"Eaton Place, JVC District 15, Jumeirah Village Circle (JVC), Dubai",https://www.bayut.com/property/details-13610403.html
WELL MAINTAINED | HUGE LAYOUT | EQUIPPED KITCHEN,"64,999",Yearly,1,2,"1,072 sqft","Mulberry 2, Emirates Gardens 2, JVC District 14, Jumeirah Village Circle (JVC), Dubai",https://www.bayut.com/property/details-13632992.html
Fully Upgraded | Ready to Move | Fitted Kitchen,"75,000",Yearly,1,2,835 sqft,"Al Amir Residence, JVC District 11, Jumeirah Village Circle (JVC), Dubai",https://www.bayut.com/property/details-13628843.html
Ready to Move | High Quality | Book Now,"79,999",Yearly,1,2,859 sqft,"Avanos Residence, JVC District 10, Jumeirah Village Circle (JVC), Dubai",https://www.bayut.com/property/details-13614295.html
Studio Apartment | with best ammenities | Road view,"51,999",Yearly,,1,393 sqft,"Bloom Tower C, Bloom Towers, JVC District 10, Jumeirah Village Circle (JVC), Dubai",https://www.bayut.com/property/details-13637660.html
Private Pool | High Floor | Brand New | Marina View,"130,000",Yearly,2,2,"1,111 sqft","Binghatti House, JVC District 10, Jumeirah Village Circle (JVC), Dubai",https://www.bayut.com/property/details-13634342.html
Ready To Move-In | Pool View | Brand New | Unique layout | Book Now!,"81,999",Yearly,1,2,824 sqft,"Binghatti Phoenix, JVC District 13, Jumeirah Village Circle (JVC), Dubai",https://www.bayut.com/property/details-13620390.html
Luxury 4BR + Maid | Huge Layout | Open Garden,"275,000",Yearly,4,5,"3,036 sqft","Shamal Terraces, JVC District 14, Jumeirah Village Circle (JVC), Dubai",https://www.bayut.com/property/details-9047383.html
Studio Apartment | Unfurnished | Spacious Layout,"60,000",Yearly,,1,459 sqft,"Hadley Heights, JVC District 11, Jumeirah Village Circle (JVC), Dubai",https://www.bayut.com/property/details-13613985.html
Chiller Free | Near Circle Mall | Community view,"55,000",Yearly,,1,383 sqft,"Casa Grande, JVC District 11, Jumeirah Village Circle (JVC), Dubai",https://www.bayut.com/property/details-13631795.html
Luxury 2BHK | Brand New | Spacious and Bright | Vacant,"145,000",Yearly,2,2,"1,547 sqft","H Three By Aurora, JVC District 11, Jumeirah Village Circle (JVC), Dubai",https://www.bayut.com/property/details-13632374.html
Brand New | Smart Home | Private Pool,"90,000",Yearly,1,2,796 sqft,"Binghatti Phantom, JVC District 17, Jumeirah Village Circle (JVC), Dubai",https://www.bayut.com/property/details-13610613.html
Smart Home | Fully Furnished | High Floor | Vacant,"84,999",Yearly,1,2,655 sqft,"Binghatti Luna, JVC District 12, Jumeirah Village Circle (JVC), Dubai",https://www.bayut.com/property/details-13631790.html
Fully Furnished | Higher Floor | Call Now,"70,000",Yearly,1,2,676 sqft,"Tower 108, JVC District 18, Jumeirah Village Circle (JVC), Dubai",https://www.bayut.com/property/details-13614148.html
\ big Layout | Duplex 2BR ready to move,"129,999",Yearly,2,3,"1,942 sqft","Royal JVC Building, JVC District 10, Jumeirah Village Circle (JVC), Dubai",https://www.bayut.com/property/details-13631917.html
Brand New Furnished 1 Bed I With Brand New Kitchen Appliances I Pool View,"100,000",Yearly,1,2,744 sqft,"Binghatti Phoenix, JVC District 13, Jumeirah Village Circle (JVC), Dubai",https://www.bayut.com/property/details-13610436.html
VACANT NOW | UPGRADED | EXTENDED,"300,000",Yearly,2,3,"8,256 sqft","JVC District 16, Jumeirah Village Circle (JVC), Dubai",https://www.bayut.com/property/details-13632698.html
Park View | Prime Location | Call Now,"76,000",Yearly,1,2,696 sqft,"Pantheon Elysee III, JVC District 15, Jumeirah Village Circle (JVC), Dubai",https://www.bayut.com/property/details-13630212.html
Fully Furnished | Prime location | Call Now,"75,000",Yearly,1,2,"1,076 sqft","Plazzo Heights, JVC District 10, Jumeirah Village Circle (JVC), Dubai",https://www.bayut.com/property/details-13593487.html
Ready To Move | Spacious Layout | Fully Furnished,"89,999",Yearly,1,2,814 sqft,"Belgravia 2, JVC District 14, Jumeirah Village Circle (JVC), Dubai",https://www.bayut.com/property/details-13593277.html
Stylish | Studio | Chiller Free Near Circle Mall,"55,000",Yearly,,1,371 sqft,"Casa Grande, JVC District 11, Jumeirah Village Circle (JVC), Dubai",https://www.bayut.com/property/details-13631009.html
Brand New | Vacant | Balcony | Private Jacuzzi,"114,999",Yearly,1,2,922 sqft,"Binghatti Royale, JVC District 18, Jumeirah Village Circle (JVC), Dubai",https://www.bayut.com/property/details-13610565.html
Premium Quality | Next to Community Park | Vacant,"65,000",Yearly,,1,506 sqft,"Oakley Square Residence, JVC District 11, Jumeirah Village Circle (JVC), Dubai",https://www.bayut.com/property/details-13634751.html
Brand New | Spacious | 1 Bedroom + Study | JVC,"110,000",Yearly,1,2,938 sqft,"Al Serh Residences 11, JVC District 10, Jumeirah Village Circle (JVC), Dubai",https://www.bayut.com/property/details-13633737.html
Upgraded | Marina View | High Floor,"69,000",Yearly,,1,411 sqft,"Bloom Tower C, Bloom Towers, JVC District 10, Jumeirah Village Circle (JVC), Dubai",https://www.bayut.com/property/details-13633472.html
Road View | Prime Location | Spacious Unit,"70,999",Yearly,1,2,796 sqft,"Al Zain Residence, JVC District 14, Jumeirah Village Circle (JVC), Dubai",https://www.bayut.com/property/details-13631936.html
Spacious Studio | Modern Living | Well Maintained | Prime Location,"48,000",Yearly,,1,383 sqft,"Aurion Residence, JVC District 10, Jumeirah Village Circle (JVC), Dubai",https://www.bayut.com/property/details-13631459.html
Ready To Move | Spacious | Fitted Kitchen,"80,000",Yearly,1,2,"1,041 sqft","Saleh Bin Lahej JVC Block A, Saleh Bin Lahej JVC, JVC District 10, Jumeirah Village Circle (JVC), Dubai",https://www.bayut.com/property/details-13628700.html
"Binghatti Phantom, Jumeirah Village Circle, Dubai","109,990",Yearly,1,2,795 sqft,"Binghatti Phantom, JVC District 17, Jumeirah Village Circle (JVC), Dubai",https://www.bayut.com/property/details-13619831.html
Specious | 1BR Plus Maid | Chiller Free,"79,950",Yearly,1,2,"1,231 sqft","Laya Residences, JVC District 10, Jumeirah Village Circle (JVC), Dubai",https://www.bayut.com/property/details-13605355.html
Duplex Unit - Elegant 3 BHK Spacious Big Layout,"159,999",Yearly,3,4,"3,255 sqft","Royal JVC Building, JVC District 10, Jumeirah Village Circle (JVC), Dubai",https://www.bayut.com/property/details-13632014.html
Spacious Duplex Studio I Brand New Furniture I 6000 Monthly with 12 Cheques,"71,999",Yearly,,1,521 sqft,"Masaar Residence, JVC District 15, Jumeirah Village Circle (JVC), Dubai",https://www.bayut.com/property/details-13606793.html
READY TO MOVE | VACANT | SPACIOUS LAYOUT,"89,999",Yearly,1,2,815 sqft,"Belgravia 2, JVC District 14, Jumeirah Village Circle (JVC), Dubai",https://www.bayut.com/property/details-13594757.html
Vacant in January | Spacious Layout | Corner Unit,"80,000",Yearly,1,2,669 sqft,"Binghatti Venus, JVC District 13, Jumeirah Village Circle (JVC), Dubai",https://www.bayut.com/property/details-13634279.html
Luxury Bldg | Private Jacuzzi | Skyline Views,"100,000",Yearly,1,2,796 sqft,"Binghatti Phantom, JVC District 17, Jumeirah Village Circle (JVC), Dubai",https://www.bayut.com/property/details-13607005.html
Kitchen Appliances | Private Pool | Luxurious,"110,000",Yearly,1,2,807 sqft,"Binghatti Royale, JVC District 18, Jumeirah Village Circle (JVC), Dubai",https://www.bayut.com/property/details-13605815.html
4BHK | Spacious Layout | Community View,"185,000",Yearly,4,4,"3,165 sqft","Fortunato, JVC District 11, Jumeirah Village Circle (JVC), Dubai",https://www.bayut.com/property/details-13636986.html
2 Bed + Maid | Fully Furnished | Private Gym,"160,000",Yearly,2,2,"1,425 sqft","Hadley Heights, JVC District 11, Jumeirah Village Circle (JVC), Dubai",https://www.bayut.com/property/details-13613986.html
Community View | High Floor | Near Exit,"128,000",Yearly,2,2,"1,142 sqft","Binghatti Heights, JVC District 10, Jumeirah Village Circle (JVC), Dubai",https://www.bayut.com/property/details-11616161.html
Spacious I Premium finishing I Best pick,"90,000",Yearly,2,2,"1,042 sqft","Dana Tower, JVC District 12, Jumeirah Village Circle (JVC), Dubai",https://www.bayut.com/property/details-13635193.html
Bright and Spacious | Lavish Layout | All Amenities,"68,000",Yearly,1,2,708 sqft,"Burj Residence 2, JVC District 10, Jumeirah Village Circle (JVC), Dubai",https://www.bayut.com/property/details-13633458.html
Park view Ready to move in Closed kitchen,"119,990",Yearly,2,3,"1,063 sqft","Bloom Heights 1, Bloom Heights, JVC District 15, Jumeirah Village Circle (JVC), Dubai",https://www.bayut.com/property/details-13619819.html
CORNER UNIT | FURNISHED OR UNFURNISHED | STORAGE,"135,000",Yearly,2,2,"1,238 sqft","Maison VI, JVC District 11, Jumeirah Village Circle (JVC), Dubai",https://www.bayut.com/property/details-13619756.html
FURNISHED STUDIO WITH BALCONY GHALIA TOWER JVC,"58,000",Yearly,,1,402 sqft,"DAMAC Ghalia, JVC District 18, Jumeirah Village Circle (JVC), Dubai",https://www.bayut.com/property/details-13632938.html
Fully Furnished | Next to Mall | Flexible Cheqs,"85,000",Yearly,1,2,709 sqft,"Concept 7 Residences, JVC District 11, Jumeirah Village Circle (JVC), Dubai",https://www.bayut.com/property/details-13631986.html
1-Bed Apartment | Prime Quality | Front of circle mall,"73,999",Yearly,1,2,827 sqft,"Crystal Residence, JVC District 11, Jumeirah Village Circle (JVC), Dubai",https://www.bayut.com/property/details-13610354.html
Fully Furnished | Near Exit | Marina view,"58,000",Yearly,,1,392 sqft,"Bloom Tower C, Bloom Towers, JVC District 10, Jumeirah Village Circle (JVC), Dubai",https://www.bayut.com/property/details-13631636.html
Spacious 1BR | Move In Ready | All Amenities,"100,000",Yearly,1,2,904 sqft,"Catch Residences, JVC District 12, Jumeirah Village Circle (JVC), Dubai",https://www.bayut.com/property/details-13630667.html
Modern 2BR + Maid Room | Fully Furnished | Upgraded Layout | Prime Location,"140,000",Yearly,2,3,"1,195 sqft","La Residenza, JVC District 10, Jumeirah Village Circle (JVC), Dubai",https://www.bayut.com/property/details-13606748.html
Unfurnished 2BR + Study | Community View | Call Now,"144,999",Yearly,2,3,"1,655 sqft","Marwa Heights, JVC District 15, Jumeirah Village Circle (JVC), Dubai",https://www.bayut.com/property/details-13601157.html
Modern 1BHK | Most Affordable | Grab now,"60,000",Yearly,1,2,787 sqft,"Royal JVC Building, JVC District 10, Jumeirah Village Circle (JVC), Dubai",https://www.bayut.com/property/details-13630480.html
Well Maintained Unit I Unique Layout I Ready to Move,"70,000",Yearly,1,2,900 sqft,"La Riviera Apartments, JVC District 10, Jumeirah Village Circle (JVC), Dubai",https://www.bayut.com/property/details-13621138.html
Brand New 1BR + Study | Private Jacuzzi | Resort-Style Amenities| Exclusive Corner Unit,"99,999",Yearly,1,2,922 sqft,"Binghatti Royale, JVC District 18, Jumeirah Village Circle (JVC), Dubai",https://www.bayut.com/property/details-13621303.html
Brand New l Spacious l Open View,"83,999",Yearly,1,2,798 sqft,"Binghatti Phoenix, JVC District 13, Jumeirah Village Circle (JVC), Dubai",https://www.bayut.com/property/details-13608638.html
Pool View | Brand New | White Goos,"90,000",Yearly,1,2,766 sqft,"Binghatti Phoenix, JVC District 13, Jumeirah Village Circle (JVC), Dubai",https://www.bayut.com/property/details-13615217.html
Brand New | Spacious | Negotiable | High Floor,"72,000",Yearly,1,2,692 sqft,"Binghatti Amber, JVC District 11, Jumeirah Village Circle (JVC), Dubai",https://www.bayut.com/property/details-11833823.html
Vacant | Fully Furnished | Great Location,"82,000",Yearly,1,2,524 sqft,"Binghatti House, JVC District 10, Jumeirah Village Circle (JVC), Dubai",https://www.bayut.com/property/details-13633474.html
Community View | Prime Location | Spacious Unit,"60,000",Yearly,1,2,786 sqft,"Royal JVC Building, JVC District 10, Jumeirah Village Circle (JVC), Dubai",https://www.bayut.com/property/details-13630601.html
Fully Furnished 2BR | 3 Balconies I Smart Home Features I Prime Location I,"130,000",Yearly,2,2,"1,144 sqft","Binghatti Heights, JVC District 10, Jumeirah Village Circle (JVC), Dubai",https://www.bayut.com/property/details-13628117.html
2 bhk Apartment | with best ammenities | Road view,"140,000",Yearly,2,3,"1,237 sqft","SH Living 1, JVC District 14, Jumeirah Village Circle (JVC), Dubai",https://www.bayut.com/property/details-13617505.html
1BHK High Floor | Brand New | Sunset View,"109,999",Yearly,1,2,796 sqft,"Binghatti Phantom, JVC District 17, Jumeirah Village Circle (JVC), Dubai",https://www.bayut.com/property/details-13606552.html
Fully Furnished | Prime Location | Vacant,"110,000",Yearly,1,2,789 sqft,"Pearl House 2, JVC District 12, Jumeirah Village Circle (JVC), Dubai",https://www.bayut.com/property/details-13605116.html
Private Jacuzzi| First Tenant| High Floor,"104,000",Yearly,1,2,796 sqft,"Binghatti Phantom, JVC District 17, Jumeirah Village Circle (JVC), Dubai",https://www.bayut.com/property/details-13599995.html
Fully Furnished | Ready to Move | Hot Deal,"75,000",Yearly,1,2,995 sqft,"Binghatti Gate, JVC District 15, Jumeirah Village Circle (JVC), Dubai",https://www.bayut.com/property/details-13608293.html
Fully Furnished | Easy Access | Modern Lifestyle,"85,000",Yearly,1,2,721 sqft,"Marwa Heights, JVC District 15, Jumeirah Village Circle (JVC), Dubai",https://www.bayut.com/property/details-13594783.html
Spacious Apartment | 2bhk | Prime Location,"119,999",Yearly,2,3,"1,226 sqft","SH Living 1, JVC District 14, Jumeirah Village Circle (JVC), Dubai",https://www.bayut.com/property/details-11767351.html
Pool View | Fully Furnished | Vacant,"95,000",Yearly,1,2,669 sqft,"Pearl House by Imtiaz, JVC District 13, Jumeirah Village Circle (JVC), Dubai",https://www.bayut.com/property/details-13630196.html
Balcony with Private Pool | Brand New | Modern 1BR,"110,000",Yearly,1,2,796 sqft,"Binghatti Phantom, JVC District 17, Jumeirah Village Circle (JVC), Dubai",https://www.bayut.com/property/details-13595684.html
Luxury Bldg | Private Jacuzzi | High Floor Unit,"95,000",Yearly,1,2,795 sqft,"Binghatti Phantom, JVC District 17, Jumeirah Village Circle (JVC), Dubai",https://www.bayut.com/property/details-13592584.html
IncludBills-Monthly-Furnished 2bed with maid room,"120,000",Yearly,2,4,"1,430 sqft","Autumn, Seasons Community, JVC District 15, Jumeirah Village Circle (JVC), Dubai",https://www.bayut.com/property/details-12950480.html
Vaastu | Kitchen Appliances | High Floor | Pool View,"82,000",Yearly,1,1,657 sqft,"Binghatti Emerald, JVC District 15, Jumeirah Village Circle (JVC), Dubai",https://www.bayut.com/property/details-13636603.html
Ellington | Modern | Flexible furnishings,"75,000",Yearly,,1,442 sqft,"Harrington House, JVC District 14, Jumeirah Village Circle (JVC), Dubai",https://www.bayut.com/property/details-13631136.html
G+2 | Vacant | Villa Facing | Call To View Now,"199,999",Yearly,4,6,"1,595 sqft","Sydney Villas, JVC District 15, Jumeirah Village Circle (JVC), Dubai",https://www.bayut.com/property/details-13619667.html
Furnished | Big Layout | Backyard with Pool Access,"135,000",Yearly,2,2,"1,328 sqft","Oxford Residence 2, JVC District 10, Jumeirah Village Circle (JVC), Dubai",https://www.bayut.com/property/details-13588732.html
Fully Furnished | Great Location | Call Now,"50,000",Yearly,,1,431 sqft,"Roxana Residence D, Roxana Residences, JVC District 12, Jumeirah Village Circle (JVC), Dubai",https://www.bayut.com/property/details-13616273.html
Ready to Move | On High Floor | Private Pool,"110,000",Yearly,1,2,796 sqft,"Binghatti Phantom, JVC District 17, Jumeirah Village Circle (JVC), Dubai",https://www.bayut.com/property/details-13602149.html
Ready To Move | Spacious | Fitted Kitchen,"80,000",Yearly,1,2,"1,152 sqft","Saleh Bin Lahej JVC Block A, Saleh Bin Lahej JVC, JVC District 10, Jumeirah Village Circle (JVC), Dubai",https://www.bayut.com/property/details-13628768.html
Near to Circle Mall | Converted to 2BR | Spacious,"105,000",Yearly,1,2,"1,742 sqft","AG Residence, JVC District 11, Jumeirah Village Circle (JVC), Dubai",https://www.bayut.com/property/details-13617904.html
best deal | Prime location | ready to move,"59,999",Yearly,1,2,787 sqft,"Royal JVC Building, JVC District 10, Jumeirah Village Circle (JVC), Dubai",https://www.bayut.com/property/details-13631807.html
Spacious 3BR + Maids | Closed Kitchen | Community View,"129,999",Yearly,3,4,"1,717 sqft","ACES Chateau, JVC District 11, Jumeirah Village Circle (JVC), Dubai",https://www.bayut.com/property/details-13608873.html
Brand New I 1BR + Balcony + Study with Private Jacuzzi I Luxury Lifestyle,"100,000",Yearly,1,2,910 sqft,"Binghatti Phantom, JVC District 17, Jumeirah Village Circle (JVC), Dubai",https://www.bayut.com/property/details-13607340.html
Ready To Move | Spacious | Fitted Kitchen,"47,999",Yearly,,1,382 sqft,"Aurion Residence, JVC District 10, Jumeirah Village Circle (JVC), Dubai",https://www.bayut.com/property/details-13628597.html
Unfurnished 1BR + Study | Premium Quality | View Now,"74,999",Yearly,1,2,808 sqft,"Rigel Apartments, JVC District 10, Jumeirah Village Circle (JVC), Dubai",https://www.bayut.com/property/details-13617352.html
| Prime Location | Well Maintained | Huge Size with study,"72,999",Yearly,1,2,847 sqft,"Rigel Apartments, JVC District 10, Jumeirah Village Circle (JVC), Dubai",https://www.bayut.com/property/details-13617285.html
BRIGHT UNIT | FULLY FURNISHED | POOL VIEW,"80,000",Yearly,1,2,673 sqft,"Binghatti Corner, JVC District 10, Jumeirah Village Circle (JVC), Dubai",https://www.bayut.com/property/details-13599489.html
Modern Living | Spacious 1 BR | Ready to Move,"75,000",Yearly,1,1,714 sqft,"SH Living 1, JVC District 14, Jumeirah Village Circle (JVC), Dubai",https://www.bayut.com/property/details-13636888.html
Luxury Studio | Fully Furnished | Spacious | Ready to Move In,"53,000",Yearly,,1,472 sqft,"Milano by Giovanni Boutique Suites, JVC District 17, Jumeirah Village Circle (JVC), Dubai",https://www.bayut.com/property/details-13632095.html
1BHK+Study | Premium Unit | Spacious,"114,999",Yearly,1,2,922 sqft,"Binghatti Royale, JVC District 18, Jumeirah Village Circle (JVC), Dubai",https://www.bayut.com/property/details-13610737.html
"Luxury 1BR | Brand New | Pearl House II, JVC","115,000",Yearly,1,2,818 sqft,"Pearl House 2, JVC District 12, Jumeirah Village Circle (JVC), Dubai",https://www.bayut.com/property/details-13610203.html
Upgraded Studio For Rent I Modern Layout I Great Amenities,"56,000",Yearly,,1,392 sqft,"Pantheon Elysee I, JVC District 13, Jumeirah Village Circle (JVC), Dubai",https://www.bayut.com/property/details-13607352.html
Fully Furnished | Luxury Unit | Community View,"139,000",Yearly,2,3,"1,162 sqft","Autumn, Seasons Community, JVC District 15, Jumeirah Village Circle (JVC), Dubai",https://www.bayut.com/property/details-13595304.html
Smart Home | Amenities View | Spacious Layout,"99,999",Yearly,1,2,849 sqft,"Luma Park Views, JVC District 14, Jumeirah Village Circle (JVC), Dubai",https://www.bayut.com/property/details-13610252.html
Brand New Apartment+ Private Jacuzzi I Modern Interiors I Comfortable Lifestyle,"108,000",Yearly,1,2,807 sqft,"Binghatti Royale, JVC District 18, Jumeirah Village Circle (JVC), Dubai",https://www.bayut.com/property/details-13606365.html
"APARTMENT FOR RENT IN MAPLE 1, EMIRATES GARDENS 2","65,000",Yearly,,1,483 sqft,"Maple 2, Emirates Gardens 2, JVC District 14, Jumeirah Village Circle (JVC), Dubai",https://www.bayut.com/property/details-13598510.html
Ready To Move | Storage | Pool View,"101,000",Yearly,2,3,"1,192 sqft","AAA Residence, JVC District 13, Jumeirah Village Circle (JVC), Dubai",https://www.bayut.com/property/details-13628499.html
Luxurious Furnished Studio I Unique Layout I Contact Us Now,"52,000",Yearly,,1,408 sqft,"Laya Mansion, JVC District 15, Jumeirah Village Circle (JVC), Dubai",https://www.bayut.com/property/details-13618983.html
Pool and Park view | Brand New | Ready to Move,"89,999",Yearly,1,2,766 sqft,"Binghatti Phoenix, JVC District 13, Jumeirah Village Circle (JVC), Dubai",https://www.bayut.com/property/details-13616185.html
1 BHK | | Best Ammenities | Spacious,"110,000",Yearly,1,2,795 sqft,"Binghatti Phantom, JVC District 17, Jumeirah Village Circle (JVC), Dubai",https://www.bayut.com/property/details-13605122.html
12 Cheques | Bill Included | Fully Furnished,"90,000",Yearly,1,2,658 sqft,"Binghatti Rose, JVC District 15, Jumeirah Village Circle (JVC), Dubai",https://www.bayut.com/property/details-13591486.html
Ready to Move in | Renovated | Best Price,"89,999",Yearly,2,3,835 sqft,"Al Amir Residence, JVC District 11, Jumeirah Village Circle (JVC), Dubai",https://www.bayut.com/property/details-11808132.html
High End Finishing | 3 bedroom | For rent,"130,000",Yearly,3,2,"1,217 sqft","Binghatti Crest, JVC District 13, Jumeirah Village Circle (JVC), Dubai",https://www.bayut.com/property/details-11825060.html
NEW | Pool View | Big Layout,"160,000",Yearly,2,3,"1,164 sqft","Binghatti Phoenix, JVC District 13, Jumeirah Village Circle (JVC), Dubai",https://www.bayut.com/property/details-13633279.html
NEW | Pool View | Big Layout,"160,000",Yearly,2,3,"1,164 sqft","Binghatti Phoenix, JVC District 13, Jumeirah Village Circle (JVC), Dubai",https://www.bayut.com/property/details-13633136.html
Spacious| Low-rise Building | Prime Location,"135,000",Yearly,2,3,"1,919 sqft","Gardenia 1, Emirates Gardens, JVC District 12, Jumeirah Village Circle (JVC), Dubai",https://www.bayut.com/property/details-13627086.html
Fully Furnished | Great Location | Call Now,"55,000",Yearly,,1,466 sqft,"Uniestate Prime Tower, JVC District 10, Jumeirah Village Circle (JVC), Dubai",https://www.bayut.com/property/details-13614704.html
Luxury 1BR with Private Pool | Binghatti Phantom,"105,000",Yearly,1,2,795 sqft,"Binghatti Phantom, JVC District 17, Jumeirah Village Circle (JVC), Dubai",https://www.bayut.com/property/details-13635430.html
Best Location | Best Price | Spacious 2Bhk Apartment Available With All Facilities in just 90K,"90,000",Yearly,2,2,"1,027 sqft","Venus 1, JVC District 12, Jumeirah Village Circle (JVC), Dubai",https://www.bayut.com/property/details-13628851.html
Spacious | Modern | Cheques Negotiable,"65,000",Yearly,,1,506 sqft,"Oakley Square Residence, JVC District 11, Jumeirah Village Circle (JVC), Dubai",https://www.bayut.com/property/details-10004907.html
Premium Quality | Ready To Move | Private Pool,"109,999",Yearly,1,2,807 sqft,"Binghatti Royale, JVC District 18, Jumeirah Village Circle (JVC), Dubai",https://www.bayut.com/property/details-13605232.html
Brand New | Premium Quality | Prime Location,"61,000",Yearly,,1,409 sqft,"Binghatti Phoenix, JVC District 13, Jumeirah Village Circle (JVC), Dubai",https://www.bayut.com/property/details-13634886.html
Spacious 2-Bed Villa | Prime Dubai Location | A. . .,"220,000",Yearly,2,4,"7,974 sqft","District 16M, JVC District 16, Jumeirah Village Circle (JVC), Dubai",https://www.bayut.com/property/details-13622590.html
Cozy & Modern 1-Bedroom I High Quality I Ready to Move-In,"75,000",Yearly,1,1,713 sqft,"SH Living 1, JVC District 14, Jumeirah Village Circle (JVC), Dubai",https://www.bayut.com/property/details-13619134.html
Fully Furnished | Spacious Layout | Call Now,"54,999",Yearly,,1,404 sqft,"Pantheon Elysee II, JVC District 12, Jumeirah Village Circle (JVC), Dubai",https://www.bayut.com/property/details-13610000.html
"Move In Ready | Brand New Premium 2BR in Binghatti Crest, JVC","110,000",Yearly,2,2,960 sqft,"Binghatti Crest, JVC District 13, Jumeirah Village Circle (JVC), Dubai",https://www.bayut.com/property/details-13582968.html
Stylish Urban Apartment I Top Quality Finishing I Located in JVC,"90,000",Yearly,2,3,"1,104 sqft","Dune Residency, JVC District 17, Jumeirah Village Circle (JVC), Dubai",https://www.bayut.com/property/details-13619489.html
Fully Furnished | Designer Quality | Cozy Balcony,"85,000",Yearly,1,1,630 sqft,"Binghatti Emerald, JVC District 15, Jumeirah Village Circle (JVC), Dubai",https://www.bayut.com/property/details-13598643.html
3 BHK Apartment | Prime Location | Community View,"200,000",Yearly,3,4,"2,664 sqft","SH Living 1, JVC District 14, Jumeirah Village Circle (JVC), Dubai",https://www.bayut.com/property/details-13617351.html
PRIME LOCATION | MODERN LAYOUT | READY TO MOVE,"90,000",Yearly,1,2,659 sqft,"Binghatti Rose, JVC District 15, Jumeirah Village Circle (JVC), Dubai",https://www.bayut.com/property/details-13595006.html
Fitted Kitchen | Elegant | Call Now,"74,999",Yearly,1,2,724 sqft,"Binghatti Lavender, JVC District 10, Jumeirah Village Circle (JVC), Dubai",https://www.bayut.com/property/details-13587843.html
Luxury Studio in Laya Mansion Flexible Payments,"55,000",Yearly,,1,432 sqft,"Laya Mansion, JVC District 15, Jumeirah Village Circle (JVC), Dubai",https://www.bayut.com/property/details-13630571.html
PARK VIEW | EXCLUSIVE LUXURY FURNISHED | SMART HOME,"400,000",Yearly,3,5,"1,528 sqft","The Autograph, JVC District 10, Jumeirah Village Circle (JVC), Dubai",https://www.bayut.com/property/details-13615566.html
Prime Location\Bright Apartment\ CALL NOW,"85,000",Yearly,1,2,773 sqft,"Harrington House, JVC District 14, Jumeirah Village Circle (JVC), Dubai",https://www.bayut.com/property/details-13611158.html
High Floor | Spacious | Vaccant,"110,000",Yearly,1,2,795 sqft,"Binghatti Phantom, JVC District 17, Jumeirah Village Circle (JVC), Dubai",https://www.bayut.com/property/details-13586144.html
Brand New | Smart Home | Book Now,"85,000",Yearly,1,2,766 sqft,"Binghatti Orchid, JVC District 10, Jumeirah Village Circle (JVC), Dubai",https://www.bayut.com/property/details-13585899.html
Fully Furnished | Premium Quality | Prime Location,"74,999",Yearly,1,2,893 sqft,"Tower 108, JVC District 18, Jumeirah Village Circle (JVC), Dubai",https://www.bayut.com/property/details-13637337.html
High-Floor |Brand-New 1BR in Binghatti Phantom,"115,000",Yearly,1,2,910 sqft,"Binghatti Phantom, JVC District 17, Jumeirah Village Circle (JVC), Dubai",https://www.bayut.com/property/details-13632386.html
Unfurnished | Private Pool | Brand New,"100,000",Yearly,1,2,795 sqft,"Binghatti Phantom, JVC District 17, Jumeirah Village Circle (JVC), Dubai",https://www.bayut.com/property/details-13599663.html
Fully Furnished | Prime Location | Call Now,"50,000",Yearly,,1,444 sqft,"DAMAC Ghalia, JVC District 18, Jumeirah Village Circle (JVC), Dubai",https://www.bayut.com/property/details-13593324.html
"High Floor, Ready To Move, Fully Fitted U Shape Kitchen","100,000",Yearly,1,2,807 sqft,"Binghatti Royale, JVC District 18, Jumeirah Village Circle (JVC), Dubai",https://www.bayut.com/property/details-13590878.html
Fully Furnished 1BHK | SPACIOUS | Best Price,"68,000",Yearly,1,2,881 sqft,"Spica Residential, JVC District 10, Jumeirah Village Circle (JVC), Dubai",https://www.bayut.com/property/details-13632835.html
Study Room | Equipped Kitchen | Ready to Move,"72,999",Yearly,1,2,803 sqft,"Rigel Apartments, JVC District 10, Jumeirah Village Circle (JVC), Dubai",https://www.bayut.com/property/details-13620400.html
"High Floor, Ready To Move, Private POOL","99,999",Yearly,1,2,807 sqft,"Binghatti Royale, JVC District 18, Jumeirah Village Circle (JVC), Dubai",https://www.bayut.com/property/details-13596614.html
High Floor | 12 Cheques | Fully Furnished,"130,000",Yearly,2,2,"1,303 sqft","Tower 108, JVC District 18, Jumeirah Village Circle (JVC), Dubai",https://www.bayut.com/property/details-13587930.html
Pool View | Prime Location | Call Now,"115,000",Yearly,1,2,876 sqft,"H Three By Aurora, JVC District 11, Jumeirah Village Circle (JVC), Dubai",https://www.bayut.com/property/details-13631409.html
Full Furnish | Spacious Layout | Ready to Move In,"85,000",Yearly,1,2,700 sqft,"Binghatti Corner, JVC District 10, Jumeirah Village Circle (JVC), Dubai",https://www.bayut.com/property/details-13634726.html
Spacious & Modern 2-Bed Apartment I European-Inspired Design I Prime Location,"105,000",Yearly,2,3,"1,514 sqft","Le Grand Chateau C, Le Grand Chateau, JVC District 10, Jumeirah Village Circle (JVC), Dubai",https://www.bayut.com/property/details-13614326.html
Community View | Prime Location | Spacious Unit,"101,000",Yearly,2,3,"1,192 sqft","AAA Residence, JVC District 13, Jumeirah Village Circle (JVC), Dubai",https://www.bayut.com/property/details-13613209.html
"High Floor, Private Pool, Ready To Move,","99,999",Yearly,1,2,807 sqft,"Binghatti Royale, JVC District 18, Jumeirah Village Circle (JVC), Dubai",https://www.bayut.com/property/details-13596037.html
"High Floor, Two Washroom, Ready To Move","100,000",Yearly,1,2,807 sqft,"Binghatti Royale, JVC District 18, Jumeirah Village Circle (JVC), Dubai",https://www.bayut.com/property/details-13595085.html
Fully Furnished Studio I High Quality Finishing I Prime Location,"55,000",Yearly,,1,426 sqft,"Park View Tower, JVC District 14, Jumeirah Village Circle (JVC), Dubai",https://www.bayut.com/property/details-13610274.html
12 Cheques | Fully Furnished | Vacant,"90,000",Yearly,1,2,658 sqft,"Binghatti Rose, JVC District 15, Jumeirah Village Circle (JVC), Dubai",https://www.bayut.com/property/details-13591578.html
Modern Furnishing I Spacious Studio I 5833 /Monthly with Bills,"65,000",Yearly,,1,483 sqft,"Maple 1, Emirates Gardens 2, JVC District 14, Jumeirah Village Circle (JVC), Dubai",https://www.bayut.com/property/details-13588940.html
Community View | Prime Location | Spacious Villa,"270,000",Yearly,3,3,"1,575 sqft","Yellow Townhouses, JVC District 12, Jumeirah Village Circle (JVC), Dubai",https://www.bayut.com/property/details-13584826.html
Vacant | Modern Studio | JVC District 11,"68,000",Yearly,,1,506 sqft,"Oakley Square Residence, JVC District 11, Jumeirah Village Circle (JVC), Dubai",https://www.bayut.com/property/details-13634457.html
Furnished | Smart Home | Brand New,"105,000",Yearly,1,2,769 sqft,"Pearl House 2, JVC District 12, Jumeirah Village Circle (JVC), Dubai",https://www.bayut.com/property/details-13584041.html
Brand New | Premium Quality | Call To Inquire,"60,000",Yearly,,1,409 sqft,"Binghatti Phoenix, JVC District 13, Jumeirah Village Circle (JVC), Dubai",https://www.bayut.com/property/details-13634526.html
Bright Apartment | Higher Floor | All Amenities,"75,000",Yearly,1,2,925 sqft,"Reef Residence, JVC District 13, Jumeirah Village Circle (JVC), Dubai",https://www.bayut.com/property/details-13596610.html
Fully Furnished | Spacious Layout | Prime Location,"100,000",Yearly,1,2,853 sqft,"AG Residence, JVC District 11, Jumeirah Village Circle (JVC), Dubai",https://www.bayut.com/property/details-13592239.html
High Floor 2BR | Fully Furnished | JVC,"110,000",Yearly,2,3,"1,233 sqft","DAMAC Ghalia, JVC District 18, Jumeirah Village Circle (JVC), Dubai",https://www.bayut.com/property/details-13636030.html
I Big Layout I Modern Design I family building,"87,999",Yearly,2,2,"1,019 sqft","Rose 10, JVC District 11, Jumeirah Village Circle (JVC), Dubai",https://www.bayut.com/property/details-13618087.html
Pool View | Modern Layout | Fully Furnished,"95,000",Yearly,1,1,956 sqft,"Binghatti Corner, JVC District 10, Jumeirah Village Circle (JVC), Dubai",https://www.bayut.com/property/details-13616957.html
Cheapest On The Market | Unfurnished | Vacant,"74,000",Yearly,1,2,720 sqft,"Bloom Heights 1, Bloom Heights, JVC District 15, Jumeirah Village Circle (JVC), Dubai",https://www.bayut.com/property/details-13607375.html
Fully Furnished | Including Bills | 12 cheques,"89,000",Yearly,1,2,659 sqft,"Binghatti Rose, JVC District 15, Jumeirah Village Circle (JVC), Dubai",https://www.bayut.com/property/details-13594102.html
Brand New | Fully Furnished | 4 Cheqs | High-End,"110,000",Yearly,1,2,762 sqft,"Pearl House 2, JVC District 12, Jumeirah Village Circle (JVC), Dubai",https://www.bayut.com/property/details-13583536.html
2 bhk Apartment | with best ammenities | Road view,"89,999",Yearly,2,3,"1,041 sqft","Dana Tower, JVC District 12, Jumeirah Village Circle (JVC), Dubai",https://www.bayut.com/property/details-13635500.html
Spacious 1BR | Modern Layout | High End Quality | Good Amenities,"60,000",Yearly,1,2,606 sqft,"Aurion Residence, JVC District 10, Jumeirah Village Circle (JVC), Dubai",https://www.bayut.com/property/details-13620309.html
Fully Furnished | World Class Amenities | Vacant,"105,000",Yearly,1,2,791 sqft,"Oxford 212, JVC District 10, Jumeirah Village Circle (JVC), Dubai",https://www.bayut.com/property/details-13602218.html
Stylish 1 Bedroom | High-Quality Finishing | Prime Location,"70,000",Yearly,1,2,617 sqft,"Binghatti Luna, JVC District 12, Jumeirah Village Circle (JVC), Dubai",https://www.bayut.com/property/details-13633855.html
Elegant Furnished 1-Bed | Stylish Design I Call Us Now,"75,000",Yearly,1,2,750 sqft,"GMM Tower 1, JVC District 12, Jumeirah Village Circle (JVC), Dubai",https://www.bayut.com/property/details-13617803.html
Private Pool | Royal Suite | Ready To Move,"119,999",Yearly,2,2,"1,112 sqft","Binghatti House, JVC District 10, Jumeirah Village Circle (JVC), Dubai",https://www.bayut.com/property/details-13603736.html
Closed To Mall | Spacious Layout | Vacant,"74,000",Yearly,1,2,827 sqft,"Crystal Residence, JVC District 11, Jumeirah Village Circle (JVC), Dubai",https://www.bayut.com/property/details-13596122.html
Spacious 1 Bedroom | High Floor | Fully Furnished,"90,000",Yearly,1,1,693 sqft,"Binghatti Onyx, JVC District 15, Jumeirah Village Circle (JVC), Dubai",https://www.bayut.com/property/details-11846890.html
Ultra Luxury | New Apartment | Fully Furnished,"99,999",Yearly,1,2,805 sqft,"Pearl House 2, JVC District 12, Jumeirah Village Circle (JVC), Dubai",https://www.bayut.com/property/details-13634003.html
Luxury Living with Community Views | Premium Quality | Unbeatable Location,"70,000",Yearly,1,2,617 sqft,"Binghatti Luna, JVC District 12, Jumeirah Village Circle (JVC), Dubai",https://www.bayut.com/property/details-13633866.html
Private Elevator | Middle Corner | 4BHK+Maids,"200,000",Yearly,4,5,"2,135 sqft","Marwa Homes 2, JVC District 13, Jumeirah Village Circle (JVC), Dubai",https://www.bayut.com/property/details-13619001.html
Spacious Modern 2Bedroom with closed kitchen apartment//All amenities// ready to move//low price only 90k,"90,000",Yearly,2,2,"1,128 sqft","Rose 10, JVC District 11, Jumeirah Village Circle (JVC), Dubai",https://www.bayut.com/property/details-13614002.html
Prime Location | Flexible Cheques | With Bills,"66,000",Yearly,,1,411 sqft,"Sydney Tower, JVC District 18, Jumeirah Village Circle (JVC), Dubai",https://www.bayut.com/property/details-13604522.html
Furnished | Brand New | Smart Layout | Prime Spot,"94,999",Yearly,1,2,789 sqft,"Pearl House 2, JVC District 12, Jumeirah Village Circle (JVC), Dubai",https://www.bayut.com/property/details-13593489.html
Park Facing | Spacious Layout | 12 Cheques,"90,000",Yearly,1,2,739 sqft,"Bloom Heights 2, Bloom Heights, JVC District 15, Jumeirah Village Circle (JVC), Dubai",https://www.bayut.com/property/details-13586848.html
Luxury 1Bed Room Apartment with Balcony Pool,"110,000",Yearly,1,2,795 sqft,"Binghatti Phantom, JVC District 17, Jumeirah Village Circle (JVC), Dubai",https://www.bayut.com/property/details-13635428.html
Spacious 5BR+Maid | Fitted Kitchen | Call Now,"249,999",Yearly,5,6,"1,460 sqft","Al Amir Villas, JVC District 11, Jumeirah Village Circle (JVC), Dubai",https://www.bayut.com/property/details-13605376.html
Pool View | High Floor | Brand New | Fitted Kitchen,"55,000",Yearly,,1,458 sqft,"Hadley Heights, JVC District 11, Jumeirah Village Circle (JVC), Dubai",https://www.bayut.com/property/details-13605339.html
Spacious Size | Park Views | 4 Cheques,"90,000",Yearly,1,2,954 sqft,"Hameni Residence, JVC District 15, Jumeirah Village Circle (JVC), Dubai",https://www.bayut.com/property/details-13599604.html
"Maids Room, High Floor, U Shape Kitchen, Ready To Move IN","109,000",Yearly,1,2,922 sqft,"Binghatti Royale, JVC District 18, Jumeirah Village Circle (JVC), Dubai",https://www.bayut.com/property/details-13596924.html
Brand New l Ready to Move in l Multiple Units,"149,000",Yearly,2,2,995 sqft,"Binghatti Aurora, JVC District 12, Jumeirah Village Circle (JVC), Dubai",https://www.bayut.com/property/details-13636130.html
Furnished Studio Modern living|12 Cheques |Book Now,"53,000",Yearly,,1,443 sqft,"DAMAC Ghalia, JVC District 18, Jumeirah Village Circle (JVC), Dubai",https://www.bayut.com/property/details-13631684.html
Brand New | Furnished 1Bhk & Balcony |Flexible Payment,"96,000",Yearly,1,2,670 sqft,"Pearl House by Imtiaz, JVC District 13, Jumeirah Village Circle (JVC), Dubai",https://www.bayut.com/property/details-13602199.html
Park View | Brand New | Viewing Anytime | Luxury,"72,000",Yearly,1,2,652 sqft,"Binghatti Gardenia, JVC District 11, Jumeirah Village Circle (JVC), Dubai",https://www.bayut.com/property/details-11834262.html
BRAND NEW I UNFURNISHED I NEAR EXIT,"79,999",Yearly,1,2,800 sqft,"Marwa Heights, JVC District 15, Jumeirah Village Circle (JVC), Dubai",https://www.bayut.com/property/details-13632826.html
Community View | Prime Location | Spacious Unit,"78,000",Yearly,1,2,694 sqft,"Binghatti Amber, JVC District 11, Jumeirah Village Circle (JVC), Dubai",https://www.bayut.com/property/details-13608251.html
Stylish Furnished Studio | Available from 28 Jan,"55,000",Yearly,,1,400 sqft,"Binghatti Azure, JVC District 16, Jumeirah Village Circle (JVC), Dubai",https://www.bayut.com/property/details-13604014.html
Ready to Move | Brand New | Modern Finishes,"90,000",Yearly,1,2,874 sqft,"Lumina Vista Residences, JVC District 14, Jumeirah Village Circle (JVC), Dubai",https://www.bayut.com/property/details-11833479.html
Sunlit Apartment | Prime JVC Location,"105,000",Yearly,2,3,"1,352 sqft","Le Grand Chateau C, Le Grand Chateau, JVC District 10, Jumeirah Village Circle (JVC), Dubai",https://www.bayut.com/property/details-13605746.html
Brand New | Furnished | Vacant,"110,000",Yearly,1,2,789 sqft,"Pearl House 2, JVC District 12, Jumeirah Village Circle (JVC), Dubai",https://www.bayut.com/property/details-13584675.html
Brand New | 1Br+Private Pool | Higher Floor,"108,999",Yearly,1,2,796 sqft,"Binghatti Phantom, JVC District 17, Jumeirah Village Circle (JVC), Dubai",https://www.bayut.com/property/details-13635088.html
Spacious 1 BR | Study Room/Maid | Ready To Move Private Garden,"109,999",Yearly,1,2,"1,938 sqft","Nakheel Townhouse, JVC District 12, Jumeirah Village Circle (JVC), Dubai",https://www.bayut.com/property/details-13618594.html
Chic 1-Bed Apartment For Rent | Stylish Finishes I Cozy Ambience,"85,000",Yearly,1,2,864 sqft,"Golden Dream Tower 1, JVC District 18, Jumeirah Village Circle (JVC), Dubai",https://www.bayut.com/property/details-13618245.html
"Perfect studio, great quality, best price","49,997",Yearly,,1,451 sqft,"Hanover Square, JVC District 10, Jumeirah Village Circle (JVC), Dubai",https://www.bayut.com/property/details-13609490.html
Furnished I 4 Cheques I POOL VIEW I Glass Balcony,"85,000",Yearly,1,2,834 sqft,"DAMAC Ghalia, JVC District 18, Jumeirah Village Circle (JVC), Dubai",https://www.bayut.com/property/details-13596349.html
Vacant | Negotiable | Spaciouse | Single Row,"219,999",Yearly,4,6,"2,135 sqft","Marwa Homes 2, JVC District 13, Jumeirah Village Circle (JVC), Dubai",https://www.bayut.com/property/details-13588818.html
Bills included | 12 Cheques | Fully Furnished,"90,000",Yearly,1,2,658 sqft,"Binghatti Rose, JVC District 15, Jumeirah Village Circle (JVC), Dubai",https://www.bayut.com/property/details-13585503.html
Studio | Fully Furnished | Vacant,"65,000",Yearly,,1,382 sqft,"Bloom Tower B, Bloom Towers, JVC District 10, Jumeirah Village Circle (JVC), Dubai",https://www.bayut.com/property/details-11782321.html
High Floor | High end Furnishing | Exclusive unit,"89,999",Yearly,1,2,673 sqft,"Binghatti Corner, JVC District 10, Jumeirah Village Circle (JVC), Dubai",https://www.bayut.com/property/details-11774701.html
Brand New l Ready to Move in l Multiple Units,"150,000",Yearly,2,2,995 sqft,"Binghatti Aurora, JVC District 12, Jumeirah Village Circle (JVC), Dubai",https://www.bayut.com/property/details-13635725.html
Beautiful Apartment in JVC I Well Maintained I Excellent Location,"97,000",Yearly,2,3,"1,334 sqft","Imperial Tower, JVC District 17, Jumeirah Village Circle (JVC), Dubai",https://www.bayut.com/property/details-13618567.html
NAKHEEL TOWNHOUSE -1 BEDROOM UPGRADED TO 2 BEDROOM,"115,000",Yearly,1,2,"1,937 sqft","Nakheel Townhouse, JVC District 12, Jumeirah Village Circle (JVC), Dubai",https://www.bayut.com/property/details-13614635.html
FULLY FURNISHED | BRIGHT 1 BHK | NEAR CIRCLE MALL,"80,000",Yearly,1,1,"1,088 sqft","Diamond Views II, JVC District 11, Jumeirah Village Circle (JVC), Dubai",https://www.bayut.com/property/details-13626351.html
Fully Furnished | Elegant 1 BR With Balcony | Well Maintained | Prime Location,"70,000",Yearly,1,2,682 sqft,"La Riviera Estate A, La Riviera Estates, JVC District 10, Jumeirah Village Circle (JVC), Dubai",https://www.bayut.com/property/details-13619044.html
Fully Furnished | Premium Quality | Prime Location,"80,000",Yearly,1,2,835 sqft,"DAMAC Ghalia, JVC District 18, Jumeirah Village Circle (JVC), Dubai",https://www.bayut.com/property/details-13593669.html
Huge Size | Premium Layout | Ready to Move,"74,999",Yearly,1,2,"1,714 sqft","Imperial Tower, JVC District 17, Jumeirah Village Circle (JVC), Dubai",https://www.bayut.com/property/details-13616275.html
Vacant 1BR in JVC | Stylish & Fully Furnished,"74,998",Yearly,1,1,647 sqft,"Binghatti Luna, JVC District 12, Jumeirah Village Circle (JVC), Dubai",https://www.bayut.com/property/details-13615562.html
Spacious 1 BHK - Modern Layout - New Building - Prime Location,"82,000",Yearly,1,2,721 sqft,"Rokane G25, JVC District 10, Jumeirah Village Circle (JVC), Dubai",https://www.bayut.com/property/details-13612400.html
Ready To Move | Great Finishing | Best Amenities,"69,999",Yearly,1,2,910 sqft,"Maple 1, Emirates Gardens 2, JVC District 14, Jumeirah Village Circle (JVC), Dubai",https://www.bayut.com/property/details-13597455.html
Vacant Soon | Broad Layout | Motivated Seller,"79,999",Yearly,1,2,739 sqft,"Binghatti Lavender, JVC District 10, Jumeirah Village Circle (JVC), Dubai",https://www.bayut.com/property/details-13578984.html
Maintenance Free | Reduced Price | Ready to Move,"64,999",Yearly,1,2,837 sqft,"Imperial Tower, JVC District 17, Jumeirah Village Circle (JVC), Dubai",https://www.bayut.com/property/details-13616777.html
3 BHK Apartment | Prime Location | Road View,"130,000",Yearly,3,2,"1,237 sqft","Binghatti Crest, JVC District 13, Jumeirah Village Circle (JVC), Dubai",https://www.bayut.com/property/details-13599054.html
Fully Furnished/ Vacant /Ready to move,"62,000",Yearly,1,1,659 sqft,"Diamond Views III, JVC District 11, Jumeirah Village Circle (JVC), Dubai",https://www.bayut.com/property/details-13586571.html
Brand New | Available from 15 January 2026 | Luxury Living,"184,999",Yearly,3,4,"1,309 sqft","Luma Park Views, JVC District 14, Jumeirah Village Circle (JVC), Dubai",https://www.bayut.com/property/details-13583942.html
Spacious unit with closed kitchen I With great amenity I Prime spot,"89,999",Yearly,2,2,"1,019 sqft","Rose 10, JVC District 11, Jumeirah Village Circle (JVC), Dubai",https://www.bayut.com/property/details-13620526.html
2 B/R / WITH SPACIOUS LAYOUT/ WITH KITCHEN/ BALCONY/ READY TO MOVE,"90,000",Yearly,2,3,"1,128 sqft","Rose 10, JVC District 11, Jumeirah Village Circle (JVC), Dubai",https://www.bayut.com/property/details-13618404.html
Fully Furnished | Great Location | Call Now,"185,000",Yearly,3,4,"1,461 sqft","Beverly Residence, JVC District 13, Jumeirah Village Circle (JVC), Dubai",https://www.bayut.com/property/details-13606282.html
New Luxury Apartment | Spacious Layout | Pool View,"88,000",Yearly,1,2,799 sqft,"Binghatti Phoenix, JVC District 13, Jumeirah Village Circle (JVC), Dubai",https://www.bayut.com/property/details-13599723.html
Brand New | Pool View | Smart Features | Luxury,"80,000",Yearly,1,2,709 sqft,"Aura, JVC District 14, Jumeirah Village Circle (JVC), Dubai",https://www.bayut.com/property/details-13597235.html
Fully Furnished | Prime Location | Pool View,"89,999",Yearly,1,2,678 sqft,"Aria Residence, JVC District 14, Jumeirah Village Circle (JVC), Dubai",https://www.bayut.com/property/details-13596600.html
Fully Furnished | High Floor | Spacious,"160,000",Yearly,2,2,"1,326 sqft","Binghatti Amber, JVC District 11, Jumeirah Village Circle (JVC), Dubai",https://www.bayut.com/property/details-13595560.html
Unfurnished 1BR | Large Layout | Brand New | Pool View,"80,000",Yearly,1,2,760 sqft,"Binghatti Phoenix, JVC District 13, Jumeirah Village Circle (JVC), Dubai",https://www.bayut.com/property/details-13593542.html
Brand New | Pool View | Ready to Move-In,"58,000",Yearly,,1,458 sqft,"Hadley Heights, JVC District 11, Jumeirah Village Circle (JVC), Dubai",https://www.bayut.com/property/details-13587138.html
Spacious Layout |Premium Quality |Iconic Interior,"109,999",Yearly,2,2,"1,187 sqft","Aria Residence, JVC District 14, Jumeirah Village Circle (JVC), Dubai",https://www.bayut.com/property/details-13636417.html
Fully Furnished 1-BR I Bright & Airy Layout I Great Location,"75,000",Yearly,1,1,858 sqft,"GMM Tower 1, JVC District 12, Jumeirah Village Circle (JVC), Dubai",https://www.bayut.com/property/details-13620957.html
High End Finishing | Great Layout | Specious,"70,000",Yearly,1,2,729 sqft,"Vermont Tower, JVC District 11, Jumeirah Village Circle (JVC), Dubai",https://www.bayut.com/property/details-13610775.html
High End Finishing | Great Layout | Specious,"70,000",Yearly,1,2,732 sqft,"Vermont Tower, JVC District 11, Jumeirah Village Circle (JVC), Dubai",https://www.bayut.com/property/details-13610713.html
High End Finishing | Great Layout | Specious,"70,000",Yearly,1,2,781 sqft,"Vermont Tower, JVC District 11, Jumeirah Village Circle (JVC), Dubai",https://www.bayut.com/property/details-13610574.html
Vacant | Non Exclusive | Ready to Move | Spacious,"85,000",Yearly,1,1,619 sqft,"Binghatti Emerald, JVC District 15, Jumeirah Village Circle (JVC), Dubai",https://www.bayut.com/property/details-13607107.html
Big Layout | Great Community | Luxurious,"100,000",Yearly,1,2,805 sqft,"The Sloane by Belgravia Heights, JVC District 12, Jumeirah Village Circle (JVC), Dubai",https://www.bayut.com/property/details-13596027.html
Spacious Layout Vacant ready to move,"54,999",Yearly,,1,492 sqft,"Dune Residency, JVC District 17, Jumeirah Village Circle (JVC), Dubai",https://www.bayut.com/property/details-13586766.html
1BHK+Study | Luxury Finishing | Ready to Move,"95,000",Yearly,1,2,824 sqft,"H Three By Aurora, JVC District 11, Jumeirah Village Circle (JVC), Dubai",https://www.bayut.com/property/details-11749091.html
Community View | Spacious Layout | Call Now,"73,000",Yearly,1,2,646 sqft,"Catch Residences, JVC District 12, Jumeirah Village Circle (JVC), Dubai",https://www.bayut.com/property/details-13613523.html
1 bhk Apartment | with best ammenities | Road view,"75,000",Yearly,1,1,700 sqft,"Al Amir Residence, JVC District 11, Jumeirah Village Circle (JVC), Dubai",https://www.bayut.com/property/details-13606876.html
Modern 2BR+Maid | Fully Furnished | Huge Layout | Good Amenities,"180,000",Yearly,2,3,"1,135 sqft","Hyati Residence, JVC District 14, Jumeirah Village Circle (JVC), Dubai",https://www.bayut.com/property/details-13606392.html
Bright Unit| Well Maintianed| Ready To move in,"48,000",Yearly,,1,415 sqft,"May Residence Tower 3, May Residence, JVC District 10, Jumeirah Village Circle (JVC), Dubai",https://www.bayut.com/property/details-13583928.html
Brand New | Park view | Slightly Negotiable,"95,000",Yearly,1,1,704 sqft,"Binghatti Orchid, JVC District 10, Jumeirah Village Circle (JVC), Dubai",https://www.bayut.com/property/details-13610293.html
Best offer | Good quality | Best location,"55,500",Yearly,,1,413 sqft,"West Tower, Luma 22, JVC District 10, Jumeirah Village Circle (JVC), Dubai",https://www.bayut.com/property/details-13597658.html
Modern Elegance | Fully Furnished | Spacious Layout,"90,000",Yearly,2,2,"1,181 sqft","Botanica, JVC District 13, Jumeirah Village Circle (JVC), Dubai",https://www.bayut.com/property/details-13581850.html
ALL BILLS INCLUDED | FULLY FURNISHED | 2 PARKING,"94,999",Yearly,2,2,885 sqft,"Burj Sabah, JVC District 12, Jumeirah Village Circle (JVC), Dubai",https://www.bayut.com/property/details-13611517.html
Vacant | Well Maintained | Community Specialist,"87,500",Yearly,1,2,774 sqft,"Harrington House, JVC District 14, Jumeirah Village Circle (JVC), Dubai",https://www.bayut.com/property/details-13605789.html
5BHK | Spacious Layout | Community View,"249,990",Yearly,5,6,"1,460 sqft","Al Amir Villas, JVC District 11, Jumeirah Village Circle (JVC), Dubai",https://www.bayut.com/property/details-13597264.html
Brand New | Unfurnished 2BHK | Pool View,"155,000",Yearly,2,3,"1,120 sqft","Oakley Square Residence, JVC District 11, Jumeirah Village Circle (JVC), Dubai",https://www.bayut.com/property/details-13635851.html
Spacious Unit | Huge Layout | Prime Location,"65,000",Yearly,1,2,745 sqft,"Pulse Smart Residence, JVC District 11, Jumeirah Village Circle (JVC), Dubai",https://www.bayut.com/property/details-13619255.html
Prime Location | Spacious 1Br | Available Now,"66,000",Yearly,1,2,606 sqft,"Aurion Residence, JVC District 10, Jumeirah Village Circle (JVC), Dubai",https://www.bayut.com/property/details-13594998.html
Marina View | Prime Location | Call Now,"115,000",Yearly,2,2,984 sqft,"Binghatti Corner, JVC District 10, Jumeirah Village Circle (JVC), Dubai",https://www.bayut.com/property/details-13585539.html
Fully Furnished | Great Finishing | Best Amenities,"149,990",Yearly,2,3,"1,330 sqft","Binghatti Azure, JVC District 16, Jumeirah Village Circle (JVC), Dubai",https://www.bayut.com/property/details-13582211.html
Pool View | Fully Furnished | Premium Quality,"149,990",Yearly,2,3,"1,330 sqft","Binghatti Azure, JVC District 16, Jumeirah Village Circle (JVC), Dubai",https://www.bayut.com/property/details-13582044.html
Spacious 1BR With Pool ViewI Elegant Unit | Ready To Move In | Near JSS School,"68,000",Yearly,1,2,747 sqft,"La Riviera Estate B, La Riviera Estates, JVC District 10, Jumeirah Village Circle (JVC), Dubai",https://www.bayut.com/property/details-13619581.html
I Big Layout I Modern Design I ready to move,"89,999",Yearly,2,2,"1,128 sqft","Rose 10, JVC District 11, Jumeirah Village Circle (JVC), Dubai",https://www.bayut.com/property/details-13617047.html
High End Finishing | Great Layout | Specious Studio,"50,000",Yearly,,1,500 sqft,"Vermont Tower, JVC District 11, Jumeirah Village Circle (JVC), Dubai",https://www.bayut.com/property/details-13611241.html
High End Finishing | Great Layout | Specious,"70,000",Yearly,1,2,780 sqft,"Vermont Tower, JVC District 11, Jumeirah Village Circle (JVC), Dubai",https://www.bayut.com/property/details-13611077.html
Studio for Rent | Family-Friendly Park Corner,"50,000",Yearly,,1,357 sqft,"Park Corner, JVC District 13, Jumeirah Village Circle (JVC), Dubai",https://www.bayut.com/property/details-13610086.html
Pool View | Fully Furnished | Chiller Free,"110,000",Yearly,2,3,"1,280 sqft","Alcove, JVC District 11, Jumeirah Village Circle (JVC), Dubai",https://www.bayut.com/property/details-13598659.html
Brand New | Private Pool | Ready to Move,"111,000",Yearly,1,2,796 sqft,"Binghatti Phantom, JVC District 17, Jumeirah Village Circle (JVC), Dubai",https://www.bayut.com/property/details-13597092.html
High End Finishing | Great Layout | Specious,"70,000",Yearly,1,2,745 sqft,"Vermont Tower, JVC District 11, Jumeirah Village Circle (JVC), Dubai",https://www.bayut.com/property/details-13610620.html
1 bhk Apartment | with best ammenities | Road view,"69,999",Yearly,1,2,717 sqft,"Aurion Residence, JVC District 10, Jumeirah Village Circle (JVC), Dubai",https://www.bayut.com/property/details-13608939.html
READY TO MOVE IN | SPACIOUS UNIT | 12 CHEQUES,"90,000",Yearly,1,2,659 sqft,"Binghatti Rose, JVC District 15, Jumeirah Village Circle (JVC), Dubai",https://www.bayut.com/property/details-13581160.html
2 bhk Apartment | with best ammenities | Road view,"104,999",Yearly,2,2,939 sqft,"Binghatti Rose, JVC District 15, Jumeirah Village Circle (JVC), Dubai",https://www.bayut.com/property/details-13636771.html
Unfurnished | One Apartment | Pool View,"120,000",Yearly,1,2,"1,205 sqft","Alef Noon Residence, JVC District 16, Jumeirah Village Circle (JVC), Dubai",https://www.bayut.com/property/details-13635228.html
Spacious and Bright | Smart Home | Closed Kitchen,"74,999",Yearly,1,2,755 sqft,"Binghatti Nova, JVC District 12, Jumeirah Village Circle (JVC), Dubai",https://www.bayut.com/property/details-13632101.html
Brand New | Pool + Park Views | Vacant,"89,999",Yearly,1,2,760 sqft,"Binghatti Phoenix, JVC District 13, Jumeirah Village Circle (JVC), Dubai",https://www.bayut.com/property/details-13630318.html
Stylish Living at Binghatti Aurora – Jumeirah Village Circle,"53,000",Yearly,,1,380 sqft,"Binghatti Aurora, JVC District 12, Jumeirah Village Circle (JVC), Dubai",https://www.bayut.com/property/details-13616456.html
Brand New | High floor | Spacious,"55,000",Yearly,,1,459 sqft,"Hadley Heights, JVC District 11, Jumeirah Village Circle (JVC), Dubai",https://www.bayut.com/property/details-13611774.html
Spacious 1BR | Prime Location | Community View,"66,000",Yearly,1,2,645 sqft,"Aurion Residence, JVC District 10, Jumeirah Village Circle (JVC), Dubai",https://www.bayut.com/property/details-13594298.html
3 BED VILLA | LUXURY CLASS | BIGGER LAYOUT,"180,000",Yearly,3,4,"2,100 sqft","Diamond Views 1 Villas A, JVC District 14, Jumeirah Village Circle (JVC), Dubai",https://www.bayut.com/property/details-13586976.html
Spacious Unit | Huge Layout | Prime Location,"65,000",Yearly,1,2,745 sqft,"Pulse Smart Residence, JVC District 11, Jumeirah Village Circle (JVC), Dubai",https://www.bayut.com/property/details-13619118.html
FULLY FURNISHED I MULTIPLE CHEQUES I READY TO MOVE,"69,999",Yearly,,1,356 sqft,"Bloom Tower B, Bloom Towers, JVC District 10, Jumeirah Village Circle (JVC), Dubai",https://www.bayut.com/property/details-13614434.html
Pool View | Fully Furnished | Spacious,"55,000",Yearly,,1,413 sqft,"Orchidea Residence, JVC District 13, Jumeirah Village Circle (JVC), Dubai",https://www.bayut.com/property/details-13593655.html
Fully Furnished | High Floor | Ready to Move,"60,000",Yearly,,1,394 sqft,"Bloom Heights 1, Bloom Heights, JVC District 15, Jumeirah Village Circle (JVC), Dubai",https://www.bayut.com/property/details-13591256.html
Luxury Finishes | Plus Study | Prime Location,"100,000",Yearly,1,2,855 sqft,"Oxford Terraces, JVC District 11, Jumeirah Village Circle (JVC), Dubai",https://www.bayut.com/property/details-9260748.html
Fully furnished Studio | Well Maintained | Near to JSS School | Great Community,"52,999",Yearly,,1,366 sqft,"Le Grand Chateau, JVC District 10, Jumeirah Village Circle (JVC), Dubai",https://www.bayut.com/property/details-13611511.html
Spacious | Huge Layout | Prime Location,"74,990",Yearly,1,2,700 sqft,"Al Amir Residence, JVC District 11, Jumeirah Village Circle (JVC), Dubai",https://www.bayut.com/property/details-13596105.html
Pool View | High Floor | Brand New | Spacious,"87,000",Yearly,1,2,865 sqft,"Hadley Heights, JVC District 11, Jumeirah Village Circle (JVC), Dubai",https://www.bayut.com/property/details-13583876.html
Delighted | Private Pool | 3BR With Huge Size,"200,000",Yearly,3,4,"2,664 sqft","SH Living 1, JVC District 14, Jumeirah Village Circle (JVC), Dubai",https://www.bayut.com/property/details-13598755.html
Modern Layout | Fully Furnished | Ready to Move,"140,000",Yearly,2,3,"1,236 sqft","SH Living 1, JVC District 14, Jumeirah Village Circle (JVC), Dubai",https://www.bayut.com/property/details-13598506.html
Stylish 2BR | Lifestyle in the Heart Location,"100,000",Yearly,2,2,"1,171 sqft","Milano by Giovanni Boutique Suites, JVC District 17, Jumeirah Village Circle (JVC), Dubai",https://www.bayut.com/property/details-13619668.html
4BHK | Spacious Layout | Community View,"200,000",Yearly,4,4,"3,165 sqft","Fortunato, JVC District 11, Jumeirah Village Circle (JVC), Dubai",https://www.bayut.com/property/details-13608623.html
Stunning 1-Bedroom on the 28th Floor / Private Pool |/Binghatti Phantom/ JVC,"110,000",Yearly,1,1,74 sqft,"Binghatti Phantom, JVC District 17, Jumeirah Village Circle (JVC), Dubai",https://www.bayut.com/property/details-13606788.html
Elegant Apartment | Close To Exit | Modern Amenities,"75,000",Yearly,1,2,826 sqft,"Reef Residence, JVC District 13, Jumeirah Village Circle (JVC), Dubai",https://www.bayut.com/property/details-13596989.html
75K - 1 Cheque | Fully Furnished | JVC,"80,000",Yearly,1,2,854 sqft,"Tower 108, JVC District 18, Jumeirah Village Circle (JVC), Dubai",https://www.bayut.com/property/details-13592566.html
Brand New |Fitted Appliances| Maid Room| 3 Baths|,"160,000",Yearly,2,3,"1,187 sqft","Oakley Square Residence, JVC District 11, Jumeirah Village Circle (JVC), Dubai",https://www.bayut.com/property/details-13579040.html
MARINA SKYLINE VIEW I BRAND NEW I NEAR CIRCLE MALL,"119,999",Yearly,1,2,807 sqft,"Binghatti Royale, JVC District 18, Jumeirah Village Circle (JVC), Dubai",https://www.bayut.com/property/details-13634765.html
"Binghatti Royale, JVC District 18, Jumeirah Village Circle (JVC), Dubai","100,000",Yearly,1,2,807 sqft,"Binghatti Royale, JVC District 18, Jumeirah Village Circle (JVC), Dubai",https://www.bayut.com/property/details-13600008.html
Vacant | Close to Circle Mall | Terrace,"215,000",Yearly,3,5,"1,455 sqft","Mirabella 8, JVC District 11, Jumeirah Village Circle (JVC), Dubai",https://www.bayut.com/property/details-13596785.html
Community View | Prime Location | Spacious Unit,"69,990",Yearly,1,2,658 sqft,"Al Amir Residence, JVC District 11, Jumeirah Village Circle (JVC), Dubai",https://www.bayut.com/property/details-13595996.html
Brand New |High Floor |Near Exit |Community View,"98,000",Yearly,1,2,670 sqft,"Pearl House by Imtiaz, JVC District 13, Jumeirah Village Circle (JVC), Dubai",https://www.bayut.com/property/details-13589987.html
Spacious 1BHK | Fully Furnished | High Floor,"69,999",Yearly,1,2,795 sqft,"O2 Tower, JVC District 14, Jumeirah Village Circle (JVC), Dubai",https://www.bayut.com/property/details-11845879.html
Ready To Move | Spacious | Fitted Kitchen,"80,000",Yearly,1,2,"1,689 sqft","Imperial Tower, JVC District 17, Jumeirah Village Circle (JVC), Dubai",https://www.bayut.com/property/details-13606606.html
Spacious Layout | Vacating Soon | Near To Park,"65,000",Yearly,1,2,819 sqft,"Le Grand Chateau C, Le Grand Chateau, JVC District 10, Jumeirah Village Circle (JVC), Dubai",https://www.bayut.com/property/details-13596870.html
Ready To Move | Huge Layout | Prime Location,"95,000",Yearly,2,3,888 sqft,"Fortunato, JVC District 11, Jumeirah Village Circle (JVC), Dubai",https://www.bayut.com/property/details-13586715.html
Park View | Fitted Kitchen | Grab The Keys Now,"99,999",Yearly,1,2,805 sqft,"Luma Park Views, JVC District 14, Jumeirah Village Circle (JVC), Dubai",https://www.bayut.com/property/details-13635476.html
Unfurnished 1-BR Apartment | Binghatti Phantom,"110,000",Yearly,1,2,795 sqft,"Binghatti Phantom, JVC District 17, Jumeirah Village Circle (JVC), Dubai",https://www.bayut.com/property/details-13632389.html
For RENT|Furnished Studio|JVC|Next toPark and Bus station,"50,000",Yearly,,1,414 sqft,"Noora Residence, JVC District 10, Jumeirah Village Circle (JVC), Dubai",https://www.bayut.com/property/details-13621110.html
Well Maintained Ready to Move Unfurnished Availabl,"62,000",Yearly,1,2,730 sqft,"Aayah Residences, JVC District 12, Jumeirah Village Circle (JVC), Dubai",https://www.bayut.com/property/details-13620328.html
Bright & Contemporary 2BR I With Closed Kitchen I Modern Amenities,"89,999",Yearly,2,3,"1,019 sqft","Rose 10, JVC District 11, Jumeirah Village Circle (JVC), Dubai",https://www.bayut.com/property/details-13618293.html
High End Finishing | Great Layout | Specious Studio,"50,000",Yearly,,1,411 sqft,"Vermont Tower, JVC District 11, Jumeirah Village Circle (JVC), Dubai",https://www.bayut.com/property/details-13611205.html
Spacious Layout | Modern Unit | Vacant,"90,000",Yearly,2,3,"1,128 sqft","Rose 10, JVC District 11, Jumeirah Village Circle (JVC), Dubai",https://www.bayut.com/property/details-13610393.html
Fully Furnished | High Floor | Prime Location,"65,999",Yearly,1,2,832 sqft,"Roxana Residence D, Roxana Residences, JVC District 12, Jumeirah Village Circle (JVC), Dubai",https://www.bayut.com/property/details-13597559.html
High End Finishing | Great Layout | Specious,"70,000",Yearly,1,2,733 sqft,"Vermont Tower, JVC District 11, Jumeirah Village Circle (JVC), Dubai",https://www.bayut.com/property/details-13611141.html
High End Finishing | Great Layout | Specious,"70,000",Yearly,1,2,703 sqft,"Vermont Tower, JVC District 11, Jumeirah Village Circle (JVC), Dubai",https://www.bayut.com/property/details-13610931.html
Lavish Apartment | Stadium View | Higher Floor,"75,000",Yearly,1,2,798 sqft,"Reef Residence, JVC District 13, Jumeirah Village Circle (JVC), Dubai",https://www.bayut.com/property/details-13596793.html
Next to Circle Mall | Ready to Move | Luxury,"74,000",Yearly,1,2,828 sqft,"Crystal Residence, JVC District 11, Jumeirah Village Circle (JVC), Dubai",https://www.bayut.com/property/details-13585520.html
Unfurnished 3BR | Premium Quality | View Now,"215,000",Yearly,3,5,"1,455 sqft","Mirabella 8, JVC District 11, Jumeirah Village Circle (JVC), Dubai",https://www.bayut.com/property/details-13619284.html
Pool View | Vacant | 2BHK+Storage,"101,000",Yearly,2,3,"1,192 sqft","AAA Residence, JVC District 13, Jumeirah Village Circle (JVC), Dubai",https://www.bayut.com/property/details-13610177.html
Community View | Fully Furnished | Vacant,"72,000",Yearly,1,2,968 sqft,"Arezzo 1, Arezzo, Tuscan Residence, JVC District 10, Jumeirah Village Circle (JVC), Dubai",https://www.bayut.com/property/details-13601883.html
Corner Unit | Ready To Move | Private Elevator,"199,999",Yearly,4,6,"3,335 sqft","Marwa Homes 2, JVC District 13, Jumeirah Village Circle (JVC), Dubai",https://www.bayut.com/property/details-13581719.html
Modern 1Bhk | Amara Residences | JVC,"75,000",Yearly,1,1,971 sqft,"Amara Residences, JVC District 15, Jumeirah Village Circle (JVC), Dubai",https://www.bayut.com/property/details-13598847.html
PRIVATE POOL/FURNISHED/SPACIOUS LAYOUT,"129,995",Yearly,2,2,"1,115 sqft","Binghatti Gardenia, JVC District 11, Jumeirah Village Circle (JVC), Dubai",https://www.bayut.com/property/details-13587535.html
Brand New | 1 Cheques | Spacious Terrace,"105,000",Yearly,1,2,796 sqft,"Binghatti Phantom, JVC District 17, Jumeirah Village Circle (JVC), Dubai",https://www.bayut.com/property/details-13580281.html
Cozy Studio | Amara Residences| JVC,"55,000",Yearly,,1,490 sqft,"Amara Residences, JVC District 15, Jumeirah Village Circle (JVC), Dubai",https://www.bayut.com/property/details-13598306.html
Vacant | Multiple Payments | Spacious,"90,000",Yearly,1,2,659 sqft,"Binghatti Rose, JVC District 15, Jumeirah Village Circle (JVC), Dubai",https://www.bayut.com/property/details-13586778.html
Road View | Prime Location | Call Now,"58,000",Yearly,,1,382 sqft,"Aurion Residence, JVC District 10, Jumeirah Village Circle (JVC), Dubai",https://www.bayut.com/property/details-13583027.html
Large Layout | Park Views | Unfurnished,"95,000",Yearly,1,2,970 sqft,"Belgravia 1, JVC District 14, Jumeirah Village Circle (JVC), Dubai",https://www.bayut.com/property/details-13606192.html
Stylish Urban Living 1 Bedroom I Modern Comfort I Prime Location,"110,000",Yearly,1,3,974 sqft,"Sandoval Garden Block B, Sandoval Garden, JVC District 14, Jumeirah Village Circle (JVC), Dubai",https://www.bayut.com/property/details-13584167.html
4 Bedroom Villa | Available Now | Marwa,"200,000",Yearly,4,6,"2,136 sqft","Marwa Homes 2, JVC District 13, Jumeirah Village Circle (JVC), Dubai",https://www.bayut.com/property/details-13579985.html
High End Finishing | Great Layout | Specious,"70,000",Yearly,1,2,791 sqft,"Vermont Tower, JVC District 11, Jumeirah Village Circle (JVC), Dubai",https://www.bayut.com/property/details-13611020.html
Smart Layout 1 Bedroom + Study | Sleek Design I Premium Amenities,"98,000",Yearly,1,2,822 sqft,"H Three By Aurora, JVC District 11, Jumeirah Village Circle (JVC), Dubai",https://www.bayut.com/property/details-13609652.html
Elegant & Stylish 1-Bedroom Apartment | Newly Renovated | Prime Location,"70,000",Yearly,1,2,689 sqft,"Al Amir Residence, JVC District 11, Jumeirah Village Circle (JVC), Dubai",https://www.bayut.com/property/details-13595280.html
Spacious 1BR in Summer 2 | Prime Location | Ready to Move,"65,000",Yearly,1,2,"1,025 sqft","Autumn 2 Block A, Autumn, Seasons Community, JVC District 15, Jumeirah Village Circle (JVC), Dubai",https://www.bayut.com/property/details-13615838.html
Fully Furnished | Well Maintained | Prime location,"70,000",Yearly,,1,474 sqft,"Park View Tower, JVC District 14, Jumeirah Village Circle (JVC), Dubai",https://www.bayut.com/property/details-13599788.html
Spacious 4B/R + Maids Room | Near to Exit | Vacant,"219,999",Yearly,4,6,"3,036 sqft","Shamal Residences, JVC District 14, Jumeirah Village Circle (JVC), Dubai",https://www.bayut.com/property/details-11832712.html
Fully Furnished | Premium Quality | Prime Location,"70,000",Yearly,1,2,676 sqft,"DAMAC Ghalia, JVC District 18, Jumeirah Village Circle (JVC), Dubai",https://www.bayut.com/property/details-13618082.html
Pool View | Modern Layout | Fully Furnished,"68,999",Yearly,1,2,675 sqft,"DAMAC Ghalia, JVC District 18, Jumeirah Village Circle (JVC), Dubai",https://www.bayut.com/property/details-13617712.html
Road Facing | Spacious Unit | Prime Location,"89,999",Yearly,2,2,"1,250 sqft","Uniestate Prime Tower, JVC District 10, Jumeirah Village Circle (JVC), Dubai",https://www.bayut.com/property/details-13616118.html
Near To Mall | Ready To Move | Ready To Move,"200,000",Yearly,4,5,"2,761 sqft","Comfy Villas, JVC District 11, Jumeirah Village Circle (JVC), Dubai",https://www.bayut.com/property/details-13609743.html
1 Bedroom | Open Kitchen | Balcony,"65,000",Yearly,1,2,837 sqft,"Imperial Tower, JVC District 17, Jumeirah Village Circle (JVC), Dubai",https://www.bayut.com/property/details-13597033.html
COMMUNITY VIEW | SPACIOUS 2 BHK | BRAND NEW,"140,000",Yearly,2,3,"1,364 sqft","Binghatti Aurora, JVC District 12, Jumeirah Village Circle (JVC), Dubai",https://www.bayut.com/property/details-13592730.html
Unfurnished Studio| Brand New | Prime Location,"59,990",Yearly,,1,392 sqft,"Binghatti Azure, JVC District 16, Jumeirah Village Circle (JVC), Dubai",https://www.bayut.com/property/details-13581460.html
EXCLUSIVE | BRAND NEW | PRIVATE POOL,"120,000",Yearly,1,2,796 sqft,"Binghatti Phantom, JVC District 17, Jumeirah Village Circle (JVC), Dubai",https://www.bayut.com/property/details-13578807.html
Outstanding 1BHK | Park View | Call now,"72,000",Yearly,1,2,611 sqft,"Pantheon Elysee III, JVC District 15, Jumeirah Village Circle (JVC), Dubai",https://www.bayut.com/property/details-11535460.html
Ready to Move | 1 Bedoom with Pool | High Floor | Skyline View,"120,000",Yearly,1,2,921 sqft,"Binghatti Royale, JVC District 18, Jumeirah Village Circle (JVC), Dubai",https://www.bayut.com/property/details-13622385.html
Central JVC Location | Contemporary Design | Excellent Condition,"68,000",Yearly,1,2,653 sqft,"Binghatti Rose, JVC District 15, Jumeirah Village Circle (JVC), Dubai",https://www.bayut.com/property/details-13586195.html
Brand New | Fully Fitted Kitchen | Park view,"90,000",Yearly,1,2,670 sqft,"Oakley Square Residence, JVC District 11, Jumeirah Village Circle (JVC), Dubai",https://www.bayut.com/property/details-13579792.html
Modern 2-Bedroom Apartment | Huge balcony | JVC,"90,000",Yearly,2,3,864 sqft,"Al Amir Residence, JVC District 11, Jumeirah Village Circle (JVC), Dubai",https://www.bayut.com/property/details-13578939.html
Modern 2-Bedroom Apartment | Huge balcony | JVC,"90,000",Yearly,2,3,864 sqft,"Al Amir Residence, JVC District 11, Jumeirah Village Circle (JVC), Dubai",https://www.bayut.com/property/details-13578939.html
Spacious | Ready to Move | Elegant,"65,000",Yearly,1,2,746 sqft,"Venus 1, JVC District 12, Jumeirah Village Circle (JVC), Dubai",https://www.bayut.com/property/details-13617114.html
Studio Apartment | with best ammenities | Road view,"47,999",Yearly,,1,382 sqft,"Aurion Residence, JVC District 10, Jumeirah Village Circle (JVC), Dubai",https://www.bayut.com/property/details-13608831.html
Luxury 1BR | Brand New | Ready To Move,"115,000",Yearly,1,1,807 sqft,"Binghatti Royale, JVC District 18, Jumeirah Village Circle (JVC), Dubai",https://www.bayut.com/property/details-13607950.html
2 Bedroom with 2 Balcony | Open Kitchen,"99,000",Yearly,2,3,"1,334 sqft","Imperial Tower, JVC District 17, Jumeirah Village Circle (JVC), Dubai",https://www.bayut.com/property/details-13601284.html
Spacious | Park Facing | With Kitchen Appliances,"79,999",Yearly,1,2,"1,152 sqft","Saleh Bin Lahej JVC Block A, Saleh Bin Lahej JVC, JVC District 10, Jumeirah Village Circle (JVC), Dubai",https://www.bayut.com/property/details-13591865.html
Vacant | Single Row | Maids Room | Bigger Layout |,"174,990",Yearly,4,5,"1,697 sqft","The Ghaf Tree, JVC District 13, Jumeirah Village Circle (JVC), Dubai",https://www.bayut.com/property/details-13585925.html
G+2 | CLOSED KITCHEN| NEAR PARK| READY TO MOVE IN,"199,999",Yearly,4,5,"1,733 sqft","Sandoval Lane, JVC District 14, Jumeirah Village Circle (JVC), Dubai",https://www.bayut.com/property/details-13579259.html
Studio fully furnished | Pool View | Vacat,"64,999",Yearly,,1,430 sqft,"Oxford Residence 2, JVC District 10, Jumeirah Village Circle (JVC), Dubai",https://www.bayut.com/property/details-13579218.html
CHICK THE VIDEO HIGH QUALITY BEST OFFER PRIME ST,"58,000",Yearly,,1,455 sqft,"Binghatti Lavender, JVC District 10, Jumeirah Village Circle (JVC), Dubai",https://www.bayut.com/property/details-13633486.html
Spacious Big 1Bhk With Kitchen Appliances Available With All Facilities in just 80K,"80,000",Yearly,1,2,"1,041 sqft","Saleh Bin Lahej JVC Block A, Saleh Bin Lahej JVC, JVC District 10, Jumeirah Village Circle (JVC), Dubai",https://www.bayut.com/property/details-13611957.html
Urban-Comfert 1-Bed | Elegant Lifestyle I Ready to Move In,"66,000",Yearly,1,2,"1,091 sqft","Aurion Residence, JVC District 10, Jumeirah Village Circle (JVC), Dubai",https://www.bayut.com/property/details-13611015.html
Vacant | Ready To Move | Low Floor,"100,000",Yearly,1,2,880 sqft,"Luma Park Views, JVC District 14, Jumeirah Village Circle (JVC), Dubai",https://www.bayut.com/property/details-13583033.html
Huge Layout | Fully Furnished | High Floor,"170,000",Yearly,2,2,"1,326 sqft","Binghatti Amber, JVC District 11, Jumeirah Village Circle (JVC), Dubai",https://www.bayut.com/property/details-13595561.html
1 Cheque | POOL VIEW | DEWA AND CHILLER INCLUDED,"50,000",Yearly,,1,475 sqft,"Serenity Lakes 5, JVC District 10, Jumeirah Village Circle (JVC), Dubai",https://www.bayut.com/property/details-13583420.html
Spacious Layout | 2BR | Bright And Modern,"120,000",Yearly,2,2,"1,140 sqft","Lucky 1 Residences, JVC District 13, Jumeirah Village Circle (JVC), Dubai",https://www.bayut.com/property/details-13608819.html
Vacant | Garden View | Fully Furnished,"60,000",Yearly,,1,452 sqft,"Luma21, JVC District 14, Jumeirah Village Circle (JVC), Dubai",https://www.bayut.com/property/details-13601617.html
Modern/Vacant/Multiple cheques,"88,000",Yearly,1,2,658 sqft,"Binghatti Rose, JVC District 15, Jumeirah Village Circle (JVC), Dubai",https://www.bayut.com/property/details-13600448.html
Multiple 1-2-3 BHK Units | Prime WestView Garden | Pool & Park Facing,"140,000",Yearly,2,3,"1,352 sqft","Westview Garden, JVC District 15, Jumeirah Village Circle (JVC), Dubai",https://www.bayut.com/property/details-13542955.html
Brand New - Pool View - Chiller with Dewa,"140,000",Yearly,2,3,"1,352 sqft","Westview Garden, JVC District 15, Jumeirah Village Circle (JVC), Dubai",https://www.bayut.com/property/details-13539019.html
Fully Furnished | Vacant | Multiple Cheque,"88,000",Yearly,1,2,709 sqft,"Milano by Giovanni Boutique Suites, JVC District 17, Jumeirah Village Circle (JVC), Dubai",https://www.bayut.com/property/details-13451076.html
Vacant | High Floor | Private Pool,"120,000",Yearly,1,2,"1,559 sqft","Binghatti Azure, JVC District 16, Jumeirah Village Circle (JVC), Dubai",https://www.bayut.com/property/details-13474543.html
Pool View | Vacant | Fully Furnished,"174,000",Yearly,2,3,"1,555 sqft","Mayas Geneva, JVC District 14, Jumeirah Village Circle (JVC), Dubai",https://www.bayut.com/property/details-13417088.html
Brand New Studio | Multiple cheques | Luxury,"59,999",Yearly,,1,387 sqft,"Binghatti Aurora, JVC District 12, Jumeirah Village Circle (JVC), Dubai",https://www.bayut.com/property/details-13449698.html
Pool View | Prime Location | Spacious Unit,"69,999",Yearly,1,2,871 sqft,"Laya Residences, JVC District 10, Jumeirah Village Circle (JVC), Dubai",https://www.bayut.com/property/details-13617569.html
Duplex | 2BR with Maids | Danube Eleganz 2,"165,000",Yearly,2,3,"1,784 sqft","Eleganz by Danube, JVC District 14, Jumeirah Village Circle (JVC), Dubai",https://www.bayut.com/property/details-13608624.html
Bright & Spacious Unit I With best price I Prime location,"89,999",Yearly,2,3,"1,027 sqft","Venus 1, JVC District 12, Jumeirah Village Circle (JVC), Dubai",https://www.bayut.com/property/details-13608571.html
1 Bedroom | Semi Closed Kitchen | Spacious Layout,"65,000",Yearly,1,2,875 sqft,"Pulse Smart Residence, JVC District 11, Jumeirah Village Circle (JVC), Dubai",https://www.bayut.com/property/details-13608371.html
Kitchen Appliances | Ready To Move | Pool View,"79,999",Yearly,1,2,"1,041 sqft","Saleh Bin Lahej JVC Block A, Saleh Bin Lahej JVC, JVC District 10, Jumeirah Village Circle (JVC), Dubai",https://www.bayut.com/property/details-13597723.html
Kitchen Appliances | Prime Location | Vacant,"50,000",Yearly,,1,474 sqft,"Golden Dream Tower 1, JVC District 18, Jumeirah Village Circle (JVC), Dubai",https://www.bayut.com/property/details-11815662.html
Spacious 2-Bed Retreat | Contemporary Layout I Bright Interiors,"105,000",Yearly,2,3,"1,192 sqft","AAA Residence, JVC District 13, Jumeirah Village Circle (JVC), Dubai",https://www.bayut.com/property/details-13609881.html
BRAND NEW I UNFURNISHED I SPACIOUS,"59,999",Yearly,,1,498 sqft,"Binghatti Phoenix, JVC District 13, Jumeirah Village Circle (JVC), Dubai",https://www.bayut.com/property/details-13600692.html
1 Bed | Best Ammenities | Spacious,"69,999",Yearly,1,2,675 sqft,"DAMAC Ghalia, JVC District 18, Jumeirah Village Circle (JVC), Dubai",https://www.bayut.com/property/details-13618062.html
Affordable 1BHK | Prime Location | Call now,"64,999",Yearly,1,2,837 sqft,"Imperial Tower, JVC District 17, Jumeirah Village Circle (JVC), Dubai",https://www.bayut.com/property/details-13613653.html
Brand New | Mid Floor | Vacant End Of December,"79,999",Yearly,1,2,689 sqft,"Binghatti Onyx, JVC District 15, Jumeirah Village Circle (JVC), Dubai",https://www.bayut.com/property/details-13570201.html
Brand New | Unfurnished | Community View,"78,000",Yearly,1,1,958 sqft,"Hameni Residence, JVC District 15, Jumeirah Village Circle (JVC), Dubai",https://www.bayut.com/property/details-13606807.html
Reduced Price | No Maintenance Fee | Ready to Move,"96,999",Yearly,2,3,"1,334 sqft","Imperial Tower, JVC District 17, Jumeirah Village Circle (JVC), Dubai",https://www.bayut.com/property/details-13604386.html
Vacant | Fully Furnished | Luxury,"140,000",Yearly,2,3,"1,018 sqft","Aura, JVC District 14, Jumeirah Village Circle (JVC), Dubai",https://www.bayut.com/property/details-13561250.html
Fully Furnished | Great Location | Call Now,"105,000",Yearly,1,2,766 sqft,"Binghatti Phoenix, JVC District 13, Jumeirah Village Circle (JVC), Dubai",https://www.bayut.com/property/details-13636439.html
Fully Furnished | Spacious Unit | Brand New,"100,000",Yearly,1,2,766 sqft,"Binghatti Phoenix, JVC District 13, Jumeirah Village Circle (JVC), Dubai",https://www.bayut.com/property/details-13635243.html
POOL VIEW | Brand New | Prime Location,"105,000",Yearly,1,2,807 sqft,"Binghatti Royale, JVC District 18, Jumeirah Village Circle (JVC), Dubai",https://www.bayut.com/property/details-13634480.html
Affordable 1bhk I With best amenity I Prime location,"65,000",Yearly,1,2,630 sqft,"Venus 1, JVC District 12, Jumeirah Village Circle (JVC), Dubai",https://www.bayut.com/property/details-13608415.html
Premium 2BHK + Maid | Fully Furnished | Shamal Waves,"88,000",Yearly,2,3,894 sqft,"Shamal Waves, JVC District 14, Jumeirah Village Circle (JVC), Dubai",https://www.bayut.com/property/details-13585523.html
Spacious 1 BHk | Semi Furnished| Prime Location,"65,000",Yearly,1,2,844 sqft,"Sandhurst House, JVC District 10, Jumeirah Village Circle (JVC), Dubai",https://www.bayut.com/property/details-13605203.html
Modern Finishing 2 Bed I Bright & Stylish Layout I Great Location,"89,999",Yearly,2,3,"1,128 sqft","Rose 10, JVC District 11, Jumeirah Village Circle (JVC), Dubai",https://www.bayut.com/property/details-13599525.html
Prime Location I Spacious Layout I beautiful place,"75,000",Yearly,1,2,"1,040 sqft","La Perla Blanca, JVC District 15, Jumeirah Village Circle (JVC), Dubai",https://www.bayut.com/property/details-13598776.html
Marina View | Fully Furnished | Close to exit,"57,999",Yearly,,1,397 sqft,"Bloom Tower B, Bloom Towers, JVC District 10, Jumeirah Village Circle (JVC), Dubai",https://www.bayut.com/property/details-11837315.html
Unfurnished Studio | Prime Location | Call now,"54,999",Yearly,,1,406 sqft,"National Bonds Residence, JVC District 15, Jumeirah Village Circle (JVC), Dubai",https://www.bayut.com/property/details-13595237.html
Modern Layout | Fully Fitted kitchen | Prime location,"60,000",Yearly,1,2,606 sqft,"Aurion Residence, JVC District 10, Jumeirah Village Circle (JVC), Dubai",https://www.bayut.com/property/details-13599424.html
Delighted | Fully Fitted kitchen | Prime location,"60,000",Yearly,1,2,645 sqft,"Aurion Residence, JVC District 10, Jumeirah Village Circle (JVC), Dubai",https://www.bayut.com/property/details-13599086.html
Brand New | Ready to Move in | Park Facing View,"65,000",Yearly,,1,409 sqft,"Binghatti Phoenix, JVC District 13, Jumeirah Village Circle (JVC), Dubai",https://www.bayut.com/property/details-13609426.html
Multiple Cheques | Ready To Move | Smart Home,"64,999",Yearly,,1,409 sqft,"Binghatti Phoenix, JVC District 13, Jumeirah Village Circle (JVC), Dubai",https://www.bayut.com/property/details-13588736.html
Furnished Unit I Ready to move I Prime location,"49,999",Yearly,,1,326 sqft,"Kensington Manor, JVC District 13, Jumeirah Village Circle (JVC), Dubai",https://www.bayut.com/property/details-13607380.html
Fully Furnished | Premium Quality | Prime Location,"80,000",Yearly,1,2,821 sqft,"Tower 108, JVC District 18, Jumeirah Village Circle (JVC), Dubai",https://www.bayut.com/property/details-13615366.html
Un-Furnished | Ground Floor | Large layout,"155,000",Yearly,2,3,"1,101 sqft","Belgravia Square, JVC District 14, Jumeirah Village Circle (JVC), Dubai",https://www.bayut.com/property/details-13608507.html
Luxury 2 Bedroom For Rent I Best Quality I Prime Location,"120,000",Yearly,2,3,"1,333 sqft","AAA Residence, JVC District 13, Jumeirah Village Circle (JVC), Dubai",https://www.bayut.com/property/details-13607037.html
Best price I Extra Spacious with Great Amenity I Prime location,"64,999",Yearly,1,2,746 sqft,"Venus 1, JVC District 12, Jumeirah Village Circle (JVC), Dubai",https://www.bayut.com/property/details-13608280.html
Studio Apartment | with best ammenities | Road view,"58,000",Yearly,,1,397 sqft,"Bloom Tower B, Bloom Towers, JVC District 10, Jumeirah Village Circle (JVC), Dubai",https://www.bayut.com/property/details-13607033.html
Unfurnished | Pool View | Call Now,"90,000",Yearly,1,2,760 sqft,"Binghatti Phoenix, JVC District 13, Jumeirah Village Circle (JVC), Dubai",https://www.bayut.com/property/details-13619052.html
Fully Furnished | Premium Quality | Best Amenities,"109,999",Yearly,1,2,682 sqft,"Pearl House 2, JVC District 12, Jumeirah Village Circle (JVC), Dubai",https://www.bayut.com/property/details-13609754.html
1-Bedroom | Full Furnished | Great Amenities,"80,000",Yearly,1,2,780 sqft,"Pantheon Elysee I, JVC District 13, Jumeirah Village Circle (JVC), Dubai",https://www.bayut.com/property/details-13584053.html
High Floor | Fully Furnished | Marina View,"84,999",Yearly,1,2,637 sqft,"Binghatti Heights, JVC District 10, Jumeirah Village Circle (JVC), Dubai",https://www.bayut.com/property/details-13610580.html
1 Bedroom Apartment | Rental | Vacant,"74,000",Yearly,1,2,904 sqft,"AAA Residence, JVC District 13, Jumeirah Village Circle (JVC), Dubai",https://www.bayut.com/property/details-13585905.html
Fully Furnished | Premium Quality | Best Amenities,"110,000",Yearly,1,2,682 sqft,"Pearl House 2, JVC District 12, Jumeirah Village Circle (JVC), Dubai",https://www.bayut.com/property/details-13609944.html
1 BEDROOM+HALL Modern Living BEST AMENITIES JVC.,"65,000",Yearly,1,2,739 sqft,"Sandoval Garden, JVC District 14, Jumeirah Village Circle (JVC), Dubai",https://www.bayut.com/property/details-13584906.html
Cozy 1BHK | Fully Furnished | Book now,"65,000",Yearly,1,2,675 sqft,"Diamond Views 4, JVC District 11, Jumeirah Village Circle (JVC), Dubai",https://www.bayut.com/property/details-13579542.html
Spacious 3 BR | Ready to Move | Pool View,"185,000",Yearly,3,4,"1,461 sqft","Beverly Residence, JVC District 13, Jumeirah Village Circle (JVC), Dubai",https://www.bayut.com/property/details-13596741.html
Pool View | Chiller Free | 12 Cheques,"69,999",Yearly,,1,453 sqft,"Beverly Residence, JVC District 13, Jumeirah Village Circle (JVC), Dubai",https://www.bayut.com/property/details-13583786.html
Vacant | Garden View | Fully Furnished,"60,000",Yearly,,1,452 sqft,"Luma21, JVC District 14, Jumeirah Village Circle (JVC), Dubai",https://www.bayut.com/property/details-13601617.html
Elegant 1 Bedroom I Modern & Bright Layout I Book Today,"75,000",Yearly,1,2,798 sqft,"AAA Residence, JVC District 13, Jumeirah Village Circle (JVC), Dubai",https://www.bayut.com/property/details-13606703.html
1 bhk Apartment | with best ammenities | Road view,"65,000",Yearly,1,2,804 sqft,"Venus 1, JVC District 12, Jumeirah Village Circle (JVC), Dubai",https://www.bayut.com/property/details-13580942.html
1 bhk Apartment | with best ammenities | Road view,"70,000",Yearly,,1,544 sqft,"Al Amir Residence, JVC District 11, Jumeirah Village Circle (JVC), Dubai",https://www.bayut.com/property/details-13596228.html
Brand New 1BR | Modern Living | Good Amenities | Premium Building,"85,000",Yearly,1,2,797 sqft,"Binghatti Phoenix, JVC District 13, Jumeirah Village Circle (JVC), Dubai",https://www.bayut.com/property/details-13500747.html
CORNER | MULTIPLE UNITS | BRAND NEW,"95,000",Yearly,1,2,704 sqft,"Binghatti Onyx, JVC District 15, Jumeirah Village Circle (JVC), Dubai",https://www.bayut.com/property/details-11688221.html
Fully Furnished | Prime Location | Call Now,"149,990",Yearly,2,3,"1,091 sqft","Binghatti Emerald, JVC District 15, Jumeirah Village Circle (JVC), Dubai",https://www.bayut.com/property/details-13522070.html
Upgraded 1 Bed For Rent I Premium Quality I Prime Location,"70,000",Yearly,1,2,739 sqft,"Al Amir Residence, JVC District 11, Jumeirah Village Circle (JVC), Dubai",https://www.bayut.com/property/details-13521158.html
Bright Apartment | Ready To Move | Reasonable Offer,"90,000",Yearly,2,3,"1,027 sqft","Venus 1, JVC District 12, Jumeirah Village Circle (JVC), Dubai",https://www.bayut.com/property/details-13536047.html
Spacious | Fully Furnished | 2 Private Balconies,"80,000",Yearly,1,2,"1,053 sqft","Lavender 1, Emirates Gardens, JVC District 12, Jumeirah Village Circle (JVC), Dubai",https://www.bayut.com/property/details-11756252.html
Modern Elegance | Landmark View | Prime Location,"79,999",Yearly,1,1,698 sqft,"Binghatti Corner, JVC District 10, Jumeirah Village Circle (JVC), Dubai",https://www.bayut.com/property/details-13523688.html
Fully Furnished | Great Finishing | Best Amenities,"85,000",Yearly,1,2,739 sqft,"Bloom Heights 2, Bloom Heights, JVC District 15, Jumeirah Village Circle (JVC), Dubai",https://www.bayut.com/property/details-13610333.html
Community View | Furnished 2BR | Call Now,"139,990",Yearly,2,3,"1,080 sqft","Binghatti Venus, JVC District 13, Jumeirah Village Circle (JVC), Dubai",https://www.bayut.com/property/details-13521717.html
Closed Kitchen | Rooftop | With Maidsroom | Vacant,"175,000",Yearly,4,5,"1,696 sqft","The Ghaf Tree, JVC District 13, Jumeirah Village Circle (JVC), Dubai",https://www.bayut.com/property/details-13534027.html
High Floor | Burj Al Arab View | Brand New,"100,000",Yearly,1,2,797 sqft,"Binghatti Phantom, JVC District 17, Jumeirah Village Circle (JVC), Dubai",https://www.bayut.com/property/details-13495303.html
Ground Floor | Ready to Move | Reasonable,"65,000",Yearly,1,2,746 sqft,"Venus 1, JVC District 12, Jumeirah Village Circle (JVC), Dubai",https://www.bayut.com/property/details-13543955.html
FULLY FURNISHED | BEST LAYOUT | BEST PRICE,"53,999",Yearly,,1,400 sqft,"Regina Tower, JVC District 12, Jumeirah Village Circle (JVC), Dubai",https://www.bayut.com/property/details-13559771.html
"Massive 3BR Duplex + Maid | Park, Mosque, Shops","160,000",Yearly,3,4,"3,255 sqft","Royal JVC Building, JVC District 10, Jumeirah Village Circle (JVC), Dubai",https://www.bayut.com/property/details-13523297.html
Close kitchen | Vacant Now | Huge Layout,"65,000",Yearly,1,2,630 sqft,"Venus 1, JVC District 12, Jumeirah Village Circle (JVC), Dubai",https://www.bayut.com/property/details-13536037.html
Stunning 2 B/R | Spacious | Ready to Move,"122,000",Yearly,2,3,"1,226 sqft","SH Living 1, JVC District 14, Jumeirah Village Circle (JVC), Dubai",https://www.bayut.com/property/details-13522447.html
"Bright apartment,Spacious,Fitted appliances","69,000",Yearly,1,2,836 sqft,"Imperial Tower, JVC District 17, Jumeirah Village Circle (JVC), Dubai",https://www.bayut.com/property/details-13511013.html
Huge Balcony | Road View | Prime Location,"130,000",Yearly,2,3,"1,224 sqft","Binghatti Tulip, JVC District 11, Jumeirah Village Circle (JVC), Dubai",https://www.bayut.com/property/details-13521886.html
Chiller Free - 1 Bedroom - Bright and Spacious Apartment,"60,000",Yearly,1,1,939 sqft,"Summer 1 Block A, Summer, Seasons Community, JVC District 15, Jumeirah Village Circle (JVC), Dubai",https://www.bayut.com/property/details-13515280.html
Modern Studio | Great Location | Ready to Move,"62,000",Yearly,,1,409 sqft,"Binghatti Phoenix, JVC District 13, Jumeirah Village Circle (JVC), Dubai",https://www.bayut.com/property/details-13528466.html
Pool View | Premium Quality | Brand New,"139,000",Yearly,2,3,"1,057 sqft","Hamilton House, JVC District 14, Jumeirah Village Circle (JVC), Dubai",https://www.bayut.com/property/details-13489770.html
Pool View | Modern Layout | High End Quality,"57,000",Yearly,,1,359 sqft,"Binghatti Azure, JVC District 16, Jumeirah Village Circle (JVC), Dubai",https://www.bayut.com/property/details-13493449.html
JVC | IBHK FOR RENT| FULL FURNISHED | IMTIAZ,"100,000",Yearly,1,1,789 sqft,"Pearl House 2, JVC District 12, Jumeirah Village Circle (JVC), Dubai",https://www.bayut.com/property/details-13523142.html
Ready to Move In | Prime Location | Garden view,"72,000",Yearly,1,2,711 sqft,"Jeewar Apartments, JVC District 11, Jumeirah Village Circle (JVC), Dubai",https://www.bayut.com/property/details-13523298.html
"Bright apartment,Close kitchen,Ready to move","99,000",Yearly,2,3,"1,334 sqft","Imperial Tower, JVC District 17, Jumeirah Village Circle (JVC), Dubai",https://www.bayut.com/property/details-13511015.html
Brand New | Private Plunge | Mid Floor,"115,000",Yearly,1,2,808 sqft,"Binghatti Royale, JVC District 18, Jumeirah Village Circle (JVC), Dubai",https://www.bayut.com/property/details-13531837.html
Big Layout | Ready to Move In | 4 Cheques,"145,000",Yearly,3,4,"1,285 sqft","Binghatti Rose, JVC District 15, Jumeirah Village Circle (JVC), Dubai",https://www.bayut.com/property/details-13527278.html
Marina View | Fitted Kitchen | Call Now,"55,000",Yearly,,1,312 sqft,"Binghatti House, JVC District 10, Jumeirah Village Circle (JVC), Dubai",https://www.bayut.com/property/details-13503968.html
Private Pool | City View | Luxury Finishes,"180,000",Yearly,2,2,"2,055 sqft","Binghatti Corner, JVC District 10, Jumeirah Village Circle (JVC), Dubai",https://www.bayut.com/property/details-13521823.html
Brand New | Pool View | High End Quality,"105,000",Yearly,1,2,769 sqft,"Pearl House 2, JVC District 12, Jumeirah Village Circle (JVC), Dubai",https://www.bayut.com/property/details-13467610.html
Brand New | Premium Quality | Fully Furnished,"100,000",Yearly,1,2,715 sqft,"Pearl House 2, JVC District 12, Jumeirah Village Circle (JVC), Dubai",https://www.bayut.com/property/details-13443138.html
Community View | Prime Location | Fully Furnished,"80,000",Yearly,1,2,784 sqft,"Regina Tower, JVC District 12, Jumeirah Village Circle (JVC), Dubai",https://www.bayut.com/property/details-13636408.html
Fully Furnished | Luxury Studio | Bills Included,"84,000",Yearly,,1,420 sqft,"Crystal Residence, JVC District 11, Jumeirah Village Circle (JVC), Dubai",https://www.bayut.com/property/details-13418040.html
Vacant | Maid room | Unfurnished | Prime Location,"210,000",Yearly,4,5,"1,874 sqft","Heilbronn Villas, JVC District 14, Jumeirah Village Circle (JVC), Dubai",https://www.bayut.com/property/details-13495224.html
Exclusive/unfurnished/Specious,"130,000",Yearly,2,3,983 sqft,"Bluebell  Residence, JVC District 11, Jumeirah Village Circle (JVC), Dubai",https://www.bayut.com/property/details-13465641.html
Luxury Apartment | 2 Bedroom | Private pool,"180,000",Yearly,2,2,"2,007 sqft","Binghatti Corner, JVC District 10, Jumeirah Village Circle (JVC), Dubai",https://www.bayut.com/property/details-13521188.html
Bright Studio | Peaceful Community | Vacant Now,"62,000",Yearly,,1,413 sqft,"Binghatti Phoenix, JVC District 13, Jumeirah Village Circle (JVC), Dubai",https://www.bayut.com/property/details-13505624.html
Great Layout | Modern Studio | Prime Location,"62,000",Yearly,,1,498 sqft,"Binghatti Phoenix, JVC District 13, Jumeirah Village Circle (JVC), Dubai",https://www.bayut.com/property/details-13506046.html
Beautiful apartment with top class facilities,"160,000",Yearly,2,3,"1,120 sqft","Oakley Square Residence, JVC District 11, Jumeirah Village Circle (JVC), Dubai",https://www.bayut.com/property/details-13495870.html
Ready to Move | High Floor | Furnished View Home,"90,000",Yearly,1,2,756 sqft,"Bloom Heights 1, Bloom Heights, JVC District 15, Jumeirah Village Circle (JVC), Dubai",https://www.bayut.com/property/details-13522382.html
Stunning 2 B/R | Spacious | Ready to Move,"190,000",Yearly,2,2,"2,145 sqft","SH Living 1, JVC District 14, Jumeirah Village Circle (JVC), Dubai",https://www.bayut.com/property/details-13523095.html
Pool In Balcony | Brand New | Park View | Vacant,"109,999",Yearly,1,2,921 sqft,"Binghatti Royale, JVC District 18, Jumeirah Village Circle (JVC), Dubai",https://www.bayut.com/property/details-13466852.html
Spacious | 1BhK + Study | Private Pool,"109,999",Yearly,1,2,922 sqft,"Binghatti Royale, JVC District 18, Jumeirah Village Circle (JVC), Dubai",https://www.bayut.com/property/details-13520079.html
BRAND NEW-P00L VIEW-FITTED KITCHEN,"90,000",Yearly,1,2,799 sqft,"Binghatti Phoenix, JVC District 13, Jumeirah Village Circle (JVC), Dubai",https://www.bayut.com/property/details-13465537.html
Spacious Layout | kitchen appliances| Brand new,"65,000",Yearly,1,2,836 sqft,"Imperial Tower, JVC District 17, Jumeirah Village Circle (JVC), Dubai",https://www.bayut.com/property/details-13505970.html
1BR Duplex | Well Maintain | Balcony | Fitted Kitchen,"115,000",Yearly,1,2,792 sqft,"The Autograph, JVC District 10, Jumeirah Village Circle (JVC), Dubai",https://www.bayut.com/property/details-13521693.html
Stunning 2 B/R | Spacious | Ready to Move,"123,000",Yearly,2,3,"1,267 sqft","SH Living 1, JVC District 14, Jumeirah Village Circle (JVC), Dubai",https://www.bayut.com/property/details-13522668.html
Modern 2BR | Spacious Layout | Prime Location,"120,000",Yearly,2,3,"1,267 sqft","SH Living 1, JVC District 14, Jumeirah Village Circle (JVC), Dubai",https://www.bayut.com/property/details-13522667.html
COMMUNITY VIEW I FURNISHED I AVAILABLE FROM 11 DECEMBER,"89,999",Yearly,1,2,659 sqft,"Binghatti Rose, JVC District 15, Jumeirah Village Circle (JVC), Dubai",https://www.bayut.com/property/details-13571284.html
Spacious 2BR | Community View | Prime Location,"110,000",Yearly,2,2,"1,147 sqft","Golden Dream Tower 1, JVC District 18, Jumeirah Village Circle (JVC), Dubai",https://www.bayut.com/property/details-13551628.html
2BR Duplex + Laundry | Huge Balcony | Vacant,"130,000",Yearly,2,3,"1,942 sqft","Royal JVC Building, JVC District 10, Jumeirah Village Circle (JVC), Dubai",https://www.bayut.com/property/details-13548729.html
Spacious 2BR Duplex | Huge Balcony | Prime Location,"130,000",Yearly,2,3,"1,942 sqft","Royal JVC Building, JVC District 10, Jumeirah Village Circle (JVC), Dubai",https://www.bayut.com/property/details-13545162.html
Large Layout | High floor | Private Pool,"104,995",Yearly,1,2,921 sqft,"Binghatti Royale, JVC District 18, Jumeirah Village Circle (JVC), Dubai",https://www.bayut.com/property/details-13572395.html
Fully Fitted | Prime Location | Ready,"65,000",Yearly,1,2,626 sqft,"Central Park Tower, JVC District 12, Jumeirah Village Circle (JVC), Dubai",https://www.bayut.com/property/details-13547109.html
Smart Home 2BR + Maid | With Appliances | Pool View | Book Now,"120,000",Yearly,2,3,"1,321 sqft","Avanos Residence, JVC District 10, Jumeirah Village Circle (JVC), Dubai",https://www.bayut.com/property/details-13549426.html
Community View | Unfurnished | Vacant,"155,000",Yearly,4,5,"1,448 sqft","Seasons Community, JVC District 15, Jumeirah Village Circle (JVC), Dubai",https://www.bayut.com/property/details-13522332.html
Pool View | Unfurnished | Studio |,"60,000",Yearly,,1,424 sqft,"Belgravia 3B, Belgravia 3, JVC District 15, Jumeirah Village Circle (JVC), Dubai",https://www.bayut.com/property/details-13571421.html
Brand New| Furnished | Open to Cheques,"70,000",Yearly,,1,387 sqft,"Binghatti Aurora, JVC District 12, Jumeirah Village Circle (JVC), Dubai",https://www.bayut.com/property/details-13551757.html
Multiple 1-2-3 BHK Units | Prime WestView Garden | Pool & Park Facing,"140,000",Yearly,2,3,"1,352 sqft","Westview Garden, JVC District 15, Jumeirah Village Circle (JVC), Dubai",https://www.bayut.com/property/details-13542955.html
Fully Furnished | Marina View | Huge Size,"125,000",Yearly,2,2,"1,237 sqft","Binghatti Corner, JVC District 10, Jumeirah Village Circle (JVC), Dubai",https://www.bayut.com/property/details-13503872.html
Smart Home | Next to Exit & Entrance | Park View,"110,000",Yearly,1,2,807 sqft,"Binghatti Royale, JVC District 18, Jumeirah Village Circle (JVC), Dubai",https://www.bayut.com/property/details-13522365.html
Semi furnished 1BR | Sunset View | Ready to Move,"100,000",Yearly,1,2,784 sqft,"Belgravia Square, JVC District 14, Jumeirah Village Circle (JVC), Dubai",https://www.bayut.com/property/details-13500295.html
Marina View | Unfurnished 2 BR| Call Now,"114,999",Yearly,2,2,"1,253 sqft","Binghatti Corner, JVC District 10, Jumeirah Village Circle (JVC), Dubai",https://www.bayut.com/property/details-13582659.html
Brand new- Modern- 1 Bedroom Binghatti,"85,000",Yearly,1,2,743 sqft,"Binghatti Phoenix, JVC District 13, Jumeirah Village Circle (JVC), Dubai",https://www.bayut.com/property/details-13570949.html
Brand New | Spacious | Studio Apartment,"60,000",Yearly,,1,459 sqft,"Hadley Heights, JVC District 11, Jumeirah Village Circle (JVC), Dubai",https://www.bayut.com/property/details-13561765.html
COMMUNITY VIEW | VACANT | BRAND NEW,"95,000",Yearly,1,2,782 sqft,"Binghatti Aurora, JVC District 12, Jumeirah Village Circle (JVC), Dubai",https://www.bayut.com/property/details-13522327.html
Modern 1BR | Fully Furnished | 2 Bathrooms,"105,000",Yearly,1,2,681 sqft,"Pearl House 2, JVC District 12, Jumeirah Village Circle (JVC), Dubai",https://www.bayut.com/property/details-13570760.html
Prime View - Spacious Layout - Ready to Move In,"99,000",Yearly,2,3,"1,146 sqft","RMT Residence, JVC District 11, Jumeirah Village Circle (JVC), Dubai",https://www.bayut.com/property/details-13550230.html
POOL VIEW | Premium Quality I,"95,000",Yearly,1,2,798 sqft,"Binghatti Phoenix, JVC District 13, Jumeirah Village Circle (JVC), Dubai",https://www.bayut.com/property/details-13582770.html
Brand New - Pool View - Chiller with Dewa,"140,000",Yearly,2,3,"1,352 sqft","Westview Garden, JVC District 15, Jumeirah Village Circle (JVC), Dubai",https://www.bayut.com/property/details-13539019.html
Closed Kitchen-With Appliances-Spacious Layout,"185,000",Yearly,3,4,"1,859 sqft","Westview Garden, JVC District 15, Jumeirah Village Circle (JVC), Dubai",https://www.bayut.com/property/details-13539015.html
Unfurnished-1/2/3 BHK-Multiple Options Available,"88,000",Yearly,1,2,887 sqft,"Westview Garden, JVC District 15, Jumeirah Village Circle (JVC), Dubai",https://www.bayut.com/property/details-13539014.html
Move-In Ready 2BR Unfurnished in Prime JVC Spot,"122,000",Yearly,2,2,"1,612 sqft","Binghatti Nova, JVC District 12, Jumeirah Village Circle (JVC), Dubai",https://www.bayut.com/property/details-13532314.html
Brand New 1BR | Modern Living | Good Amenities | Premium Building,"85,000",Yearly,1,2,797 sqft,"Binghatti Phoenix, JVC District 13, Jumeirah Village Circle (JVC), Dubai",https://www.bayut.com/property/details-13500747.html
CORNER | MULTIPLE UNITS | BRAND NEW,"95,000",Yearly,1,2,704 sqft,"Binghatti Onyx, JVC District 15, Jumeirah Village Circle (JVC), Dubai",https://www.bayut.com/property/details-11688221.html
Fully Furnished | Prime Location | Call Now,"149,990",Yearly,2,3,"1,091 sqft","Binghatti Emerald, JVC District 15, Jumeirah Village Circle (JVC), Dubai",https://www.bayut.com/property/details-13522070.html
Upgraded 1 Bed For Rent I Premium Quality I Prime Location,"70,000",Yearly,1,2,739 sqft,"Al Amir Residence, JVC District 11, Jumeirah Village Circle (JVC), Dubai",https://www.bayut.com/property/details-13521158.html
Bright Apartment | Ready To Move | Reasonable Offer,"90,000",Yearly,2,3,"1,027 sqft","Venus 1, JVC District 12, Jumeirah Village Circle (JVC), Dubai",https://www.bayut.com/property/details-13536047.html
Spacious | Fully Furnished | 2 Private Balconies,"80,000",Yearly,1,2,"1,053 sqft","Lavender 1, Emirates Gardens, JVC District 12, Jumeirah Village Circle (JVC), Dubai",https://www.bayut.com/property/details-11756252.html
Modern Elegance | Landmark View | Prime Location,"79,999",Yearly,1,1,698 sqft,"Binghatti Corner, JVC District 10, Jumeirah Village Circle (JVC), Dubai",https://www.bayut.com/property/details-13523688.html
Fully Furnished | Great Finishing | Best Amenities,"85,000",Yearly,1,2,739 sqft,"Bloom Heights 2, Bloom Heights, JVC District 15, Jumeirah Village Circle (JVC), Dubai",https://www.bayut.com/property/details-13610333.html
Community View | Furnished 2BR | Call Now,"139,990",Yearly,2,3,"1,080 sqft","Binghatti Venus, JVC District 13, Jumeirah Village Circle (JVC), Dubai",https://www.bayut.com/property/details-13521717.html
Closed Kitchen | Rooftop | With Maidsroom | Vacant,"175,000",Yearly,4,5,"1,696 sqft","The Ghaf Tree, JVC District 13, Jumeirah Village Circle (JVC), Dubai",https://www.bayut.com/property/details-13534027.html
High Floor | Burj Al Arab View | Brand New,"100,000",Yearly,1,2,797 sqft,"Binghatti Phantom, JVC District 17, Jumeirah Village Circle (JVC), Dubai",https://www.bayut.com/property/details-13495303.html
Ground Floor | Ready to Move | Reasonable,"65,000",Yearly,1,2,746 sqft,"Venus 1, JVC District 12, Jumeirah Village Circle (JVC), Dubai",https://www.bayut.com/property/details-13543955.html
G+2 | Closed Kitchen | With Elevator | Vacant,"199,999",Yearly,3,5,"2,042 sqft","Jasmine Homes, JVC District 10, Jumeirah Village Circle (JVC), Dubai",https://www.bayut.com/property/details-13507491.html
FULLY FURNISHED | BEST LAYOUT | BEST PRICE,"53,999",Yearly,,1,400 sqft,"Regina Tower, JVC District 12, Jumeirah Village Circle (JVC), Dubai",https://www.bayut.com/property/details-13559771.html
"Massive 3BR Duplex + Maid | Park, Mosque, Shops","160,000",Yearly,3,4,"3,255 sqft","Royal JVC Building, JVC District 10, Jumeirah Village Circle (JVC), Dubai",https://www.bayut.com/property/details-13523297.html
Brand New | Prime Location | Spacious,"95,000",Yearly,1,2,799 sqft,"Binghatti Phoenix, JVC District 13, Jumeirah Village Circle (JVC), Dubai",https://www.bayut.com/property/details-13518066.html
Close kitchen | Vacant Now | Huge Layout,"65,000",Yearly,1,2,630 sqft,"Venus 1, JVC District 12, Jumeirah Village Circle (JVC), Dubai",https://www.bayut.com/property/details-13536037.html
Stunning 2 B/R | Spacious | Ready to Move,"122,000",Yearly,2,3,"1,226 sqft","SH Living 1, JVC District 14, Jumeirah Village Circle (JVC), Dubai",https://www.bayut.com/property/details-13522447.html
Luxury 1 Bed | Private Pool | Large Balcony | Premium Quality | Ready To Move-In!,"108,000",Yearly,1,2,807 sqft,"Binghatti Royale, JVC District 18, Jumeirah Village Circle (JVC), Dubai",https://www.bayut.com/property/details-13498138.html
Modern Upgrade | Large Plot | Ready To Move In,"250,000",Yearly,3,3,"8,259 sqft","JVC District 16, Jumeirah Village Circle (JVC), Dubai",https://www.bayut.com/property/details-13523588.html
Fully Upgraded Unit in JVC I Bright & Stylish I Modern Amenities,"72,000",Yearly,1,2,727 sqft,"La Riviera Apartments, JVC District 10, Jumeirah Village Circle (JVC), Dubai",https://www.bayut.com/property/details-13505251.html
"Bright apartment,Spacious,Fitted appliances","69,000",Yearly,1,2,836 sqft,"Imperial Tower, JVC District 17, Jumeirah Village Circle (JVC), Dubai",https://www.bayut.com/property/details-13511013.html
1 bed | best ammenities | spacious,"77,995",Yearly,1,2,"1,231 sqft","Laya Residences, JVC District 10, Jumeirah Village Circle (JVC), Dubai",https://www.bayut.com/property/details-13476759.html
Private Pool | Brand New | Ready to move in,"99,999",Yearly,1,2,795 sqft,"Binghatti Phantom, JVC District 17, Jumeirah Village Circle (JVC), Dubai",https://www.bayut.com/property/details-13549067.html
Huge Balcony | Road View | Prime Location,"130,000",Yearly,2,3,"1,224 sqft","Binghatti Tulip, JVC District 11, Jumeirah Village Circle (JVC), Dubai",https://www.bayut.com/property/details-13521886.html
Chiller Free - 1 Bedroom - Bright and Spacious Apartment,"60,000",Yearly,1,1,939 sqft,"Summer 1 Block A, Summer, Seasons Community, JVC District 15, Jumeirah Village Circle (JVC), Dubai",https://www.bayut.com/property/details-13515280.html
Modern Studio | Great Location | Ready to Move,"62,000",Yearly,,1,409 sqft,"Binghatti Phoenix, JVC District 13, Jumeirah Village Circle (JVC), Dubai",https://www.bayut.com/property/details-13528466.html
Pool View | Premium Quality | Brand New,"139,000",Yearly,2,3,"1,057 sqft","Hamilton House, JVC District 14, Jumeirah Village Circle (JVC), Dubai",https://www.bayut.com/property/details-13489770.html
Pool View | Modern Layout | High End Quality,"57,000",Yearly,,1,359 sqft,"Binghatti Azure, JVC District 16, Jumeirah Village Circle (JVC), Dubai",https://www.bayut.com/property/details-13493449.html
Live in Style | Full Furnished 1BR |Prime Location,"95,000",Yearly,1,2,814 sqft,"Belgravia 2, JVC District 14, Jumeirah Village Circle (JVC), Dubai",https://www.bayut.com/property/details-13473315.html
JVC | IBHK FOR RENT| FULL FURNISHED | IMTIAZ,"100,000",Yearly,1,1,789 sqft,"Pearl House 2, JVC District 12, Jumeirah Village Circle (JVC), Dubai",https://www.bayut.com/property/details-13523142.html
Ready to Move In | Prime Location | Garden view,"72,000",Yearly,1,2,711 sqft,"Jeewar Apartments, JVC District 11, Jumeirah Village Circle (JVC), Dubai",https://www.bayut.com/property/details-13523298.html
Elegant and Spacious | Furnished | Vacant,"230,000",Yearly,4,5,"5,030 sqft","Sydney Villas, JVC District 15, Jumeirah Village Circle (JVC), Dubai",https://www.bayut.com/property/details-13474480.html
Brand New | Kitchen Appliances | Spacious Layout,"95,000",Yearly,1,2,853 sqft,"Mass Residence, JVC District 11, Jumeirah Village Circle (JVC), Dubai",https://www.bayut.com/property/details-13495630.html
Furnished Studio |All Bills Included |12 Cheques,"57,000",Yearly,,1,410 sqft,"Bloom Tower C, Bloom Towers, JVC District 10, Jumeirah Village Circle (JVC), Dubai",https://www.bayut.com/property/details-13496171.html
"Bright apartment,Close kitchen,Ready to move","99,000",Yearly,2,3,"1,334 sqft","Imperial Tower, JVC District 17, Jumeirah Village Circle (JVC), Dubai",https://www.bayut.com/property/details-13511015.html
Fully Furnished Studio | Upgraded Unit | Luxurious Living | Prime Location,"46,000",Yearly,,1,407 sqft,"DAMAC Ghalia, JVC District 18, Jumeirah Village Circle (JVC), Dubai",https://www.bayut.com/property/details-13496064.html
Brand New | Private Plunge | Mid Floor,"115,000",Yearly,1,2,808 sqft,"Binghatti Royale, JVC District 18, Jumeirah Village Circle (JVC), Dubai",https://www.bayut.com/property/details-13531837.html
Big Layout | Ready to Move In | 4 Cheques,"145,000",Yearly,3,4,"1,285 sqft","Binghatti Rose, JVC District 15, Jumeirah Village Circle (JVC), Dubai",https://www.bayut.com/property/details-13527278.html
Marina View | Fitted Kitchen | Call Now,"55,000",Yearly,,1,312 sqft,"Binghatti House, JVC District 10, Jumeirah Village Circle (JVC), Dubai",https://www.bayut.com/property/details-13503968.html
Private Pool | City View | Luxury Finishes,"180,000",Yearly,2,2,"2,055 sqft","Binghatti Corner, JVC District 10, Jumeirah Village Circle (JVC), Dubai",https://www.bayut.com/property/details-13521823.html
Brand New | High End Quality | Prime Location,"105,000",Yearly,1,2,807 sqft,"Binghatti Royale, JVC District 18, Jumeirah Village Circle (JVC), Dubai",https://www.bayut.com/property/details-13536989.html
Bright & Spacious 1 Bed I With Huge balcony & Great amenity I Prime spot,"79,000",Yearly,1,2,"1,377 sqft","Imperial Tower, JVC District 17, Jumeirah Village Circle (JVC), Dubai",https://www.bayut.com/property/details-13511759.html
Brand New | Pool View | High End Quality,"105,000",Yearly,1,2,769 sqft,"Pearl House 2, JVC District 12, Jumeirah Village Circle (JVC), Dubai",https://www.bayut.com/property/details-13467610.html
Brand New | Premium Quality | Fully Furnished,"100,000",Yearly,1,2,715 sqft,"Pearl House 2, JVC District 12, Jumeirah Village Circle (JVC), Dubai",https://www.bayut.com/property/details-13443138.html
Community View | Prime Location | Fully Furnished,"80,000",Yearly,1,2,784 sqft,"Regina Tower, JVC District 12, Jumeirah Village Circle (JVC), Dubai",https://www.bayut.com/property/details-13636408.html
Fully Furnished | Pool Facing | Modern & Ready,"60,000",Yearly,,1,370 sqft,"Binghatti Lavender, JVC District 10, Jumeirah Village Circle (JVC), Dubai",https://www.bayut.com/property/details-13495061.html
Luxury Living at Hameni Tower – Premium JVC Residence | Vacant | Furnished,"95,000",Yearly,1,2,"1,124 sqft","JVC District 15, Jumeirah Village Circle (JVC), Dubai",https://www.bayut.com/property/details-13581039.html
Fully Furnished | Premium Quality | Prime Location,"80,000",Yearly,1,2,821 sqft,"Tower 108, JVC District 18, Jumeirah Village Circle (JVC), Dubai",https://www.bayut.com/property/details-13615366.html
ELEGANT 1 BHK - KITCHEN APPLIANCES - PERFECT FOR FAMILY LIVING,"80,000",Yearly,1,2,"1,152 sqft","Saleh Bin Lahej JVC Block A, Saleh Bin Lahej JVC, JVC District 10, Jumeirah Village Circle (JVC), Dubai",https://www.bayut.com/property/details-13612384.html
Un-Furnished | Ground Floor | Large layout,"155,000",Yearly,2,3,"1,101 sqft","Belgravia Square, JVC District 14, Jumeirah Village Circle (JVC), Dubai",https://www.bayut.com/property/details-13608507.html
Luxury 2 Bedroom For Rent I Best Quality I Prime Location,"120,000",Yearly,2,3,"1,333 sqft","AAA Residence, JVC District 13, Jumeirah Village Circle (JVC), Dubai",https://www.bayut.com/property/details-13607037.html
Huge Layout | Amazing Location | Inquire Now,"105,000",Yearly,2,2,"1,742 sqft","AG Residence, JVC District 11, Jumeirah Village Circle (JVC), Dubai",https://www.bayut.com/property/details-13588306.html
Cozy 1Bed For Rent I Modern High-Rise Living I Great Amenities,"70,000",Yearly,1,2,837 sqft,"Imperial Tower, JVC District 17, Jumeirah Village Circle (JVC), Dubai",https://www.bayut.com/property/details-13586237.html
Brand New | Fully Furnished | Pool View,"65,000",Yearly,,1,400 sqft,"Binghatti Aurora, JVC District 12, Jumeirah Village Circle (JVC), Dubai",https://www.bayut.com/property/details-13584043.html
Brand New | Premium Quality | Call To Inquire,"82,000",Yearly,1,2,785 sqft,"Binghatti Aurora, JVC District 12, Jumeirah Village Circle (JVC), Dubai",https://www.bayut.com/property/details-13602550.html
3Br+maid | Pay In 12 Cheques | Community View,"210,000",Yearly,3,5,"1,455 sqft","Mirabella 8, JVC District 11, Jumeirah Village Circle (JVC), Dubai",https://www.bayut.com/property/details-13601861.html
3BR+Maid | Community View | Prime Location,"210,000",Yearly,3,5,"1,455 sqft","Mirabella 8, JVC District 11, Jumeirah Village Circle (JVC), Dubai",https://www.bayut.com/property/details-13601702.html
Brand New | Large Layout | Ready Move In,"84,999",Yearly,1,2,797 sqft,"Binghatti Phoenix, JVC District 13, Jumeirah Village Circle (JVC), Dubai",https://www.bayut.com/property/details-13593488.html
LUXURY 1 BEDROOM | FULLY FURNISHED | VACANT UNIT,"62,000",Yearly,1,2,659 sqft,"Diamond Views III, JVC District 11, Jumeirah Village Circle (JVC), Dubai",https://www.bayut.com/property/details-13587428.html
Cozy 1BHK | Fully Furnished | Book now,"65,000",Yearly,1,2,675 sqft,"Diamond Views 4, JVC District 11, Jumeirah Village Circle (JVC), Dubai",https://www.bayut.com/property/details-13579591.html
Prime Location | High Floor | JVC Community View,"55,000",Yearly,,1,372 sqft,"Bloom Tower C, Bloom Towers, JVC District 10, Jumeirah Village Circle (JVC), Dubai",https://www.bayut.com/property/details-13579185.html
Best price I Extra Spacious with Great Amenity I Prime location,"64,999",Yearly,1,2,746 sqft,"Venus 1, JVC District 12, Jumeirah Village Circle (JVC), Dubai",https://www.bayut.com/property/details-13608280.html
Studio Apartment | with best ammenities | Road view,"58,000",Yearly,,1,397 sqft,"Bloom Tower B, Bloom Towers, JVC District 10, Jumeirah Village Circle (JVC), Dubai",https://www.bayut.com/property/details-13607033.html
Full Furnished | Reasonable Rent | Good Location,"62,000",Yearly,1,2,659 sqft,"Diamond Views III, JVC District 11, Jumeirah Village Circle (JVC), Dubai",https://www.bayut.com/property/details-13583907.html
Unfurnished | Pool View | Call Now,"90,000",Yearly,1,2,760 sqft,"Binghatti Phoenix, JVC District 13, Jumeirah Village Circle (JVC), Dubai",https://www.bayut.com/property/details-13619052.html
Brand New | High Floor | Best Price,"110,000",Yearly,1,2,807 sqft,"Binghatti Royale, JVC District 18, Jumeirah Village Circle (JVC), Dubai",https://www.bayut.com/property/details-13611048.html
Fully Furnished | Premium Quality | Best Amenities,"109,999",Yearly,1,2,682 sqft,"Pearl House 2, JVC District 12, Jumeirah Village Circle (JVC), Dubai",https://www.bayut.com/property/details-13609754.html
Modern Touch | Ready to Move | Quality Build,"75,000",Yearly,1,2,714 sqft,"SH Living 1, JVC District 14, Jumeirah Village Circle (JVC), Dubai",https://www.bayut.com/property/details-13597239.html
Prime Location | Open View | JVC,"80,000",Yearly,1,2,"1,010 sqft","Gardenia 2, Emirates Gardens, JVC District 12, Jumeirah Village Circle (JVC), Dubai",https://www.bayut.com/property/details-13586515.html
1-Bedroom | Full Furnished | Great Amenities,"80,000",Yearly,1,2,780 sqft,"Pantheon Elysee I, JVC District 13, Jumeirah Village Circle (JVC), Dubai",https://www.bayut.com/property/details-13584053.html
Stunning 2 B/R | Spacious | Ready to Move,"120,000",Yearly,2,3,"1,226 sqft","SH Living 1, JVC District 14, Jumeirah Village Circle (JVC), Dubai",https://www.bayut.com/property/details-13522191.html
Stunning 2 B/R | Spacious | Ready to Move,"140,000",Yearly,2,3,"1,236 sqft","SH Living 1, JVC District 14, Jumeirah Village Circle (JVC), Dubai",https://www.bayut.com/property/details-13521900.html
Fully Furnished | Vacant | Multiple Cheque,"88,000",Yearly,1,2,709 sqft,"Milano by Giovanni Boutique Suites, JVC District 17, Jumeirah Village Circle (JVC), Dubai",https://www.bayut.com/property/details-13451076.html
Luxurious 1 BHK| Bright & Spacious| Brand New,"85,000",Yearly,1,2,760 sqft,"Binghatti Phoenix, JVC District 13, Jumeirah Village Circle (JVC), Dubai",https://www.bayut.com/property/details-13447579.html
Spacious Layout | Ready to Move | High Floor,"74,999",Yearly,1,2,885 sqft,"Reef Residence, JVC District 13, Jumeirah Village Circle (JVC), Dubai",https://www.bayut.com/property/details-13526925.html
Brand New Studio | Elegant | Spacious Layout,"65,000",Yearly,,1,426 sqft,"Binghatti Phoenix, JVC District 13, Jumeirah Village Circle (JVC), Dubai",https://www.bayut.com/property/details-13517581.html
Fully Furnished | Great Amenities | Vacant Now,"105,000",Yearly,1,2,839 sqft,"East Tower, Luma 22, JVC District 10, Jumeirah Village Circle (JVC), Dubai",https://www.bayut.com/property/details-13457983.html
Brand New Studio | Elegant | Spacious Layout,"65,000",Yearly,,1,426 sqft,"Binghatti Phoenix, JVC District 13, Jumeirah Village Circle (JVC), Dubai",https://www.bayut.com/property/details-13516136.html
Stunning Studio For Rent I Luxury Meets Comfort I Top-Notch Amenities,"60,000",Yearly,,1,432 sqft,"Pantheon Elysee I, JVC District 13, Jumeirah Village Circle (JVC), Dubai",https://www.bayut.com/property/details-13430017.html
"Modern 1BR + Powder Room| Ready to Move | H Three by Aurora, JVC","102,000",Yearly,1,1,821 sqft,"H Three By Aurora, JVC District 11, Jumeirah Village Circle (JVC), Dubai",https://www.bayut.com/property/details-11729364.html
Open View | Prime Location | Ready To Move,"70,000",Yearly,1,2,928 sqft,"Siena 2, Siena, Tuscan Residence, JVC District 10, Jumeirah Village Circle (JVC), Dubai",https://www.bayut.com/property/details-13477184.html
Brand New | Kitchen Appliances | Vacant,"84,999",Yearly,1,2,822 sqft,"Binghatti Phoenix, JVC District 13, Jumeirah Village Circle (JVC), Dubai",https://www.bayut.com/property/details-13424593.html
"Fully Furnished 1BR | 2 Masters | 1022 Sqft | Huge Balcony | Vacant | Binghatti Gate, JVC","75,000",Yearly,1,2,995 sqft,"Binghatti Gate, JVC District 15, Jumeirah Village Circle (JVC), Dubai",https://www.bayut.com/property/details-13633948.html
Luxury Studio | Great Location | Call now,"49,998",Yearly,,1,339 sqft,"Binghatti Azure, JVC District 16, Jumeirah Village Circle (JVC), Dubai",https://www.bayut.com/property/details-13442978.html
Spacious 1BR | Modern Living | Bright Unit | Prime Location,"73,000",Yearly,1,2,805 sqft,"Imperial Tower, JVC District 17, Jumeirah Village Circle (JVC), Dubai",https://www.bayut.com/property/details-13471663.html
Big Layout | Ready to Move In | Great Location,"75,000",Yearly,1,2,866 sqft,"Marwa Heights, JVC District 15, Jumeirah Village Circle (JVC), Dubai",https://www.bayut.com/property/details-13450417.html
Stylish Furnished Studio I Bright & Spacious I With Great Amenities,"64,999",Yearly,,1,425 sqft,"Pantheon Elysee I, JVC District 13, Jumeirah Village Circle (JVC), Dubai",https://www.bayut.com/property/details-13429746.html
All Bills Included | Fully Upgraded | Park View,"259,000",Yearly,3,3,"1,575 sqft","JVC District 15, Jumeirah Village Circle (JVC), Dubai",https://www.bayut.com/property/details-13434992.html
Ultra Luxury | New | Fully Furnished,"100,000",Yearly,1,2,769 sqft,"Pearl House 2, JVC District 12, Jumeirah Village Circle (JVC), Dubai",https://www.bayut.com/property/details-13489615.html
LUXURY 2 BR | MODERN LAYOUT | BRIGHT AND SPACIOUS,"134,999",Yearly,2,3,"1,253 sqft","Binghatti Lavender, JVC District 10, Jumeirah Village Circle (JVC), Dubai",https://www.bayut.com/property/details-13476586.html
Vacant | High Floor | Private Pool,"120,000",Yearly,1,2,"1,559 sqft","Binghatti Azure, JVC District 16, Jumeirah Village Circle (JVC), Dubai",https://www.bayut.com/property/details-13474543.html
Your Next Home Awaits | Premium 1-BR | With Own Pool,"110,000",Yearly,1,2,797 sqft,"Binghatti Phantom, JVC District 17, Jumeirah Village Circle (JVC), Dubai",https://www.bayut.com/property/details-13429171.html
1 bed | best ammenities | spacious,"75,000",Yearly,1,2,802 sqft,"Rigel Apartments, JVC District 10, Jumeirah Village Circle (JVC), Dubai",https://www.bayut.com/property/details-13476132.html
Premium 1-BR Unit With Own Pool | Vacant,"110,000",Yearly,1,2,796 sqft,"Binghatti Phantom, JVC District 17, Jumeirah Village Circle (JVC), Dubai",https://www.bayut.com/property/details-13432380.html
High-End Quality | Private Pool | Brand-New,"109,999",Yearly,1,2,807 sqft,"Binghatti Royale, JVC District 18, Jumeirah Village Circle (JVC), Dubai",https://www.bayut.com/property/details-13441202.html
MARINA VIEW I MODERN AMENITIES I FURNISHED,"57,999",Yearly,,1,354 sqft,"Bloom Tower B, Bloom Towers, JVC District 10, Jumeirah Village Circle (JVC), Dubai",https://www.bayut.com/property/details-13474470.html
Spacious | Prime Location | Huge Layout,"97,999",Yearly,2,4,"1,375 sqft","Autumn 1 Block B, Autumn, Seasons Community, JVC District 15, Jumeirah Village Circle (JVC), Dubai",https://www.bayut.com/property/details-13470530.html
Brand New 1-BR | Unfurnished | Vacant,"110,000",Yearly,1,2,797 sqft,"Binghatti Phantom, JVC District 17, Jumeirah Village Circle (JVC), Dubai",https://www.bayut.com/property/details-13428394.html
Luxurious 1-BR | Brand New | With Own Pool,"110,000",Yearly,1,2,796 sqft,"Binghatti Phantom, JVC District 17, Jumeirah Village Circle (JVC), Dubai",https://www.bayut.com/property/details-13429468.html
Upgraded 4BR | Excellent Condition | Pool View,"325,000",Yearly,4,5,"2,029 sqft","Royal Park South Villas, JVC District 11, Jumeirah Village Circle (JVC), Dubai",https://www.bayut.com/property/details-13435322.html
Spacious 2BR | Big Layout | Good Amenities| Premium Building,"110,000",Yearly,2,3,"2,217 sqft","Imperial Tower, JVC District 17, Jumeirah Village Circle (JVC), Dubai",https://www.bayut.com/property/details-13471817.html
1BR Apartment Biggest Layout | Modern Finishing,"105,000",Yearly,1,2,909 sqft,"Westwood Grande by Imtiaz, JVC District 18, Jumeirah Village Circle (JVC), Dubai",https://www.bayut.com/property/details-13452784.html
Studio Apartment | best ammenities | pool view,"65,000",Yearly,,1,379 sqft,"Binghatti Aurora, JVC District 12, Jumeirah Village Circle (JVC), Dubai",https://www.bayut.com/property/details-13473553.html
Smart Home | Spacious Layout | Community View,"105,000",Yearly,1,2,769 sqft,"Pearl House 2, JVC District 12, Jumeirah Village Circle (JVC), Dubai",https://www.bayut.com/property/details-13423730.html
Park View Facing | Spacious | Equipped Kitchen,"74,999",Yearly,1,2,"1,152 sqft","Saleh Bin Lahej JVC Block A, Saleh Bin Lahej JVC, JVC District 10, Jumeirah Village Circle (JVC), Dubai",https://www.bayut.com/property/details-13474289.html
Fully Furnished | Great Location | Call Now,"69,999",Yearly,1,2,857 sqft,"GMM Tower 1, JVC District 12, Jumeirah Village Circle (JVC), Dubai",https://www.bayut.com/property/details-13442599.html
Pool View | Vacant | Fully Furnished,"174,000",Yearly,2,3,"1,555 sqft","Mayas Geneva, JVC District 14, Jumeirah Village Circle (JVC), Dubai",https://www.bayut.com/property/details-13417088.html
"Binghatti Corner, JVC District 10, Jumeirah Village Circle (JVC), Dubai","115,000",Yearly,2,2,984 sqft,"Binghatti Corner, JVC District 10, Jumeirah Village Circle (JVC), Dubai",https://www.bayut.com/property/details-13422876.html
Spacious Studio | New Furnishings | Vacant,"54,999",Yearly,,1,556 sqft,"Oxford Residence, JVC District 13, Jumeirah Village Circle (JVC), Dubai",https://www.bayut.com/property/details-13434563.html
Fully Furnished | Prime Location | Call Now,"75,000",Yearly,,1,743 sqft,"National Bonds Residence, JVC District 15, Jumeirah Village Circle (JVC), Dubai",https://www.bayut.com/property/details-13475049.html
BRAND NEW I FULLY FURNISHED I SPACIOUS LAYOUT,"105,000",Yearly,1,2,789 sqft,"Pearl House 2, JVC District 12, Jumeirah Village Circle (JVC), Dubai",https://www.bayut.com/property/details-13393057.html
Flexible Short-Term |Unfurnished 1 BR Apartment,"105,000",Yearly,1,2,"1,186 sqft","Mayas Geneva, JVC District 14, Jumeirah Village Circle (JVC), Dubai",https://www.bayut.com/property/details-13551715.html
Brand New Studio | Multiple cheques | Luxury,"59,999",Yearly,,1,387 sqft,"Binghatti Aurora, JVC District 12, Jumeirah Village Circle (JVC), Dubai",https://www.bayut.com/property/details-13449698.html
"Massive 1BR Semi Close Kitchen with Built in Appliances, Call Now","78,000",Yearly,1,2,770 sqft,"Golden Dream Tower 1, JVC District 18, Jumeirah Village Circle (JVC), Dubai",https://www.bayut.com/property/details-13437186.html
Furnished | Spacious & Ready Well Maintained,"51,000",Yearly,,1,451 sqft,"Hanover Square, JVC District 10, Jumeirah Village Circle (JVC), Dubai",https://www.bayut.com/property/details-13424071.html
Luxury Living | Stunning Amenities | Vacant,"80,000",Yearly,1,1,669 sqft,"Bloom Tower C, Bloom Towers, JVC District 10, Jumeirah Village Circle (JVC), Dubai",https://www.bayut.com/property/details-13473469.html
Spacious Layout | Modern | Fully Upgraded,"75,000",Yearly,1,2,754 sqft,"Al Amir Residence, JVC District 11, Jumeirah Village Circle (JVC), Dubai",https://www.bayut.com/property/details-13434550.html
Bright & Modern | Brand New Furnished Home,"110,000",Yearly,1,2,682 sqft,"Pearl House 2, JVC District 12, Jumeirah Village Circle (JVC), Dubai",https://www.bayut.com/property/details-13397231.html
Modern Layout | Delighted | 2BR With Open View,"120,000",Yearly,2,3,"1,268 sqft","SH Living 1, JVC District 14, Jumeirah Village Circle (JVC), Dubai",https://www.bayut.com/property/details-13438853.html
Fully Furnished | Great Amenities | Vacant Now,"100,000",Yearly,1,1,826 sqft,"Belgravia 3B, Belgravia 3, JVC District 15, Jumeirah Village Circle (JVC), Dubai",https://www.bayut.com/property/details-13420786.html
Modern Touch 1 Bed I Stylish & Cozy Layout I Ready To Move In,"75,000",Yearly,1,2,753 sqft,"Al Amir Residence, JVC District 11, Jumeirah Village Circle (JVC), Dubai",https://www.bayut.com/property/details-13431932.html
Fantastic Amenities | Pool and Balcony | Brand New,"120,000",Yearly,1,1,795 sqft,"Binghatti Phantom, JVC District 17, Jumeirah Village Circle (JVC), Dubai",https://www.bayut.com/property/details-13427737.html
Stylish | Studio | Chiller Free Near Circle Mall,"53,000",Yearly,,1,401 sqft,"Casa Grande, JVC District 11, Jumeirah Village Circle (JVC), Dubai",https://www.bayut.com/property/details-13413386.html
Spacious 2BR | Move In Ready | All Amenities,"95,000",Yearly,2,2,"1,133 sqft","Oxford Building, JVC District 14, Jumeirah Village Circle (JVC), Dubai",https://www.bayut.com/property/details-13426492.html
"Milano by Giovanni Boutique Suites, JVC District 17, Jumeirah Village Circle (JVC), Dubai","49,999",Yearly,,1,394 sqft,"Milano by Giovanni Boutique Suites, JVC District 17, Jumeirah Village Circle (JVC), Dubai",https://www.bayut.com/property/details-13425549.html
Huge Layout | Fully Upgraded | Ready to Move,"95,000",Yearly,1,2,736 sqft,"Bloom Heights 2, Bloom Heights, JVC District 15, Jumeirah Village Circle (JVC), Dubai",https://www.bayut.com/property/details-13423649.html
Fully Furnished | Great Amenities | Ready to Move,"72,000",Yearly,1,1,658 sqft,"Binghatti Rose, JVC District 15, Jumeirah Village Circle (JVC), Dubai",https://www.bayut.com/property/details-13420447.html
1 bhk Apartment | with best ammenities | Road view,"75,000",Yearly,1,2,747 sqft,"Al Amir Residence, JVC District 11, Jumeirah Village Circle (JVC), Dubai",https://www.bayut.com/property/details-13420027.html
FLEXIBLE PAYMENTS | VACANT | FULLY FURNISHED |,"47,000",Yearly,,1,337 sqft,"The Square Tower, JVC District 13, Jumeirah Village Circle (JVC), Dubai",https://www.bayut.com/property/details-13439242.html
Spacious 1BHK | Unfurnished| Ready to Move,"70,000",Yearly,1,2,846 sqft,"Dune Residency, JVC District 17, Jumeirah Village Circle (JVC), Dubai",https://www.bayut.com/property/details-13428873.html
Elegant Fully Furnished | Spacious | Best Layout,"330,000",Yearly,4,4,"4,624 sqft","Casa Luxo, JVC District 12, Jumeirah Village Circle (JVC), Dubai",https://www.bayut.com/property/details-13425445.html
Garden View | Prime Location | Spacious Unit,"64,000",Yearly,1,2,645 sqft,"Aurion Residence, JVC District 10, Jumeirah Village Circle (JVC), Dubai",https://www.bayut.com/property/details-13425905.html
Vacant Soon | High Floor | Marina Skyline View,"55,000",Yearly,,1,404 sqft,"Bloom Heights 1, Bloom Heights, JVC District 15, Jumeirah Village Circle (JVC), Dubai",https://www.bayut.com/property/details-13399955.html
High-End Quality | Private Pool | Brand-New,"115,000",Yearly,1,2,921 sqft,"Binghatti Royale, JVC District 18, Jumeirah Village Circle (JVC), Dubai",https://www.bayut.com/property/details-13477199.html
Modern Comfort | Great Amenities | Prime Location,"120,000",Yearly,3,3,"1,277 sqft","Al Amir Residence, JVC District 11, Jumeirah Village Circle (JVC), Dubai",https://www.bayut.com/property/details-13437123.html
Fully Furnished 2BR Large Balcony Next to Public Park,"125,000",Yearly,2,3,"1,358 sqft","Le Grand Chateau C, Le Grand Chateau, JVC District 10, Jumeirah Village Circle (JVC), Dubai",https://www.bayut.com/property/details-13437494.html
I Brand New I Modern & Stylish Apartment I Kitchen Appliances I,"90,000",Yearly,1,2,781 sqft,"Hamilton House, JVC District 14, Jumeirah Village Circle (JVC), Dubai",https://www.bayut.com/property/details-11622969.html
Modern & Chic Studio I Fully Furnished I Great Location,"65,999",Yearly,,1,416 sqft,"Beverly Residence, JVC District 13, Jumeirah Village Circle (JVC), Dubai",https://www.bayut.com/property/details-13423107.html
Fully Furnished | Chiller Free | Up to 6 Cheques,"55,000",Yearly,,1,532 sqft,"Shamal Residences 2, Shamal Residences, JVC District 14, Jumeirah Village Circle (JVC), Dubai",https://www.bayut.com/property/details-7056372.html
Modern Apartment | Vacant | Bluebell Residence,"80,000",Yearly,1,2,614 sqft,"Bluebell  Residence, JVC District 11, Jumeirah Village Circle (JVC), Dubai",https://www.bayut.com/property/details-13344552.html
Bright & Well-Designed 1BHK | Extended Balcony | Semi-Open Kitchen,"72,000",Yearly,1,2,855 sqft,"Tasmeer Residence, JVC District 10, Jumeirah Village Circle (JVC), Dubai",https://www.bayut.com/property/details-13420725.html
Vacant | Fully Furnished | High Floor,"140,000",Yearly,2,3,"1,179 sqft","Pantheon Elysee III, JVC District 15, Jumeirah Village Circle (JVC), Dubai",https://www.bayut.com/property/details-13416918.html
Largest Layout I Vacant I Fully Furnished,"55,000",Yearly,,1,405 sqft,"Bloom Heights 2, Bloom Heights, JVC District 15, Jumeirah Village Circle (JVC), Dubai",https://www.bayut.com/property/details-9888731.html
Chiller free | Furnished| Chiller Free,"95,000",Yearly,1,2,834 sqft,"Belgravia 3B, Belgravia 3, JVC District 15, Jumeirah Village Circle (JVC), Dubai",https://www.bayut.com/property/details-5884390.html
Fully Furnished Studio | 06 Cheques |Open View,"55,000",Yearly,,1,391 sqft,"Binghatti Azure, JVC District 16, Jumeirah Village Circle (JVC), Dubai",https://www.bayut.com/property/details-12001835.html
Spacious 2BHK | Fully Equipped Kitchen | Open View | Vacant,"110,000",Yearly,2,2,"1,188 sqft","Aria Residence, JVC District 14, Jumeirah Village Circle (JVC), Dubai",https://www.bayut.com/property/details-13632714.html
Spacious 1BR with Balcony I Ready to Move In,"104,000",Yearly,1,1,797 sqft,"Binghatti Phantom, JVC District 17, Jumeirah Village Circle (JVC), Dubai",https://www.bayut.com/property/details-13608666.html
Lowest Price | Spacious | Fitted Kitchen,"65,000",Yearly,1,2,836 sqft,"Imperial Tower, JVC District 17, Jumeirah Village Circle (JVC), Dubai",https://www.bayut.com/property/details-13606783.html
1 bhk Apartment | with best ammenities | Road view,"65,000",Yearly,1,2,805 sqft,"Imperial Tower, JVC District 17, Jumeirah Village Circle (JVC), Dubai",https://www.bayut.com/property/details-13606734.html
2 Bedroom | 2 Balcony | Open Kitchen,"97,000",Yearly,2,3,"1,334 sqft","Imperial Tower, JVC District 17, Jumeirah Village Circle (JVC), Dubai",https://www.bayut.com/property/details-13598526.html
Community View | Spacious Layout | Call Now,"67,999",Yearly,1,2,698 sqft,"Binghatti Jasmine, JVC District 15, Jumeirah Village Circle (JVC), Dubai",https://www.bayut.com/property/details-13587761.html
Brand New Building l 2 Bedroom Hall l Slightly Negotiable,"75,000",Yearly,2,2,783 sqft,"S. S. Lootah Residence, JVC District 11, Jumeirah Village Circle (JVC), Dubai",https://www.bayut.com/property/details-13583604.html
Brand New 2 Bedroom Apartment l Slightly Negotiable l Multi Cheques,"75,000",Yearly,2,2,783 sqft,"S. S. Lootah Residence, JVC District 11, Jumeirah Village Circle (JVC), Dubai",https://www.bayut.com/property/details-13583486.html
Prime Location | Modern Layout | Well-Maintained,"68,000",Yearly,1,2,653 sqft,"Binghatti Rose, JVC District 15, Jumeirah Village Circle (JVC), Dubai",https://www.bayut.com/property/details-13581751.html
Laya Residences Jumeirah Village Circle (JVC) | Luxurious 1-Bedroom Apartment,"87,000",Yearly,1,2,995 sqft,"Laya Residences, JVC District 10, Jumeirah Village Circle (JVC), Dubai",https://www.bayut.com/property/details-13617966.html
4BHK townhouse | Spacious Layout | Community View,"185,000",Yearly,4,4,"3,165 sqft","Fortunato, JVC District 11, Jumeirah Village Circle (JVC), Dubai",https://www.bayut.com/property/details-13608232.html
Ellington |Vacant |Open Kitchen |Fully Furnished,"85,000",Yearly,1,2,537 sqft,"Harrington House, JVC District 14, Jumeirah Village Circle (JVC), Dubai",https://www.bayut.com/property/details-13600854.html
Luxury Finish |Well Maintained |Prime Location,"199,999",Yearly,3,5,"2,022 sqft","Al Amir Villas, JVC District 11, Jumeirah Village Circle (JVC), Dubai",https://www.bayut.com/property/details-13597237.html
High Class Apartment I Premium Layout I With Great Amenities,"70,000",Yearly,1,2,700 sqft,"Al Amir Residence, JVC District 11, Jumeirah Village Circle (JVC), Dubai",https://www.bayut.com/property/details-13595567.html
FULLY FURNISHED | WITH SMART SYSTEM | BRAND NEW,"93,000",Yearly,1,1,595 sqft,"Binghatti Galaxy Tower A, Binghatti Galaxy, JVC District 11, Jumeirah Village Circle (JVC), Dubai",https://www.bayut.com/property/details-11761284.html
Cozy Furnished | Brand New | Spacious | Park View,"160,000",Yearly,2,3,"1,425 sqft","Hadley Heights, JVC District 11, Jumeirah Village Circle (JVC), Dubai",https://www.bayut.com/property/details-13583076.html
Fully Furnished | Premium Quality | Prime Location,"80,000",Yearly,1,2,820 sqft,"Tower 108, JVC District 18, Jumeirah Village Circle (JVC), Dubai",https://www.bayut.com/property/details-13615804.html
Modern living |Furnished Studio | 12 Cheques,"55,000",Yearly,,1,443 sqft,"DAMAC Ghalia, JVC District 18, Jumeirah Village Circle (JVC), Dubai",https://www.bayut.com/property/details-13607118.html
Furnished 5800 Monthly Included All Bills,"55,000",Yearly,,1,395 sqft,"Bloom Tower B, Bloom Towers, JVC District 10, Jumeirah Village Circle (JVC), Dubai",https://www.bayut.com/property/details-13599987.html
2BR with Balcony | Spacious Layout | Vibrant Community Living,"110,000",Yearly,2,2,"1,185 sqft","Binghatti Crest, JVC District 13, Jumeirah Village Circle (JVC), Dubai",https://www.bayut.com/property/details-13585567.html
Stunning 2-Bed Apartment | Modern Aesthetics I Ready To Move In,"120,000",Yearly,2,3,"1,192 sqft","AAA Residence, JVC District 13, Jumeirah Village Circle (JVC), Dubai",https://www.bayut.com/property/details-13618024.html
Newly Furnished | Huge Layout | 2 Balconies,"80,000",Yearly,1,2,"1,053 sqft","Lavender 1, Emirates Gardens, JVC District 12, Jumeirah Village Circle (JVC), Dubai",https://www.bayut.com/property/details-13390569.html
Brand New | Premium Quality | Fully Furnished,"110,000",Yearly,1,2,872 sqft,"Pearl House 2, JVC District 12, Jumeirah Village Circle (JVC), Dubai",https://www.bayut.com/property/details-13323027.html
2BR+Private Pool | Prime Location | Call Now,"174,999",Yearly,2,2,"2,455 sqft","The Autograph, JVC District 10, Jumeirah Village Circle (JVC), Dubai",https://www.bayut.com/property/details-13393752.html
Modern Living | Fully Furnished | Vacant,"89,999",Yearly,1,2,868 sqft,"Al Serh Residences 11, JVC District 10, Jumeirah Village Circle (JVC), Dubai",https://www.bayut.com/property/details-13371627.html
1 Bed + Maid | Separate Laundry | Ready to move,"100,000",Yearly,1,2,855 sqft,"Oxford Terraces, JVC District 11, Jumeirah Village Circle (JVC), Dubai",https://www.bayut.com/property/details-13353800.html
Pool View | Modern Furnish | Available Dec,"90,000",Yearly,1,1,669 sqft,"Binghatti Emerald, JVC District 15, Jumeirah Village Circle (JVC), Dubai",https://www.bayut.com/property/details-13374893.html
Brand New | 2BHK Spacious | Open view,"140,000",Yearly,2,3,"1,364 sqft","Binghatti Aurora, JVC District 12, Jumeirah Village Circle (JVC), Dubai",https://www.bayut.com/property/details-13365122.html
Modern Design I Luxury I Stylish | Vacant,"95,000",Yearly,1,2,790 sqft,"Binghatti Aurora, JVC District 12, Jumeirah Village Circle (JVC), Dubai",https://www.bayut.com/property/details-13313524.html
Marina View | Fitted Kitchen | Call Now,"80,000",Yearly,1,2,711 sqft,"Binghatti Onyx, JVC District 15, Jumeirah Village Circle (JVC), Dubai",https://www.bayut.com/property/details-13426562.html
Modern Unit w/ Study Room | Brand New | Ready to Move In,"110,000",Yearly,1,2,840 sqft,"Al Serh Residences 11, JVC District 10, Jumeirah Village Circle (JVC), Dubai",https://www.bayut.com/property/details-13350515.html
"Modern, Low-Rise Living in the Heart of JVC","100,000",Yearly,1,2,787 sqft,"Binghatti Aurora, JVC District 12, Jumeirah Village Circle (JVC), Dubai",https://www.bayut.com/property/details-13313302.html
Spacious 1BHK | Unfurnished | Vacant,"85,000",Yearly,1,2,950 sqft,"Al Manal Elite, JVC District 13, Jumeirah Village Circle (JVC), Dubai",https://www.bayut.com/property/details-13370749.html
Large Balcony | Spacious Open Plan Layout | Equipped Kitchen,"85,000",Yearly,1,2,841 sqft,"Al Manal Elite, JVC District 13, Jumeirah Village Circle (JVC), Dubai",https://www.bayut.com/property/details-13370365.html
Huge Layout | Large Balcony | Kitchen Appliances,"95,000",Yearly,1,2,"1,155 sqft","Al Manal Elite, JVC District 13, Jumeirah Village Circle (JVC), Dubai",https://www.bayut.com/property/details-13370104.html
Pool View | Fully Furnished | Lavish Studio,"49,000",Yearly,,1,411 sqft,"Orchidea Residence, JVC District 13, Jumeirah Village Circle (JVC), Dubai",https://www.bayut.com/property/details-13337435.html
Unfurnished | Two Bedrooms | Vacant Now,"120,000",Yearly,2,2,960 sqft,"Binghatti Crest, JVC District 13, Jumeirah Village Circle (JVC), Dubai",https://www.bayut.com/property/details-13429587.html
Luxury 1BR | Brand new | Ready to Move In,"105,000",Yearly,1,2,807 sqft,"JVC District 18, Jumeirah Village Circle (JVC), Dubai",https://www.bayut.com/property/details-13360206.html
Elegant Apartment l Prime Location l Ready To Move,"85,000",Yearly,1,1,797 sqft,"Binghatti Phoenix, JVC District 13, Jumeirah Village Circle (JVC), Dubai",https://www.bayut.com/property/details-13365552.html
Spacious | Community View | Hot Location,"105,000",Yearly,2,2,"1,169 sqft","Binghatti Heights, JVC District 10, Jumeirah Village Circle (JVC), Dubai",https://www.bayut.com/property/details-13366465.html
best priced 1 bedroom JVC | spacious,"60,000",Yearly,1,2,865 sqft,"Alcove, JVC District 11, Jumeirah Village Circle (JVC), Dubai",https://www.bayut.com/property/details-13431514.html
Community View | High Floor | Private Pool,"105,000",Yearly,1,2,808 sqft,"Binghatti Royale, JVC District 18, Jumeirah Village Circle (JVC), Dubai",https://www.bayut.com/property/details-13303813.html
Brand New Apartment | Vacant | Unfurnished,"83,000",Yearly,1,1,800 sqft,"Binghatti Phoenix, JVC District 13, Jumeirah Village Circle (JVC), Dubai",https://www.bayut.com/property/details-13369618.html
Contemporary 1BR in JVC I Elegant Living I Premium Amenities,"64,000",Yearly,1,1,656 sqft,"Binghatti Mirage, JVC District 10, Jumeirah Village Circle (JVC), Dubai",https://www.bayut.com/property/details-13397027.html
Modern 1BR | Ready to Move | H Three by Aurora,"100,000",Yearly,1,2,876 sqft,"H Three By Aurora, JVC District 11, Jumeirah Village Circle (JVC), Dubai",https://www.bayut.com/property/details-13421646.html
Vacant | Fully Furnished | High Floor,"90,000",Yearly,1,2,928 sqft,"Hameni Residence, JVC District 15, Jumeirah Village Circle (JVC), Dubai",https://www.bayut.com/property/details-13630876.html
Brand New | Spacious Layout | Pool View,"88,000",Yearly,1,2,760 sqft,"Binghatti Phoenix, JVC District 13, Jumeirah Village Circle (JVC), Dubai",https://www.bayut.com/property/details-13630665.html
Brand New|Unfurnished| Top Spec Amenities,"160,000",Yearly,2,2,996 sqft,"Binghatti Aurora, JVC District 12, Jumeirah Village Circle (JVC), Dubai",https://www.bayut.com/property/details-13597087.html
Brand New| Unfurnished| Top Spec Amenities,"160,000",Yearly,2,2,996 sqft,"Binghatti Aurora, JVC District 12, Jumeirah Village Circle (JVC), Dubai",https://www.bayut.com/property/details-13597086.html
"Chiller Free | Near Circle Mall | Community viewChiller Free | Near Circle Mall | Community view Apartment for rent in Casa Grande, District 11 Roya","55,000",Yearly,,1,383 sqft,"Casa Grande, JVC District 11, Jumeirah Village Circle (JVC), Dubai",https://www.bayut.com/property/details-13596392.html
Brand New | | Ready to Move In | Huge,"150,000",Yearly,2,2,"1,224 sqft","Binghatti Tulip, JVC District 11, Jumeirah Village Circle (JVC), Dubai",https://www.bayut.com/property/details-13594635.html
Spacious Living | Fully Furnished | High Floor,"80,000",Yearly,1,2,783 sqft,"Dune Residency, JVC District 17, Jumeirah Village Circle (JVC), Dubai",https://www.bayut.com/property/details-13583178.html
Upgraded 1 Bedroom |Large Layout| Ready to Move In,"75,000",Yearly,1,2,754 sqft,"Al Amir Residence, JVC District 11, Jumeirah Village Circle (JVC), Dubai",https://www.bayut.com/property/details-13578832.html
Pool View | Prime Location | Spacious Unit,"69,999",Yearly,1,2,871 sqft,"Laya Residences, JVC District 10, Jumeirah Village Circle (JVC), Dubai",https://www.bayut.com/property/details-13617569.html
MODERN 1 BHK - SEMI FURNISHED - PERFECT FOR FAMILY LIVING,"85,000",Yearly,1,2,"1,041 sqft","Saleh Bin Lahej JVC Block A, Saleh Bin Lahej JVC, JVC District 10, Jumeirah Village Circle (JVC), Dubai",https://www.bayut.com/property/details-13612371.html
"55,000 - 4 cheques | Brand New | JVC","52,000",Yearly,,1,380 sqft,"Binghatti Aurora, JVC District 12, Jumeirah Village Circle (JVC), Dubai",https://www.bayut.com/property/details-13604733.html
Fully Furnished | prime Location | Road view,"75,000",Yearly,1,2,931 sqft,"Plaza Residences Block A, Plaza Residences, JVC District 13, Jumeirah Village Circle (JVC), Dubai",https://www.bayut.com/property/details-13582566.html
1 bhk Apartment | with best ammenities | Road view,"64,995",Yearly,1,2,624 sqft,"Living Garden II, JVC District 14, Jumeirah Village Circle (JVC), Dubai",https://www.bayut.com/property/details-13550404.html
Higher Floor | Elegant 2BR + Pool | Community view,"133,000",Yearly,2,2,"1,173 sqft","Binghatti Orchid, JVC District 10, Jumeirah Village Circle (JVC), Dubai",https://www.bayut.com/property/details-11795107.html
Mid Floor | Prime Location | Private Pool,"105,000",Yearly,1,2,797 sqft,"Binghatti Phantom, JVC District 17, Jumeirah Village Circle (JVC), Dubai",https://www.bayut.com/property/details-13628277.html
Fully Upgraded | Nice Garden | Prime Location,"269,999",Yearly,3,4,"8,357 sqft","JVC District 16, Jumeirah Village Circle (JVC), Dubai",https://www.bayut.com/property/details-13592774.html
Luxury 2 Bed with Private Pool I Quality Finishing I Equipped Kitchen,"190,000",Yearly,2,2,"2,145 sqft","SH Living 1, JVC District 14, Jumeirah Village Circle (JVC), Dubai",https://www.bayut.com/property/details-13589421.html
Bright & Cozy 1-Bedroom/ Premium location,"70,000",Yearly,1,2,739 sqft,"Al Amir Residence, JVC District 11, Jumeirah Village Circle (JVC), Dubai",https://www.bayut.com/property/details-13578831.html
Brand New | Alexa Smart Home | Ready to Move In,"80,000",Yearly,1,1,524 sqft,"Binghatti Gardenia, JVC District 11, Jumeirah Village Circle (JVC), Dubai",https://www.bayut.com/property/details-11795473.html
3bhk+maids| Newly renovated | Extended | Unfurnished,"200,000",Yearly,3,4,"2,583 sqft","Nakheel Townhouse, JVC District 12, Jumeirah Village Circle (JVC), Dubai",https://www.bayut.com/property/details-11694749.html
Community View | Vacant | High-End Tower,"89,000",Yearly,1,2,929 sqft,"Hameni Residence, JVC District 15, Jumeirah Village Circle (JVC), Dubai",https://www.bayut.com/property/details-13620177.html
Duplex | 2BR with Maids | Danube Eleganz 2,"165,000",Yearly,2,3,"1,784 sqft","Eleganz by Danube, JVC District 14, Jumeirah Village Circle (JVC), Dubai",https://www.bayut.com/property/details-13608624.html
Spacious Studio | Prime Location | Call To Inquire,"49,999",Yearly,,1,392 sqft,"Bloom Heights 2, Bloom Heights, JVC District 15, Jumeirah Village Circle (JVC), Dubai",https://www.bayut.com/property/details-13601255.html
Furnished | 1BR Converted to 2BR | Modern Interior,"115,000",Yearly,1,2,"1,056 sqft","Gardenia 1, Emirates Gardens, JVC District 12, Jumeirah Village Circle (JVC), Dubai",https://www.bayut.com/property/details-13594000.html
SPACIOUS 3 BHK WITH STORE | FAMILY BUILDING | PRIME LOCATION,"120,000",Yearly,3,3,"1,277 sqft","Al Amir Residence, JVC District 11, Jumeirah Village Circle (JVC), Dubai",https://www.bayut.com/property/details-13569361.html
Fully Furnished | Dishwasher | Ready to move,"69,999",Yearly,1,2,820 sqft,"Tower 108, JVC District 18, Jumeirah Village Circle (JVC), Dubai",https://www.bayut.com/property/details-13542872.html
Bright & Modern 2BR | Luxury Community | Ready to Move-in,"125,000",Yearly,2,2,"1,126 sqft","Belgravia Heights 1, JVC District 12, Jumeirah Village Circle (JVC), Dubai",https://www.bayut.com/property/details-13536801.html
Brand New | Spacious Layout | Park View,"95,000",Yearly,1,2,970 sqft,"Hadley Heights, JVC District 11, Jumeirah Village Circle (JVC), Dubai",https://www.bayut.com/property/details-13593116.html
Ready to move | Great Location | Community View,"60,000",Yearly,1,2,605 sqft,"Summer 1 Block A, Summer, Seasons Community, JVC District 15, Jumeirah Village Circle (JVC), Dubai",https://www.bayut.com/property/details-13561139.html
BRAND NEW | POOL FACING | HIGH END FINISHING,"140,000",Yearly,2,3,"1,066 sqft","Hamilton House, JVC District 14, Jumeirah Village Circle (JVC), Dubai",https://www.bayut.com/property/details-13585555.html
2BR Duplex | Private Garden | Multiple Cheques,"185,000",Yearly,2,3,"2,758 sqft","Hameni Residence, JVC District 15, Jumeirah Village Circle (JVC), Dubai",https://www.bayut.com/property/details-13569428.html
BRIGHT UNIT | HIGH FLOOR | UNIQUE STYLE,"74,999",Yearly,1,2,798 sqft,"Reef Residence, JVC District 13, Jumeirah Village Circle (JVC), Dubai",https://www.bayut.com/property/details-13551659.html
Brand New 1-Bedroom Apartment for Rent Binghatti,"110,000",Yearly,1,2,795 sqft,"Binghatti Phantom, JVC District 17, Jumeirah Village Circle (JVC), Dubai",https://www.bayut.com/property/details-13602092.html
Stylish Studio for Rent in Binghatti Aurora,"53,000",Yearly,,1,380 sqft,"Binghatti Aurora, JVC District 12, Jumeirah Village Circle (JVC), Dubai",https://www.bayut.com/property/details-13573342.html
Unfurnished | Vacant | Low Floor,"68,000",Yearly,,1,505 sqft,"Oakley Square Residence, JVC District 11, Jumeirah Village Circle (JVC), Dubai",https://www.bayut.com/property/details-13572017.html
Unfurnished Studio | Vacant Now | Brand New |,"60,000",Yearly,,1,343 sqft,"Binghatti Azure, JVC District 16, Jumeirah Village Circle (JVC), Dubai",https://www.bayut.com/property/details-13570526.html
STUDIO | SPECIOUS | READY TO MOVE | WELL MAINTAINED BUILDING,"50,000",Yearly,,1,587 sqft,"Cappadocia, JVC District 13, Jumeirah Village Circle (JVC), Dubai",https://www.bayut.com/property/details-13549869.html
Top-Notch 2 Bed I Fully Furnished I With Best Amenities,"140,000",Yearly,2,3,"1,236 sqft","SH Living 1, JVC District 14, Jumeirah Village Circle (JVC), Dubai",https://www.bayut.com/property/details-13545528.html
Open View | Big Layout | Multiple Cheques,"80,000",Yearly,1,2,744 sqft,"Binghatti Crest, JVC District 13, Jumeirah Village Circle (JVC), Dubai",https://www.bayut.com/property/details-13604590.html
Private pool// spacious Modern 3-Bedroom with big terrace apartment// ready to move// all amenities,"200,000",Yearly,3,5,"2,664 sqft","SH Living 1, JVC District 14, Jumeirah Village Circle (JVC), Dubai",https://www.bayut.com/property/details-13554786.html
Community View | Prime Location | Spacious Unit,"80,000",Yearly,1,1,822 sqft,"Binghatti Galaxy Tower B, Binghatti Galaxy, JVC District 11, Jumeirah Village Circle (JVC), Dubai",https://www.bayut.com/property/details-11802782.html
Vacant | Prime Location | New | Multiple Cheques,"76,000",Yearly,1,2,694 sqft,"Binghatti Amber, JVC District 11, Jumeirah Village Circle (JVC), Dubai",https://www.bayut.com/property/details-10759481.html
Premium Finishing | With Private Pool | Vacant,"109,999",Yearly,1,2,807 sqft,"Binghatti Royale, JVC District 18, Jumeirah Village Circle (JVC), Dubai",https://www.bayut.com/property/details-13608312.html
SEMI OPEN KITCHEN I SPACIOUS I WITH BALCONY,"119,999",Yearly,2,2,"1,059 sqft","Bloom Heights 1, Bloom Heights, JVC District 15, Jumeirah Village Circle (JVC), Dubai",https://www.bayut.com/property/details-13565319.html
Prime Location | Vacant | Smart Home | Brand New,"120,000",Yearly,2,2,"1,611 sqft","Binghatti Nova, JVC District 12, Jumeirah Village Circle (JVC), Dubai",https://www.bayut.com/property/details-13550858.html
Fully furnished | Well Maintained | Ready to Move,"84,999",Yearly,1,2,673 sqft,"Beverly Residence, JVC District 13, Jumeirah Village Circle (JVC), Dubai",https://www.bayut.com/property/details-13545032.html
1 BHK Apartment | Prime Location | Call Now,"70,000",Yearly,1,2,739 sqft,"Al Amir Residence, JVC District 11, Jumeirah Village Circle (JVC), Dubai",https://www.bayut.com/property/details-13551073.html
Fully Furnished | prime Location | Call Now,"89,999",Yearly,1,2,674 sqft,"Beverly Residence, JVC District 13, Jumeirah Village Circle (JVC), Dubai",https://www.bayut.com/property/details-13548749.html
Studio Apartment | with best ammenities | Road view,"48,999",Yearly,,1,348 sqft,"O2 Tower, JVC District 14, Jumeirah Village Circle (JVC), Dubai",https://www.bayut.com/property/details-13147273.html
Park View | Brand New | Must View,"60,000",Yearly,,1,409 sqft,"Binghatti Phoenix, JVC District 13, Jumeirah Village Circle (JVC), Dubai",https://www.bayut.com/property/details-13226203.html
Brand New | Spacious | Vacant With Appliance,"60,000",Yearly,,1,409 sqft,"Binghatti Phoenix, JVC District 13, Jumeirah Village Circle (JVC), Dubai",https://www.bayut.com/property/details-13229968.html
"2BR + Maid | Summer 1, Seasons Community, JVC","90,000",Yearly,2,3,"1,270 sqft","Summer 1 Block A, Summer, Seasons Community, JVC District 15, Jumeirah Village Circle (JVC), Dubai",https://www.bayut.com/property/details-13453535.html
"FOR RENT – 1 Bedroom Apartment in Tower 108, Al Barsha South Fourth, Dubai","85,000",Yearly,1,2,"1,012 sqft","Tower 108, JVC District 18, Jumeirah Village Circle (JVC), Dubai",https://www.bayut.com/property/details-13172593.html
Cozy 1 BR Pearl House Apartment for Rent,"120,000",Yearly,1,2,761 sqft,"Pearl House 2, JVC District 12, Jumeirah Village Circle (JVC), Dubai",https://www.bayut.com/property/details-13227884.html
Brand New | Premium Quality | Prime Location,"85,000",Yearly,1,2,793 sqft,"Binghatti Phoenix, JVC District 13, Jumeirah Village Circle (JVC), Dubai",https://www.bayut.com/property/details-13268506.html
Stylish 1BR Apartment | High Quality | Vacant & Ready,"85,000",Yearly,1,2,"1,272 sqft","LOCI Residences, JVC District 14, Jumeirah Village Circle (JVC), Dubai",https://www.bayut.com/property/details-13491069.html
Pool View | Premium Studio | Fully Furnished | Stunning Interior | Book now!,"55,000",Yearly,,1,356 sqft,"Bloom Tower B, Bloom Towers, JVC District 10, Jumeirah Village Circle (JVC), Dubai",https://www.bayut.com/property/details-13196328.html
Brand New | 1Br+Pool | Prime Location,"115,000",Yearly,1,2,912 sqft,"Binghatti Phantom, JVC District 17, Jumeirah Village Circle (JVC), Dubai",https://www.bayut.com/property/details-13164220.html
Brand New | Smart Home System | Kitchen Appliances,"55,000",Yearly,,1,345 sqft,"Binghatti Azure, JVC District 16, Jumeirah Village Circle (JVC), Dubai",https://www.bayut.com/property/details-13215412.html
Lavish 2 Bedroom | Spacious layout,"150,000",Yearly,2,2,"1,656 sqft","Mass Residence, JVC District 11, Jumeirah Village Circle (JVC), Dubai",https://www.bayut.com/property/details-13169561.html
Lavish 2 Bedroom | Prime Location | DEWA,"170,000",Yearly,2,3,"1,736 sqft","Mass Residence, JVC District 11, Jumeirah Village Circle (JVC), Dubai",https://www.bayut.com/property/details-13174289.html
Lavish 2 Bedroom | Prime Location | DEWA,"150,000",Yearly,2,2,"1,721 sqft","Mass Residence, JVC District 11, Jumeirah Village Circle (JVC), Dubai",https://www.bayut.com/property/details-13169565.html
Spacious | Next To Circle Mall | DEWA,"85,000",Yearly,1,1,854 sqft,"Mass Residence, JVC District 11, Jumeirah Village Circle (JVC), Dubai",https://www.bayut.com/property/details-13169567.html
Road View | Prime Location | Spacious Unit,"58,000",Yearly,,1,338 sqft,"Binghatti Azure, JVC District 16, Jumeirah Village Circle (JVC), Dubai",https://www.bayut.com/property/details-13161150.html
Scenic View | Chic Studio | 4 Cheques | High Quality | Stunning Interior | Call Now!,"50,000",Yearly,,1,312 sqft,"Binghatti House, JVC District 10, Jumeirah Village Circle (JVC), Dubai",https://www.bayut.com/property/details-13197675.html
Brand New / High Floor / Vacant,"130,000",Yearly,2,2,"1,028 sqft","Belgravia Heights 1, JVC District 12, Jumeirah Village Circle (JVC), Dubai",https://www.bayut.com/property/details-13101797.html
Fully Furnished 1BHK | Brand New | High ROI,"96,000",Yearly,1,2,732 sqft,"Pearl House by Imtiaz, JVC District 13, Jumeirah Village Circle (JVC), Dubai",https://www.bayut.com/property/details-13166035.html
Big Layout | Ready to Move In | Furnished | Vacant,"239,999",Yearly,2,3,"2,546 sqft","Hyati Residence, JVC District 14, Jumeirah Village Circle (JVC), Dubai",https://www.bayut.com/property/details-13053371.html
Fully Furnished| 2+maid | Spacious Layout,"129,999",Yearly,2,3,"1,234 sqft","Lucky 1 Residences, JVC District 13, Jumeirah Village Circle (JVC), Dubai",https://www.bayut.com/property/details-13144405.html
Brand New | Luxury | Quality Living | Bright,"85,000",Yearly,1,2,797 sqft,"Binghatti Phoenix, JVC District 13, Jumeirah Village Circle (JVC), Dubai",https://www.bayut.com/property/details-13111390.html
Spacious Layouts - Multiple Options - Brand New,"135,000",Yearly,2,3,"1,481 sqft","Westview Garden, JVC District 15, Jumeirah Village Circle (JVC), Dubai",https://www.bayut.com/property/details-13161505.html
Brand New / Premium Quality / Fully Furnished,"95,000",Yearly,1,2,805 sqft,"The Sloane by Belgravia Heights, JVC District 12, Jumeirah Village Circle (JVC), Dubai",https://www.bayut.com/property/details-13082359.html
Spacious 1 Bedroom I With Built In Kitchen Appliances I Community View,"78,000",Yearly,1,2,803 sqft,"Xanadu Residence 2, JVC District 13, Jumeirah Village Circle (JVC), Dubai",https://www.bayut.com/property/details-13120421.html
Spacious 2Bed with Pool View I Fitted Appliances I 4 Cheques,"100,000",Yearly,2,2,"1,090 sqft","Xanadu Residence 2, JVC District 13, Jumeirah Village Circle (JVC), Dubai",https://www.bayut.com/property/details-13120802.html
1 bhk Apartment | with best ammenities | Road view,"65,000",Yearly,1,1,660 sqft,"Diamond Views III, JVC District 11, Jumeirah Village Circle (JVC), Dubai",https://www.bayut.com/property/details-13087280.html
High floor | 1 bedroom | Fully furnished,"86,000",Yearly,1,1,631 sqft,"Binghatti Crest, JVC District 13, Jumeirah Village Circle (JVC), Dubai",https://www.bayut.com/property/details-13155572.html
Fully Furnished | Park View | Vacant Now,"66,000",Yearly,,1,516 sqft,"LOCI Residences, JVC District 14, Jumeirah Village Circle (JVC), Dubai",https://www.bayut.com/property/details-13076526.html
Unfurnished 1 Bed | Vacant | Prime Location,"75,000",Yearly,1,1,714 sqft,"SH Living 1, JVC District 14, Jumeirah Village Circle (JVC), Dubai",https://www.bayut.com/property/details-13145812.html
Fully Furnished | Great Location | Call Now,"65,000",Yearly,1,1,660 sqft,"Diamond Views III, JVC District 11, Jumeirah Village Circle (JVC), Dubai",https://www.bayut.com/property/details-13087081.html
Brand New | Smart Home | High Floor,"75,000",Yearly,1,2,679 sqft,"Aura, JVC District 14, Jumeirah Village Circle (JVC), Dubai",https://www.bayut.com/property/details-13076191.html
Fully Furnished | Prime Location | Book Now,"80,000",Yearly,1,2,783 sqft,"Empire Residence, JVC District 17, Jumeirah Village Circle (JVC), Dubai",https://www.bayut.com/property/details-13063562.html
Modern Living in JVC | Pool View Studio in Mass Residence,"60,000",Yearly,,1,507 sqft,"Mass Residence, JVC District 11, Jumeirah Village Circle (JVC), Dubai",https://www.bayut.com/property/details-13076182.html
Best offers | Prime location | Spacious Villa,"200,000",Yearly,4,5,"1,733 sqft","Sandoval Lane, JVC District 14, Jumeirah Village Circle (JVC), Dubai",https://www.bayut.com/property/details-13113377.html
Ready To Move-In | 1 Bed + Study | Top Quality | Huge Layout | Best Amenities,"104,000",Yearly,1,2,855 sqft,"Oxford Terraces, JVC District 11, Jumeirah Village Circle (JVC), Dubai",https://www.bayut.com/property/details-13094173.html
Stylish 2 BHK I Luxury Living in JVC I Modern Interiors & Community- Pool Access,"90,000",Yearly,2,3,"1,129 sqft","Binghatti Mirage, JVC District 10, Jumeirah Village Circle (JVC), Dubai",https://www.bayut.com/property/details-13050284.html
Fully Furnished | High Floor |Brand New,"65,000",Yearly,,1,438 sqft,"Westwood Grande 2 by Imtiaz, JVC District 18, Jumeirah Village Circle (JVC), Dubai",https://www.bayut.com/property/details-13102305.html
Fully Furnished | Community View | Prime Location,"90,000",Yearly,1,2,"1,299 sqft","Marwa Heights, JVC District 15, Jumeirah Village Circle (JVC), Dubai",https://www.bayut.com/property/details-13009759.html
Vacant | Open View | High Floor,"70,000",Yearly,1,2,797 sqft,"Reef Residence, JVC District 13, Jumeirah Village Circle (JVC), Dubai",https://www.bayut.com/property/details-13028894.html
Pool View | Modern Layout | High End Quality,"135,000",Yearly,2,4,"1,916 sqft","Plaza Residences Block B, Plaza Residences, JVC District 13, Jumeirah Village Circle (JVC), Dubai",https://www.bayut.com/property/details-13056680.html
Stylishly Furnished | 2 BHK + Maid | Vacant,"200,000",Yearly,2,3,"1,268 sqft","Hyati Avenue, JVC District 14, Jumeirah Village Circle (JVC), Dubai",https://www.bayut.com/property/details-13065530.html
Elegant Studio | Newly Furnished | High-End Finishing | Top Quality | Ready To Move-In | Book Now!,"58,000",Yearly,,1,472 sqft,"National Bonds Residence, JVC District 15, Jumeirah Village Circle (JVC), Dubai",https://www.bayut.com/property/details-11356107.html
Monthly Payments | High Floor | Newly Furnished,"85,000",Yearly,1,1,631 sqft,"Binghatti Crest, JVC District 13, Jumeirah Village Circle (JVC), Dubai",https://www.bayut.com/property/details-11262293.html
Ready to Move In | Fitted Kitchen | 4 Cheques,"130,000",Yearly,2,2,"1,066 sqft","Belgravia 3, JVC District 15, Jumeirah Village Circle (JVC), Dubai",https://www.bayut.com/property/details-13065349.html
Fully Furnished | Premium Quality | Prime Location,"100,000",Yearly,1,2,779 sqft,"Pearl House by Imtiaz, JVC District 13, Jumeirah Village Circle (JVC), Dubai",https://www.bayut.com/property/details-13031769.html
Luxury 2BR | Ready to move | High floor,"150,000",Yearly,2,3,"1,355 sqft","Park View Tower, JVC District 14, Jumeirah Village Circle (JVC), Dubai",https://www.bayut.com/property/details-13005515.html
Spacious 2 BR Apartment in Eleganz by Danube,"135,000",Yearly,2,4,"1,375 sqft","Eleganz by Danube, JVC District 14, Jumeirah Village Circle (JVC), Dubai",https://www.bayut.com/property/details-13065198.html
Spacious 1BR | Fully Furnished | Modern Living | Good Amenities,"74,999",Yearly,1,2,749 sqft,"GMM Tower 1, JVC District 12, Jumeirah Village Circle (JVC), Dubai",https://www.bayut.com/property/details-13620648.html
Affordable | Unique Layout | Community View,"65,000",Yearly,,1,409 sqft,"Binghatti Phoenix, JVC District 13, Jumeirah Village Circle (JVC), Dubai",https://www.bayut.com/property/details-13601871.html
Spacious layout I Dream nest I Prime location,"90,000",Yearly,1,2,814 sqft,"Belgravia 3A, Belgravia 3, JVC District 15, Jumeirah Village Circle (JVC), Dubai",https://www.bayut.com/property/details-13587845.html
Luxury Living at Hameni Tower – Premium JVC Residence | Vacant | Furnished,"95,000",Yearly,1,2,"1,124 sqft","JVC District 15, Jumeirah Village Circle (JVC), Dubai",https://www.bayut.com/property/details-13581039.html
Fully Furnished | Premium Quality | Prime Location,"80,000",Yearly,1,2,821 sqft,"Tower 108, JVC District 18, Jumeirah Village Circle (JVC), Dubai",https://www.bayut.com/property/details-13615366.html
ELEGANT 1 BHK - KITCHEN APPLIANCES - PERFECT FOR FAMILY LIVING,"80,000",Yearly,1,2,"1,152 sqft","Saleh Bin Lahej JVC Block A, Saleh Bin Lahej JVC, JVC District 10, Jumeirah Village Circle (JVC), Dubai",https://www.bayut.com/property/details-13612384.html
Un-Furnished | Ground Floor | Large layout,"155,000",Yearly,2,3,"1,101 sqft","Belgravia Square, JVC District 14, Jumeirah Village Circle (JVC), Dubai",https://www.bayut.com/property/details-13608507.html
Luxury 2 Bedroom For Rent I Best Quality I Prime Location,"120,000",Yearly,2,3,"1,333 sqft","AAA Residence, JVC District 13, Jumeirah Village Circle (JVC), Dubai",https://www.bayut.com/property/details-13607037.html
Huge Layout | Amazing Location | Inquire Now,"105,000",Yearly,2,2,"1,742 sqft","AG Residence, JVC District 11, Jumeirah Village Circle (JVC), Dubai",https://www.bayut.com/property/details-13588306.html
Cozy 1Bed For Rent I Modern High-Rise Living I Great Amenities,"70,000",Yearly,1,2,837 sqft,"Imperial Tower, JVC District 17, Jumeirah Village Circle (JVC), Dubai",https://www.bayut.com/property/details-13586237.html
Brand New | Fully Furnished | Pool View,"65,000",Yearly,,1,400 sqft,"Binghatti Aurora, JVC District 12, Jumeirah Village Circle (JVC), Dubai",https://www.bayut.com/property/details-13584043.html
Brand New | Premium Quality | Call To Inquire,"82,000",Yearly,1,2,785 sqft,"Binghatti Aurora, JVC District 12, Jumeirah Village Circle (JVC), Dubai",https://www.bayut.com/property/details-13602550.html
3Br+maid | Pay In 12 Cheques | Community View,"210,000",Yearly,3,5,"1,455 sqft","Mirabella 8, JVC District 11, Jumeirah Village Circle (JVC), Dubai",https://www.bayut.com/property/details-13601861.html
3BR+Maid | Community View | Prime Location,"210,000",Yearly,3,5,"1,455 sqft","Mirabella 8, JVC District 11, Jumeirah Village Circle (JVC), Dubai",https://www.bayut.com/property/details-13601702.html
Brand New | Large Layout | Ready Move In,"84,999",Yearly,1,2,797 sqft,"Binghatti Phoenix, JVC District 13, Jumeirah Village Circle (JVC), Dubai",https://www.bayut.com/property/details-13593488.html
LUXURY 1 BEDROOM | FULLY FURNISHED | VACANT UNIT,"62,000",Yearly,1,2,659 sqft,"Diamond Views III, JVC District 11, Jumeirah Village Circle (JVC), Dubai",https://www.bayut.com/property/details-13587428.html
Cozy 1BHK | Fully Furnished | Book now,"65,000",Yearly,1,2,675 sqft,"Diamond Views 4, JVC District 11, Jumeirah Village Circle (JVC), Dubai",https://www.bayut.com/property/details-13579591.html
Prime Location | High Floor | JVC Community View,"55,000",Yearly,,1,372 sqft,"Bloom Tower C, Bloom Towers, JVC District 10, Jumeirah Village Circle (JVC), Dubai",https://www.bayut.com/property/details-13579185.html
Full Furnished | Reasonable Rent | Good Location,"62,000",Yearly,1,2,659 sqft,"Diamond Views III, JVC District 11, Jumeirah Village Circle (JVC), Dubai",https://www.bayut.com/property/details-13583907.html
Unfurnished | Pool View | Call Now,"90,000",Yearly,1,2,760 sqft,"Binghatti Phoenix, JVC District 13, Jumeirah Village Circle (JVC), Dubai",https://www.bayut.com/property/details-13619052.html
Brand New | High Floor | Best Price,"110,000",Yearly,1,2,807 sqft,"Binghatti Royale, JVC District 18, Jumeirah Village Circle (JVC), Dubai",https://www.bayut.com/property/details-13611048.html
Modern Touch | Ready to Move | Quality Build,"75,000",Yearly,1,2,714 sqft,"SH Living 1, JVC District 14, Jumeirah Village Circle (JVC), Dubai",https://www.bayut.com/property/details-13597239.html
Prime Location | Open View | JVC,"80,000",Yearly,1,2,"1,010 sqft","Gardenia 2, Emirates Gardens, JVC District 12, Jumeirah Village Circle (JVC), Dubai",https://www.bayut.com/property/details-13586515.html
5800 AED with bills I Great deal I Easy Access,"69,600",Yearly,,1,410 sqft,"Bloom Tower C, Bloom Towers, JVC District 10, Jumeirah Village Circle (JVC), Dubai",https://www.bayut.com/property/details-13581356.html
Top Notch 1BR + Maid I Spacious Unit I Comfortable Living,"80,000",Yearly,1,2,"1,108 sqft","Laya Residences, JVC District 10, Jumeirah Village Circle (JVC), Dubai",https://www.bayut.com/property/details-12870049.html
Spacious Villa | Premium Community | Vacant Now,"245,000",Yearly,4,5,"4,128 sqft","Indigo Ville 3, JVC District 13, Jumeirah Village Circle (JVC), Dubai",https://www.bayut.com/property/details-12831039.html
Golden Opportunity at Golden Dream Tower – Studio for AED 50K,"50,000",Yearly,,1,468 sqft,"Golden Dream Tower 1, JVC District 18, Jumeirah Village Circle (JVC), Dubai",https://www.bayut.com/property/details-12967456.html
Golden Opportunity at Golden Dream Tower – Studio for AED 50K,"50,000",Yearly,,1,412 sqft,"Golden Dream Tower 1, JVC District 18, Jumeirah Village Circle (JVC), Dubai",https://www.bayut.com/property/details-12967277.html
Vacant | Fully Furnished | Bills Included,"110,000",Yearly,1,2,798 sqft,"Belgravia Heights 1, JVC District 12, Jumeirah Village Circle (JVC), Dubai",https://www.bayut.com/property/details-12886523.html
12 Cheques | Fully Furnished | Vacant 17th Nov for immediate move in,"95,000",Yearly,1,2,760 sqft,"Bluebell  Residence, JVC District 11, Jumeirah Village Circle (JVC), Dubai",https://www.bayut.com/property/details-12994743.html
Spacious Condo | for Rent | Diamond Views 3 JVC,"72,000",Yearly,1,3,659 sqft,"Diamond Views III, JVC District 11, Jumeirah Village Circle (JVC), Dubai",https://www.bayut.com/property/details-12917446.html
Prime Location | Sophisticated | Vacant,"324,999",Yearly,4,5,"2,029 sqft","Royal Park South Villas, JVC District 11, Jumeirah Village Circle (JVC), Dubai",https://www.bayut.com/property/details-12853329.html
Fully Furnished | Great Location | Call Now,"55,000",Yearly,,1,448 sqft,"DAMAC Ghalia, JVC District 18, Jumeirah Village Circle (JVC), Dubai",https://www.bayut.com/property/details-12842710.html
Well maintained | Vacant | 4 cheques,"87,000",Yearly,1,2,618 sqft,"Binghatti Emerald, JVC District 15, Jumeirah Village Circle (JVC), Dubai",https://www.bayut.com/property/details-12895871.html
Multiple Cheqqs| Furnished| Near Mall | High Floor,"60,000",Yearly,,1,397 sqft,"Regina Tower, JVC District 12, Jumeirah Village Circle (JVC), Dubai",https://www.bayut.com/property/details-12946798.html
Furnished Home | Upgraded Luxury NY Style,"66,000",Yearly,,1,488 sqft,"LOCI Residences, JVC District 14, Jumeirah Village Circle (JVC), Dubai",https://www.bayut.com/property/details-12831100.html
Upgraded London Style | Furnished | Last Price,"70,000",Yearly,,1,493 sqft,"LOCI Residences, JVC District 14, Jumeirah Village Circle (JVC), Dubai",https://www.bayut.com/property/details-12831099.html
Brand New | Spacious | Vacant | Imtiaz,"100,000",Yearly,1,2,736 sqft,"Pearl House by Imtiaz, JVC District 13, Jumeirah Village Circle (JVC), Dubai",https://www.bayut.com/property/details-12839528.html
Spacious Home | Fully Furnished | View Today,"55,000",Yearly,,1,441 sqft,"Joya Verde Residences, JVC District 11, Jumeirah Village Circle (JVC), Dubai",https://www.bayut.com/property/details-12831098.html
Fully Furnished | Prime Location | Large Layout,"82,000",Yearly,1,2,659 sqft,"Binghatti Rose, JVC District 15, Jumeirah Village Circle (JVC), Dubai",https://www.bayut.com/property/details-12831048.html
SMART HOME| CONVENIENT LOCATION IN JVC |HIGH FLOOR,"75,000",Yearly,1,2,670 sqft,"Binghatti Corner, JVC District 10, Jumeirah Village Circle (JVC), Dubai",https://www.bayut.com/property/details-12945601.html
Skyline View | Prime Location | High Floor,"75,000",Yearly,1,2,693 sqft,"Binghatti Amber, JVC District 11, Jumeirah Village Circle (JVC), Dubai",https://www.bayut.com/property/details-12831046.html
Pool View | Fully Furnished | Call Now,"58,000",Yearly,,1,391 sqft,"Binghatti Azure, JVC District 16, Jumeirah Village Circle (JVC), Dubai",https://www.bayut.com/property/details-12829298.html
Large Layout | Furnished | Flexible Cheques,"100,000",Yearly,1,2,796 sqft,"Catch Residences, JVC District 12, Jumeirah Village Circle (JVC), Dubai",https://www.bayut.com/property/details-12813787.html
Premium Studio | Fully Furnished | Couple Friendly,"64,000",Yearly,,1,422 sqft,"Luma21, JVC District 14, Jumeirah Village Circle (JVC), Dubai",https://www.bayut.com/property/details-12831095.html
"70,000 | Fully Furnished | Book Now","75,000",Yearly,1,2,606 sqft,"Summer 2 Block A, Summer, Seasons Community, JVC District 15, Jumeirah Village Circle (JVC), Dubai",https://www.bayut.com/property/details-12881435.html
Spacious 2BHK | Stylish & Prime JVC Location,"110,000",Yearly,2,2,960 sqft,"Binghatti Crest, JVC District 13, Jumeirah Village Circle (JVC), Dubai",https://www.bayut.com/property/details-12774071.html
Open View | Prime Location | Call To Inquire,"50,000",Yearly,,1,349 sqft,"Binghatti Azure, JVC District 16, Jumeirah Village Circle (JVC), Dubai",https://www.bayut.com/property/details-12829381.html
Limited Offer | Fully Furnished | 1BR With Open View,"65,000",Yearly,1,2,845 sqft,"Sandhurst House, JVC District 10, Jumeirah Village Circle (JVC), Dubai",https://www.bayut.com/property/details-13544247.html
Community View | Prime Location | Spacious Unit,"100,000",Yearly,1,2,805 sqft,"The Sloane by Belgravia Heights, JVC District 12, Jumeirah Village Circle (JVC), Dubai",https://www.bayut.com/property/details-13514080.html
Elegant and Spacious | Fully furnished | Closed Kitchen,"80,000",Yearly,1,2,810 sqft,"O2 Tower, JVC District 14, Jumeirah Village Circle (JVC), Dubai",https://www.bayut.com/property/details-13601578.html
"Exclusive 1Bed at Empire Residence, JVC Dist. 17","75,000",Yearly,1,2,701 sqft,"Empire Residence, JVC District 17, Jumeirah Village Circle (JVC), Dubai",https://www.bayut.com/property/details-13582496.html
Brand New | Fully Furnished | 1 Bedroom,"100,000",Yearly,1,2,940 sqft,"Al Serh Residences 11, JVC District 10, Jumeirah Village Circle (JVC), Dubai",https://www.bayut.com/property/details-13572628.html
Brand New - Huge Terrace - Multiple options,"145,000",Yearly,2,3,"1,678 sqft","Westview Garden, JVC District 15, Jumeirah Village Circle (JVC), Dubai",https://www.bayut.com/property/details-13548031.html
Fully Furnished | Prime Location | Call Now,"89,999",Yearly,1,2,767 sqft,"Beverly Residence, JVC District 13, Jumeirah Village Circle (JVC), Dubai",https://www.bayut.com/property/details-13537134.html
Upgraded | Fully Furnished | Vacant,"99,000",Yearly,1,1,826 sqft,"Belgravia 3B, Belgravia 3, JVC District 15, Jumeirah Village Circle (JVC), Dubai",https://www.bayut.com/property/details-13536730.html
Available I Unfurnished I Bright Unit,"144,997",Yearly,2,2,"1,655 sqft","Marwa Heights, JVC District 15, Jumeirah Village Circle (JVC), Dubai",https://www.bayut.com/property/details-13553747.html
Community View | Brand New | Ready to Move,"105,000",Yearly,1,2,852 sqft,"Al Serh Residences 11, JVC District 10, Jumeirah Village Circle (JVC), Dubai",https://www.bayut.com/property/details-13542470.html
Luxurious Studio | Brand New | Fully Furnished,"60,000",Yearly,,1,404 sqft,"The Autograph, JVC District 10, Jumeirah Village Circle (JVC), Dubai",https://www.bayut.com/property/details-11773387.html
Brand New|Ready to move |Higher floor view Private,"105,000",Yearly,1,2,807 sqft,"Binghatti Royale, JVC District 18, Jumeirah Village Circle (JVC), Dubai",https://www.bayut.com/property/details-13588131.html
Brand new | Luxury Finishes | Available Now,"115,000",Yearly,1,2,795 sqft,"Binghatti Phantom, JVC District 17, Jumeirah Village Circle (JVC), Dubai",https://www.bayut.com/property/details-13583788.html
High Quality Finishes| 12 Cheques| Vacant,"90,000",Yearly,1,2,674 sqft,"Oakley Square Residence, JVC District 11, Jumeirah Village Circle (JVC), Dubai",https://www.bayut.com/property/details-13580293.html
COMMUNITY VIEW I FURNISHED I AVAILABLE FROM 11 DECEMBER,"89,999",Yearly,1,2,659 sqft,"Binghatti Rose, JVC District 15, Jumeirah Village Circle (JVC), Dubai",https://www.bayut.com/property/details-13571284.html
2BHK-DUPLEX | PRIME LOCATION | AFFORDABLE PRICE,"130,000",Yearly,2,3,"1,942 sqft","Royal JVC Building, JVC District 10, Jumeirah Village Circle (JVC), Dubai",https://www.bayut.com/property/details-13542958.html
Maid Room | Brand New | Furnished,"110,000",Yearly,1,2,852 sqft,"Al Serh Residences 11, JVC District 10, Jumeirah Village Circle (JVC), Dubai",https://www.bayut.com/property/details-13541050.html
Spacious 2BR | Community View | Prime Location,"110,000",Yearly,2,2,"1,147 sqft","Golden Dream Tower 1, JVC District 18, Jumeirah Village Circle (JVC), Dubai",https://www.bayut.com/property/details-13551628.html
2BHk Apartment | Huge Layout | Prime Location,"98,999",Yearly,2,3,"1,334 sqft","Imperial Tower, JVC District 17, Jumeirah Village Circle (JVC), Dubai",https://www.bayut.com/property/details-13546137.html
Smart Home| Ready to move | Unfurnished,"120,000",Yearly,2,2,"1,184 sqft","Binghatti Crest, JVC District 13, Jumeirah Village Circle (JVC), Dubai",https://www.bayut.com/property/details-13530639.html
Furnished 1BR | Modern Layout | Ready to Move In,"90,000",Yearly,1,1,756 sqft,"Bloom Heights 1, Bloom Heights, JVC District 15, Jumeirah Village Circle (JVC), Dubai",https://www.bayut.com/property/details-13540607.html
Spacious Layout | Ready to Move | Good Location,"100,000",Yearly,2,2,"1,090 sqft","Xanadu Residence 2, JVC District 13, Jumeirah Village Circle (JVC), Dubai",https://www.bayut.com/property/details-13538040.html
Brand New - Spacious - Vacant,"85,000",Yearly,1,2,798 sqft,"Binghatti Phoenix, JVC District 13, Jumeirah Village Circle (JVC), Dubai",https://www.bayut.com/property/details-13572815.html
Spacious 2bhk | Duplex | Prime Location,"130,000",Yearly,2,3,"1,942 sqft","Royal JVC Building, JVC District 10, Jumeirah Village Circle (JVC), Dubai",https://www.bayut.com/property/details-13540820.html
Brand New | Spacious | Vacant | Imtiaz,"100,000",Yearly,1,2,775 sqft,"Pearl House by Imtiaz, JVC District 13, Jumeirah Village Circle (JVC), Dubai",https://www.bayut.com/property/details-12478045.html
Stunning 1-Bedroom I With Pool View I Prime Location,"68,000",Yearly,1,2,664 sqft,"Binghatti Mirage, JVC District 10, Jumeirah Village Circle (JVC), Dubai",https://www.bayut.com/property/details-12464714.html
Studio Pearl House: Fully Furnished,"65,000",Yearly,,1,406 sqft,"Pearl House by Imtiaz, JVC District 13, Jumeirah Village Circle (JVC), Dubai",https://www.bayut.com/property/details-12478599.html
BRAND NEW | FULLY FURNISHED | GREAT VIEWS,"65,000",Yearly,,1,444 sqft,"Westwood Grande 2 by Imtiaz, JVC District 18, Jumeirah Village Circle (JVC), Dubai",https://www.bayut.com/property/details-12473785.html
Fully Furnished | Prime Location | All Bills Included,"60,000",Yearly,,1,469 sqft,"Park View Tower, JVC District 14, Jumeirah Village Circle (JVC), Dubai",https://www.bayut.com/property/details-10828274.html
Brand New | Premium Quality | Fully Fitted Kitchen,"95,000",Yearly,1,2,670 sqft,"Pearl House by Imtiaz, JVC District 13, Jumeirah Village Circle (JVC), Dubai",https://www.bayut.com/property/details-12419623.html
Large Layout | Furnished | Vacant,"115,000",Yearly,1,2,929 sqft,"Hameni Residence, JVC District 15, Jumeirah Village Circle (JVC), Dubai",https://www.bayut.com/property/details-10543508.html
Ready to Move In | Fully Furnished 2BR | High Floor,"150,000",Yearly,2,3,"1,346 sqft","Park View Tower, JVC District 14, Jumeirah Village Circle (JVC), Dubai",https://www.bayut.com/property/details-12392143.html
BRAND NEW | FULLY FURNISHED | COMMUNITY VIEW,"55,000",Yearly,,1,443 sqft,"Westwood Grande 2 by Imtiaz, JVC District 18, Jumeirah Village Circle (JVC), Dubai",https://www.bayut.com/property/details-12284114.html
Studio I Ideal Location I Open View,"49,999",Yearly,,1,389 sqft,"Binghatti Azure, JVC District 16, Jumeirah Village Circle (JVC), Dubai",https://www.bayut.com/property/details-12217164.html
Spacious 1BHK | Bright Layout | Call now,"81,999",Yearly,1,1,759 sqft,"Belgravia Heights 1, JVC District 12, Jumeirah Village Circle (JVC), Dubai",https://www.bayut.com/property/details-12176304.html
Fully Furnished | Prime Location | Best Price,"80,000",Yearly,1,2,688 sqft,"Binghatti Corner, JVC District 10, Jumeirah Village Circle (JVC), Dubai",https://www.bayut.com/property/details-12257365.html
Open View | Fully Furnished | High End Quality,"99,999",Yearly,1,2,930 sqft,"Westwood Grande by Imtiaz, JVC District 18, Jumeirah Village Circle (JVC), Dubai",https://www.bayut.com/property/details-12199768.html
Spacious 2BR | Park View | Fully furnished,"134,999",Yearly,2,2,"1,028 sqft","Belgravia Heights 1, JVC District 12, Jumeirah Village Circle (JVC), Dubai",https://www.bayut.com/property/details-12151271.html
BRAND NEW | FULLY FURNISHED | GREAT VIEWS,"55,000",Yearly,,1,438 sqft,"Westwood Grande 2 by Imtiaz, JVC District 18, Jumeirah Village Circle (JVC), Dubai",https://www.bayut.com/property/details-12284200.html
Brand New | Kitchen Island Layout | Best Location 100k 12ch,"95,000",Yearly,1,2,866 sqft,"The Sloane by Belgravia Heights, JVC District 12, Jumeirah Village Circle (JVC), Dubai",https://www.bayut.com/property/details-12086541.html
Brand New | Vacant | Spacious | Low Floor,"115,000",Yearly,2,2,"1,021 sqft","Binghatti Corner, JVC District 10, Jumeirah Village Circle (JVC), Dubai",https://www.bayut.com/property/details-9988341.html
Luxury Living | Vacant Ready | Unfurnished,"78,999",Yearly,1,2,673 sqft,"Beverly Residence, JVC District 13, Jumeirah Village Circle (JVC), Dubai",https://www.bayut.com/property/details-12219321.html
One Bedroom / Unfurnished / With Appliances,"77,000",Yearly,1,2,732 sqft,"Binghatti Azure, JVC District 16, Jumeirah Village Circle (JVC), Dubai",https://www.bayut.com/property/details-12256808.html
Prime Location | High Floor | VIDEO included,"88,000",Yearly,1,1,641 sqft,"Binghatti Corner, JVC District 10, Jumeirah Village Circle (JVC), Dubai",https://www.bayut.com/property/details-12425626.html
Top Floor | Pool View | Best Layout | Vacant Now,"110,000",Yearly,1,2,795 sqft,"Hamilton House, JVC District 14, Jumeirah Village Circle (JVC), Dubai",https://www.bayut.com/property/details-12155499.html
Furnished |2 BR + Maid |Brand New |Move-In Ready,"140,000",Yearly,2,4,"1,416 sqft","Eleganz by Danube, JVC District 14, Jumeirah Village Circle (JVC), Dubai",https://www.bayut.com/property/details-11965120.html
1BR | Plaza Residences 2 | Prime Location | Ready to Move,"75,000",Yearly,1,2,882 sqft,"Plaza Residences Block B, Plaza Residences, JVC District 13, Jumeirah Village Circle (JVC), Dubai",https://www.bayut.com/property/details-12150902.html
Fitted Kitchen | Spacious 1BR | Prime Location,"90,000",Yearly,1,2,698 sqft,"Bluebell  Residence, JVC District 11, Jumeirah Village Circle (JVC), Dubai",https://www.bayut.com/property/details-11983981.html
2b Unfurnished | Flexy Cheques | Brand New,"120,000",Yearly,2,3,"1,280 sqft","Alef Noon Residence, JVC District 16, Jumeirah Village Circle (JVC), Dubai",https://www.bayut.com/property/details-12046047.html
Spacious 1 Bedroom + Study | Two Full Bathrooms | Prime Circle Mall Location | H3 by Aurora,"95,000",Yearly,1,2,823 sqft,"H Three By Aurora, JVC District 11, Jumeirah Village Circle (JVC), Dubai",https://www.bayut.com/property/details-12104676.html
Studio I Ideal Location I Open View,"50,000",Yearly,,1,382 sqft,"Binghatti Azure, JVC District 16, Jumeirah Village Circle (JVC), Dubai",https://www.bayut.com/property/details-12051800.html
Largest Layout I Vacant I Fully Furnished,"55,000",Yearly,,1,405 sqft,"Bloom Heights 2, Bloom Heights, JVC District 15, Jumeirah Village Circle (JVC), Dubai",https://www.bayut.com/property/details-9888731.html
Chiller free | Furnished| Chiller Free,"95,000",Yearly,1,2,834 sqft,"Belgravia 3B, Belgravia 3, JVC District 15, Jumeirah Village Circle (JVC), Dubai",https://www.bayut.com/property/details-5884390.html
Fully Furnished Studio | 06 Cheques |Open View,"55,000",Yearly,,1,391 sqft,"Binghatti Azure, JVC District 16, Jumeirah Village Circle (JVC), Dubai",https://www.bayut.com/property/details-12001835.html
"Studio | Ready to Move | H Three by Aurora, JVC","60,000",Yearly,,1,437 sqft,"H Three By Aurora, JVC District 11, Jumeirah Village Circle (JVC), Dubai",https://www.bayut.com/property/details-12153534.html
4BR+Maid | Luxurious | Call Now,"220,000",Yearly,4,5,"3,333 sqft","Marwa Homes 2, JVC District 13, Jumeirah Village Circle (JVC), Dubai",https://www.bayut.com/property/details-11981057.html
Brand New Studio | Ready to Move | Pool View,"65,000",Yearly,,1,437 sqft,"H Three By Aurora, JVC District 11, Jumeirah Village Circle (JVC), Dubai",https://www.bayut.com/property/details-12048104.html
Spacious 1BR with Balcony I Ready to Move In,"104,000",Yearly,1,1,797 sqft,"Binghatti Phantom, JVC District 17, Jumeirah Village Circle (JVC), Dubai",https://www.bayut.com/property/details-13608666.html
Lowest Price | Spacious | Fitted Kitchen,"65,000",Yearly,1,2,836 sqft,"Imperial Tower, JVC District 17, Jumeirah Village Circle (JVC), Dubai",https://www.bayut.com/property/details-13606783.html
1 bhk Apartment | with best ammenities | Road view,"65,000",Yearly,1,2,805 sqft,"Imperial Tower, JVC District 17, Jumeirah Village Circle (JVC), Dubai",https://www.bayut.com/property/details-13606734.html
2 Bedroom | 2 Balcony | Open Kitchen,"97,000",Yearly,2,3,"1,334 sqft","Imperial Tower, JVC District 17, Jumeirah Village Circle (JVC), Dubai",https://www.bayut.com/property/details-13598526.html
Community View | Spacious Layout | Call Now,"67,999",Yearly,1,2,698 sqft,"Binghatti Jasmine, JVC District 15, Jumeirah Village Circle (JVC), Dubai",https://www.bayut.com/property/details-13587761.html
Brand New Building l 2 Bedroom Hall l Slightly Negotiable,"75,000",Yearly,2,2,783 sqft,"S. S. Lootah Residence, JVC District 11, Jumeirah Village Circle (JVC), Dubai",https://www.bayut.com/property/details-13583604.html
Brand New 2 Bedroom Apartment l Slightly Negotiable l Multi Cheques,"75,000",Yearly,2,2,783 sqft,"S. S. Lootah Residence, JVC District 11, Jumeirah Village Circle (JVC), Dubai",https://www.bayut.com/property/details-13583486.html
Prime Location | Modern Layout | Well-Maintained,"68,000",Yearly,1,2,653 sqft,"Binghatti Rose, JVC District 15, Jumeirah Village Circle (JVC), Dubai",https://www.bayut.com/property/details-13581751.html
Laya Residences Jumeirah Village Circle (JVC) | Luxurious 1-Bedroom Apartment,"87,000",Yearly,1,2,995 sqft,"Laya Residences, JVC District 10, Jumeirah Village Circle (JVC), Dubai",https://www.bayut.com/property/details-13617966.html
4BHK townhouse | Spacious Layout | Community View,"185,000",Yearly,4,4,"3,165 sqft","Fortunato, JVC District 11, Jumeirah Village Circle (JVC), Dubai",https://www.bayut.com/property/details-13608232.html
Ellington |Vacant |Open Kitchen |Fully Furnished,"85,000",Yearly,1,2,537 sqft,"Harrington House, JVC District 14, Jumeirah Village Circle (JVC), Dubai",https://www.bayut.com/property/details-13600854.html
Luxury Finish |Well Maintained |Prime Location,"199,999",Yearly,3,5,"2,022 sqft","Al Amir Villas, JVC District 11, Jumeirah Village Circle (JVC), Dubai",https://www.bayut.com/property/details-13597237.html
High Class Apartment I Premium Layout I With Great Amenities,"70,000",Yearly,1,2,700 sqft,"Al Amir Residence, JVC District 11, Jumeirah Village Circle (JVC), Dubai",https://www.bayut.com/property/details-13595567.html
FULLY FURNISHED | WITH SMART SYSTEM | BRAND NEW,"93,000",Yearly,1,1,595 sqft,"Binghatti Galaxy Tower A, Binghatti Galaxy, JVC District 11, Jumeirah Village Circle (JVC), Dubai",https://www.bayut.com/property/details-11761284.html
Cozy Furnished | Brand New | Spacious | Park View,"160,000",Yearly,2,3,"1,425 sqft","Hadley Heights, JVC District 11, Jumeirah Village Circle (JVC), Dubai",https://www.bayut.com/property/details-13583076.html
Spacious & Bright | Great Layout | Prime Location,"95,000",Yearly,2,3,"1,260 sqft","Binghatti Gate, JVC District 15, Jumeirah Village Circle (JVC), Dubai",https://www.bayut.com/property/details-13550938.html
Furnished | Sustainable Living | Prime Location,"80,000",Yearly,1,1,621 sqft,"Luma21, JVC District 14, Jumeirah Village Circle (JVC), Dubai",https://www.bayut.com/property/details-13598644.html
Studio | Furnished | Ready To Move,"54,999",Yearly,,1,327 sqft,"The Square Tower, JVC District 13, Jumeirah Village Circle (JVC), Dubai",https://www.bayut.com/property/details-13550470.html
Upgraded | Furnished | Pool view |Multiple Cheuqes,"130,000",Yearly,1,2,712 sqft,"Oxford 212, JVC District 10, Jumeirah Village Circle (JVC), Dubai",https://www.bayut.com/property/details-13543226.html
Community View | Prime Location | Spacious Unit,"73,000",Yearly,1,2,843 sqft,"Imperial Tower 2, JVC District 17, Jumeirah Village Circle (JVC), Dubai",https://www.bayut.com/property/details-11767834.html
1BR | Furnished Apartment | Vacant Soon,"85,000",Yearly,1,1,619 sqft,"Binghatti Crest, JVC District 13, Jumeirah Village Circle (JVC), Dubai",https://www.bayut.com/property/details-13611060.html
Brand New | High End Quality | Prime Loc,"105,000",Yearly,1,2,807 sqft,"Binghatti Royale, JVC District 18, Jumeirah Village Circle (JVC), Dubai",https://www.bayut.com/property/details-13596865.html
ELEGANT 2 BHK - SPACIOUS LAYOUT - PRIME LOCATION,"120,000",Yearly,2,3,"1,300 sqft","SH Living 1, JVC District 14, Jumeirah Village Circle (JVC), Dubai",https://www.bayut.com/property/details-13569974.html
Bright Unit | Spacious 1BR | Closed Kitchen | Park View,"69,990",Yearly,1,2,823 sqft,"Rose 10, JVC District 11, Jumeirah Village Circle (JVC), Dubai",https://www.bayut.com/property/details-13569872.html
Luxury 1BR | Private Pool | Phantom JVC,"130,000",Yearly,1,2,911 sqft,"Binghatti Phantom, JVC District 17, Jumeirah Village Circle (JVC), Dubai",https://www.bayut.com/property/details-13593154.html
I Big Layout I Modern Design I family building,"69,999",Yearly,1,2,823 sqft,"Rose 10, JVC District 11, Jumeirah Village Circle (JVC), Dubai",https://www.bayut.com/property/details-13586405.html
Pool View | Next to Exit | High Floor,"75,000",Yearly,1,1,674 sqft,"Bloom Tower B, Bloom Towers, JVC District 10, Jumeirah Village Circle (JVC), Dubai",https://www.bayut.com/property/details-11837675.html
Modern 1 BR | Prime location| Fully Furnished,"90,000",Yearly,1,2,658 sqft,"Binghatti Rose, JVC District 15, Jumeirah Village Circle (JVC), Dubai",https://www.bayut.com/property/details-13584719.html
BIG LAYOUT | READY TO MOVE IN | PRIME LOCATION,"75,000",Yearly,1,2,866 sqft,"Marwa Heights, JVC District 15, Jumeirah Village Circle (JVC), Dubai",https://www.bayut.com/property/details-13601289.html
Furnished | Prime Location | Spacious 1BHK,"84,999",Yearly,1,2,737 sqft,"Binghatti Corner, JVC District 10, Jumeirah Village Circle (JVC), Dubai",https://www.bayut.com/property/details-13596058.html
Spacious| Elegantly Designed | Unfurnished,"85,000",Yearly,1,2,"1,295 sqft","Serenity Lakes 5, JVC District 10, Jumeirah Village Circle (JVC), Dubai",https://www.bayut.com/property/details-13569796.html
Brand New | Ready to Move | High Floor,"112,000",Yearly,1,2,912 sqft,"Binghatti Phantom, JVC District 17, Jumeirah Village Circle (JVC), Dubai",https://www.bayut.com/property/details-13552576.html
Spacious Balcony | Pool View | Modern Living,"88,000",Yearly,1,2,890 sqft,"Westview Garden, JVC District 15, Jumeirah Village Circle (JVC), Dubai",https://www.bayut.com/property/details-13582122.html
Ready to Move | Community View | Spacious Layout,"74,999",Yearly,1,2,925 sqft,"Reef Residence, JVC District 13, Jumeirah Village Circle (JVC), Dubai",https://www.bayut.com/property/details-13587206.html
Brand New | Private Pool Luxury Apartment,"95,000",Yearly,1,2,795 sqft,"Binghatti Phantom, JVC District 17, Jumeirah Village Circle (JVC), Dubai",https://www.bayut.com/property/details-13544819.html
Brand New Smart Home and Modern | Vacant,"75,000",Yearly,1,1,494 sqft,"Binghatti Tulip, JVC District 11, Jumeirah Village Circle (JVC), Dubai",https://www.bayut.com/property/details-11795474.html
Brand New| Private Jacuzzi| Luxury Amenities,"110,000",Yearly,1,2,795 sqft,"Binghatti Phantom, JVC District 17, Jumeirah Village Circle (JVC), Dubai",https://www.bayut.com/property/details-13605456.html
Bright and Spacious | Ready to Move | Park View,"75,000",Yearly,1,2,742 sqft,"Pantheon Elysee III, JVC District 15, Jumeirah Village Circle (JVC), Dubai",https://www.bayut.com/property/details-13552742.html
Unfurnished | Ready to Move | Prime Location,"88,000",Yearly,2,3,963 sqft,"Binghatti Mirage, JVC District 10, Jumeirah Village Circle (JVC), Dubai",https://www.bayut.com/property/details-13552349.html
Ready To Move in Spacious layout Fully Furnished,"118,000",Yearly,2,2,"1,143 sqft","Bloom Tower A, Bloom Towers, JVC District 10, Jumeirah Village Circle (JVC), Dubai",https://www.bayut.com/property/details-13602157.html
Studio Apartment | with best ammenities | Road view,"54,999",Yearly,,1,524 sqft,"Dune Residency, JVC District 17, Jumeirah Village Circle (JVC), Dubai",https://www.bayut.com/property/details-13598616.html
Community View | Furnished 1 BR | Ready to Move In,"84,999",Yearly,1,2,756 sqft,"Bloom Heights 1, Bloom Heights, JVC District 15, Jumeirah Village Circle (JVC), Dubai",https://www.bayut.com/property/details-13586047.html
MODERN 1 BHK | FAMILY BUILDING | PRIME LOCATION,"60,000",Yearly,1,2,739 sqft,"Al Amir Residence, JVC District 11, Jumeirah Village Circle (JVC), Dubai",https://www.bayut.com/property/details-13569342.html
Modern Apt | Partly Furnished | Prime Location,"82,000",Yearly,1,2,805 sqft,"Regina Tower, JVC District 12, Jumeirah Village Circle (JVC), Dubai",https://www.bayut.com/property/details-13578713.html
ELLINGTON QUALITY | FULLY FURNISHED | STYLISH 1BR,"90,000",Yearly,1,2,815 sqft,"Belgravia 2, JVC District 14, Jumeirah Village Circle (JVC), Dubai",https://www.bayut.com/property/details-13528179.html
Fully Furnished | Premium Quality | Prime Location,"120,000",Yearly,1,2,902 sqft,"The Sloane by Belgravia Heights, JVC District 12, Jumeirah Village Circle (JVC), Dubai",https://www.bayut.com/property/details-13527560.html
Spacious | Top Floor | Vacant,"129,000",Yearly,2,2,"1,126 sqft","Belgravia Heights 1, JVC District 12, Jumeirah Village Circle (JVC), Dubai",https://www.bayut.com/property/details-7371902.html
SPACIOUS 3 BHK WITH STORE | FAMILY BUILDING | PRIME LOCATION,"120,000",Yearly,3,3,"1,277 sqft","Al Amir Residence, JVC District 11, Jumeirah Village Circle (JVC), Dubai",https://www.bayut.com/property/details-13569361.html
Fully Furnished | Dishwasher | Ready to move,"69,999",Yearly,1,2,820 sqft,"Tower 108, JVC District 18, Jumeirah Village Circle (JVC), Dubai",https://www.bayut.com/property/details-13542872.html
Bright & Modern 2BR | Luxury Community | Ready to Move-in,"125,000",Yearly,2,2,"1,126 sqft","Belgravia Heights 1, JVC District 12, Jumeirah Village Circle (JVC), Dubai",https://www.bayut.com/property/details-13536801.html
Brand New | Spacious Layout | Park View,"95,000",Yearly,1,2,970 sqft,"Hadley Heights, JVC District 11, Jumeirah Village Circle (JVC), Dubai",https://www.bayut.com/property/details-13593116.html
BRAND NEW | POOL FACING | HIGH END FINISHING,"140,000",Yearly,2,3,"1,066 sqft","Hamilton House, JVC District 14, Jumeirah Village Circle (JVC), Dubai",https://www.bayut.com/property/details-13585555.html
2BR Duplex | Private Garden | Multiple Cheques,"185,000",Yearly,2,3,"2,758 sqft","Hameni Residence, JVC District 15, Jumeirah Village Circle (JVC), Dubai",https://www.bayut.com/property/details-13569428.html
BRIGHT UNIT | HIGH FLOOR | UNIQUE STYLE,"74,999",Yearly,1,2,798 sqft,"Reef Residence, JVC District 13, Jumeirah Village Circle (JVC), Dubai",https://www.bayut.com/property/details-13551659.html
Brand New 1-Bedroom Apartment for Rent Binghatti,"110,000",Yearly,1,2,795 sqft,"Binghatti Phantom, JVC District 17, Jumeirah Village Circle (JVC), Dubai",https://www.bayut.com/property/details-13602092.html
Stylish Studio for Rent in Binghatti Aurora,"53,000",Yearly,,1,380 sqft,"Binghatti Aurora, JVC District 12, Jumeirah Village Circle (JVC), Dubai",https://www.bayut.com/property/details-13573342.html
Unfurnished | Vacant | Low Floor,"68,000",Yearly,,1,505 sqft,"Oakley Square Residence, JVC District 11, Jumeirah Village Circle (JVC), Dubai",https://www.bayut.com/property/details-13572017.html
Unfurnished Studio | Vacant Now | Brand New |,"60,000",Yearly,,1,343 sqft,"Binghatti Azure, JVC District 16, Jumeirah Village Circle (JVC), Dubai",https://www.bayut.com/property/details-13570526.html
STUDIO | SPECIOUS | READY TO MOVE | WELL MAINTAINED BUILDING,"50,000",Yearly,,1,587 sqft,"Cappadocia, JVC District 13, Jumeirah Village Circle (JVC), Dubai",https://www.bayut.com/property/details-13549869.html
Top-Notch 2 Bed I Fully Furnished I With Best Amenities,"140,000",Yearly,2,3,"1,236 sqft","SH Living 1, JVC District 14, Jumeirah Village Circle (JVC), Dubai",https://www.bayut.com/property/details-13545528.html
Open View | Big Layout | Multiple Cheques,"80,000",Yearly,1,2,744 sqft,"Binghatti Crest, JVC District 13, Jumeirah Village Circle (JVC), Dubai",https://www.bayut.com/property/details-13604590.html
Private pool// spacious Modern 3-Bedroom with big terrace apartment// ready to move// all amenities,"200,000",Yearly,3,5,"2,664 sqft","SH Living 1, JVC District 14, Jumeirah Village Circle (JVC), Dubai",https://www.bayut.com/property/details-13554786.html
Community View | Prime Location | Spacious Unit,"80,000",Yearly,1,1,822 sqft,"Binghatti Galaxy Tower B, Binghatti Galaxy, JVC District 11, Jumeirah Village Circle (JVC), Dubai",https://www.bayut.com/property/details-11802782.html
Brand New | Comfort Living | Pool View,"155,000",Yearly,2,2,996 sqft,"Binghatti Aurora, JVC District 12, Jumeirah Village Circle (JVC), Dubai",https://www.bayut.com/property/details-13585141.html
Corner Unit|Fitted Kitchen|Maid Room|Ready To Move,"115,000",Yearly,2,3,"1,379 sqft","Lucky 1 Residences, JVC District 13, Jumeirah Village Circle (JVC), Dubai",https://www.bayut.com/property/details-13579264.html
1BHK+Study | Luxury Finishing | Ready to Move,"115,000",Yearly,1,2,954 sqft,"Nicholas Residence, JVC District 12, Jumeirah Village Circle (JVC), Dubai",https://www.bayut.com/property/details-11805149.html
ELEGANT 1 BHK - KITCHEN APPLIANCES - PERFECT FOR FAMILY LIVING,"80,000",Yearly,1,2,"1,152 sqft","Saleh Bin Lahej JVC Block A, Saleh Bin Lahej JVC, JVC District 10, Jumeirah Village Circle (JVC), Dubai",https://www.bayut.com/property/details-13612378.html
STYLISH & SPACIOUS | FURNISHED WITH BALCONY | VACANT,"210,000",Yearly,3,3,"1,510 sqft","Bloom Heights 2, Bloom Heights, JVC District 15, Jumeirah Village Circle (JVC), Dubai",https://www.bayut.com/property/details-13587772.html
Fully Furnished I Best Layout I Ready to move,"48,000",Yearly,,1,422 sqft,"Plaza Residences Block A, Plaza Residences, JVC District 13, Jumeirah Village Circle (JVC), Dubai",https://www.bayut.com/property/details-13605399.html
Stunning 1 Bed Apartment I Luxury Layout I Premium Amenities,"65,000",Yearly,1,2,770 sqft,"Dune Residency, JVC District 17, Jumeirah Village Circle (JVC), Dubai",https://www.bayut.com/property/details-13602279.html
Brand New | Separate laundry| Storage room |,"99,999",Yearly,1,2,852 sqft,"Al Serh Residences 11, JVC District 10, Jumeirah Village Circle (JVC), Dubai",https://www.bayut.com/property/details-13590323.html
Golf View | Spacious Layout | Bright Unit,"49,999",Yearly,,1,528 sqft,"Reef Residence, JVC District 13, Jumeirah Village Circle (JVC), Dubai",https://www.bayut.com/property/details-13585412.html
Furnished 1 BR + Study | Pool View | Call Now,"124,990",Yearly,1,2,844 sqft,"Al Serh Residences 11, JVC District 10, Jumeirah Village Circle (JVC), Dubai",https://www.bayut.com/property/details-13588404.html
New Furniture | Low Floor | Flexible Cheques,"59,999",Yearly,,1,370 sqft,"Park Vista, JVC District 13, Jumeirah Village Circle (JVC), Dubai",https://www.bayut.com/property/details-11842580.html
READY TO MOVE IN FOR 65K 1BR W/ 2 BALCONIES FAMILY BLDG,"65,000",Yearly,1,2,787 sqft,"Continents Tower, JVC District 13, Jumeirah Village Circle (JVC), Dubai",https://www.bayut.com/property/details-10164258.html
Partial Pool view | Spacious | Ready To Move,"67,500",Yearly,1,1,752 sqft,"La Riviera Estate A, La Riviera Estates, JVC District 10, Jumeirah Village Circle (JVC), Dubai",https://www.bayut.com/property/details-13607796.html
Fully Furnished | Best Price | Vacant,"70,000",Yearly,1,2,870 sqft,"La Riviera Estate B, La Riviera Estates, JVC District 10, Jumeirah Village Circle (JVC), Dubai",https://www.bayut.com/property/details-13604508.html
1 bhk Apartment | with best ammenities | Call Now,"65,000",Yearly,1,2,836 sqft,"Imperial Tower, JVC District 17, Jumeirah Village Circle (JVC), Dubai",https://www.bayut.com/property/details-13601147.html
"Modern 2BR Home in Maison VI, JVC","125,000",Yearly,2,2,"1,238 sqft","Maison VI, JVC District 11, Jumeirah Village Circle (JVC), Dubai",https://www.bayut.com/property/details-13600765.html
Spacious 3-Bedroom Apartment | Premium Location,"120,000",Yearly,3,4,"1,277 sqft","Al Amir Residence, JVC District 11, Jumeirah Village Circle (JVC), Dubai",https://www.bayut.com/property/details-13578940.html
1 bhk Apartment | Close kitchen appliances | DXB.,"65,000",Yearly,1,2,"1,010 sqft","Lavender 2, Emirates Gardens, JVC District 12, Jumeirah Village Circle (JVC), Dubai",https://www.bayut.com/property/details-13568986.html
Spacious Studio | Elegant Living| I Good Amenities | Prime Location,"50,000",Yearly,,1,427 sqft,"National Bonds Residence, JVC District 15, Jumeirah Village Circle (JVC), Dubai",https://www.bayut.com/property/details-13605433.html
Near to Circle Mall | Ready to Move | Spacious,"199,999",Yearly,4,5,"3,233 sqft","Comfy Villas, JVC District 11, Jumeirah Village Circle (JVC), Dubai",https://www.bayut.com/property/details-13601426.html
1 bhk Apartment | with best ammenities | Road view,"65,000",Yearly,1,2,804 sqft,"Imperial Tower, JVC District 17, Jumeirah Village Circle (JVC), Dubai",https://www.bayut.com/property/details-13600953.html
FULLY FURNISHED | READY TO MOVE | GREAT AMENITIES,"130,000",Yearly,2,3,"1,056 sqft","Bloom Heights 1, Bloom Heights, JVC District 15, Jumeirah Village Circle (JVC), Dubai",https://www.bayut.com/property/details-13592498.html
Pool View | Spacious Layout | Prime Location,"70,000",Yearly,1,2,740 sqft,"Binghatti Jasmine, JVC District 15, Jumeirah Village Circle (JVC), Dubai",https://www.bayut.com/property/details-13584274.html
SPACIOUS 1 BHK+STUDY | POOL FACING | FULLY FITTED KITCHEN | READY TO MOVE,"75,000",Yearly,1,2,803 sqft,"Rigel Apartments, JVC District 10, Jumeirah Village Circle (JVC), Dubai",https://www.bayut.com/property/details-13600330.html
Modern Finishing | Limited Offer | 1BR With Decent Balcony,"65,000",Yearly,1,2,802 sqft,"Oxford Building, JVC District 14, Jumeirah Village Circle (JVC), Dubai",https://www.bayut.com/property/details-13544225.html
3 Bed Duplex |Maid Room |Ready To Move |Spacious,"160,000",Yearly,3,4,"3,255 sqft","Royal JVC Building, JVC District 10, Jumeirah Village Circle (JVC), Dubai",https://www.bayut.com/property/details-13541214.html
Brand-New Fully Furnished 1BR | Move-In Ready,"104,999",Yearly,1,2,755 sqft,"Pearl House 2, JVC District 12, Jumeirah Village Circle (JVC), Dubai",https://www.bayut.com/property/details-13510097.html
POOL VIEW | Premium Quality I,"95,000",Yearly,1,2,798 sqft,"Binghatti Phoenix, JVC District 13, Jumeirah Village Circle (JVC), Dubai",https://www.bayut.com/property/details-13582770.html
2 bed | best ammenities | spacious,"129,990",Yearly,2,3,"2,559 sqft","Villa Myra, JVC District 15, Jumeirah Village Circle (JVC), Dubai",https://www.bayut.com/property/details-13549620.html
Spacious 2 Bedroom | Pool View I Premium,"120,000",Yearly,2,3,"1,148 sqft","Dar Al Jawhara Residence, JVC District 13, Jumeirah Village Circle (JVC), Dubai",https://www.bayut.com/property/details-13545199.html
Unfurnished | Vacant | Spacious,"200,000",Yearly,4,4,"1,734 sqft","Sandoval Lane, JVC District 14, Jumeirah Village Circle (JVC), Dubai",https://www.bayut.com/property/details-13541989.html
Closed Kitchen-With Appliances-Spacious Layout,"185,000",Yearly,3,4,"1,859 sqft","Westview Garden, JVC District 15, Jumeirah Village Circle (JVC), Dubai",https://www.bayut.com/property/details-13539015.html
Unfurnished-1/2/3 BHK-Multiple Options Available,"88,000",Yearly,1,2,887 sqft,"Westview Garden, JVC District 15, Jumeirah Village Circle (JVC), Dubai",https://www.bayut.com/property/details-13539014.html
"Furnished, Vacant end of Dec, Unobstructed View","69,999",Yearly,1,2,771 sqft,"Park Corner, JVC District 13, Jumeirah Village Circle (JVC), Dubai",https://www.bayut.com/property/details-13523326.html
Ultra Luxury | New | Fully Furnished,"105,000",Yearly,1,2,755 sqft,"Pearl House 2, JVC District 12, Jumeirah Village Circle (JVC), Dubai",https://www.bayut.com/property/details-13498457.html
Park View | High Floor | Grab The Keys Now,"130,000",Yearly,2,3,"1,125 sqft","Belgravia Heights 1, JVC District 12, Jumeirah Village Circle (JVC), Dubai",https://www.bayut.com/property/details-13552038.html
Move-In Ready 2BR Unfurnished in Prime JVC Spot,"122,000",Yearly,2,2,"1,612 sqft","Binghatti Nova, JVC District 12, Jumeirah Village Circle (JVC), Dubai",https://www.bayut.com/property/details-13532314.html
High Floor | Private Pool | Brand New | Ready,"99,999",Yearly,1,2,796 sqft,"Binghatti Phantom, JVC District 17, Jumeirah Village Circle (JVC), Dubai",https://www.bayut.com/property/details-13510387.html
1 bhk Apartment | with best ammenities | Road view,"79,999",Yearly,1,2,763 sqft,"Pantheon Elysee I, JVC District 13, Jumeirah Village Circle (JVC), Dubai",https://www.bayut.com/property/details-13506002.html
Fully Furnished | Great Location | Call Now,"80,000",Yearly,1,2,763 sqft,"Pantheon Elysee I, JVC District 13, Jumeirah Village Circle (JVC), Dubai",https://www.bayut.com/property/details-13505108.html
Well-Maintained 1 Bedroom | Binghatti Heights | Prime Location,"75,000",Yearly,1,2,647 sqft,"Binghatti Heights, JVC District 10, Jumeirah Village Circle (JVC), Dubai",https://www.bayut.com/property/details-13496640.html
Furnished Studio | High Floor | Ready to Move In,"62,000",Yearly,,1,411 sqft,"Signature Livings South, Signature Livings, JVC District 10, Jumeirah Village Circle (JVC), Dubai",https://www.bayut.com/property/details-13540339.html
Brand New | Open Plan | 1 Bedroom + Study,"100,000",Yearly,1,2,852 sqft,"Al Serh Residences 11, JVC District 10, Jumeirah Village Circle (JVC), Dubai",https://www.bayut.com/property/details-13537730.html
LARGE TERRACE I KITCHEN EQUIPPED I BRAND NEW,"75,000",Yearly,1,2,"1,714 sqft","Imperial Tower, JVC District 17, Jumeirah Village Circle (JVC), Dubai",https://www.bayut.com/property/details-13508732.html
Unfurnished | Binghatti | Top Amenities | Vacant,"109,999",Yearly,1,2,795 sqft,"Binghatti Phantom, JVC District 17, Jumeirah Village Circle (JVC), Dubai",https://www.bayut.com/property/details-13508695.html
Fully Furnished | 1Br+Study | Premium Quality,"84,999",Yearly,1,2,943 sqft,"La Riviera Azure, JVC District 10, Jumeirah Village Circle (JVC), Dubai",https://www.bayut.com/property/details-13490527.html
BEAUTIFUL 1 BR | HIGH END FINISHING | WOODEN FLOORING | PARKING | BALCONY | ROOF TOP CINEMA |BUILT IN WARDROBES |,"69,999",Yearly,1,2,784 sqft,"Empire Residence, JVC District 17, Jumeirah Village Circle (JVC), Dubai",https://www.bayut.com/property/details-13535938.html
FULLY FURNISHED UPGRADED HEIGH FLOOR VACANT UNIT,"98,000",Yearly,2,3,"1,125 sqft","DAMAC Ghalia, JVC District 18, Jumeirah Village Circle (JVC), Dubai",https://www.bayut.com/property/details-13518510.html
Private Pool l Fully Furnished l Hotel Apartment,"220,000",Yearly,2,2,"2,798 sqft","FIVE Jumeirah Village, JVC District 14, Jumeirah Village Circle (JVC), Dubai",https://www.bayut.com/property/details-13543149.html
ELEGANT 1 BR | PRIVATE POOL | BIG LAYOUT | VACANT,"99,999",Yearly,1,2,807 sqft,"Binghatti Royale, JVC District 18, Jumeirah Village Circle (JVC), Dubai",https://www.bayut.com/property/details-13596115.html
Studio | Fully Furnished | Luxury Layout,"65,000",Yearly,,1,370 sqft,"Bloom Tower C, Bloom Towers, JVC District 10, Jumeirah Village Circle (JVC), Dubai",https://www.bayut.com/property/details-13562258.html
ELEGANT 1 BHK - SPACIOUS LAYOUT - FAMILY BUILDING,"75,000",Yearly,1,2,714 sqft,"SH Living 1, JVC District 14, Jumeirah Village Circle (JVC), Dubai",https://www.bayut.com/property/details-13562205.html
2 Bhk duplex | Huge layout| Ready to Move,"130,000",Yearly,2,3,"1,942 sqft","Royal JVC Building, JVC District 10, Jumeirah Village Circle (JVC), Dubai",https://www.bayut.com/property/details-13549997.html
2BHK+Study Room | High Floor | Spacious,"125,000",Yearly,2,3,"1,186 sqft","Avanos Residence, JVC District 10, Jumeirah Village Circle (JVC), Dubai",https://www.bayut.com/property/details-13548026.html
Luxurious | Never Lived In | On High Floor,"80,000",Yearly,1,2,677 sqft,"Binghatti Azure, JVC District 16, Jumeirah Village Circle (JVC), Dubai",https://www.bayut.com/property/details-13547950.html
New | Vacant | Fully Furnished | Multiple Options,"99,999",Yearly,1,2,802 sqft,"Pearl House by Imtiaz, JVC District 13, Jumeirah Village Circle (JVC), Dubai",https://www.bayut.com/property/details-13547348.html
High Floor | Spacious | Marina View | 2 Beds,"120,000",Yearly,2,2,"1,236 sqft","Binghatti Corner, JVC District 10, Jumeirah Village Circle (JVC), Dubai",https://www.bayut.com/property/details-13541500.html
SPACIOUS STUDIO | NEAR SCHOOL | NEAR EXIT,"44,999",Yearly,,1,422 sqft,"May Residence Tower 4, May Residence, JVC District 10, Jumeirah Village Circle (JVC), Dubai",https://www.bayut.com/property/details-13538501.html
FULLY FURNISHED | 1BR WITH BALCONY | PRIME LOCATION,"65,000",Yearly,1,2,844 sqft,"Sandhurst House, JVC District 10, Jumeirah Village Circle (JVC), Dubai",https://www.bayut.com/property/details-13542804.html
Best price I Dewa Chiller I Near Park,"38,999",Yearly,,1,307 sqft,"Knightsbridge Court, JVC District 13, Jumeirah Village Circle (JVC), Dubai",https://www.bayut.com/property/details-13537128.html
Brand New 3 Bedroom + Pool I Spacious Layout I Book Today,"200,000",Yearly,3,4,"2,664 sqft","SH Living 1, JVC District 14, Jumeirah Village Circle (JVC), Dubai",https://www.bayut.com/property/details-13546055.html
Unfurnished | Multiple Payments | Vacant,"55,000",Yearly,1,2,669 sqft,"Autumn 2 Block A, Autumn, Seasons Community, JVC District 15, Jumeirah Village Circle (JVC), Dubai",https://www.bayut.com/property/details-13580738.html
1 bed | best ammenities | spacious,"75,000",Yearly,1,2,657 sqft,"Binghatti Gate, JVC District 15, Jumeirah Village Circle (JVC), Dubai",https://www.bayut.com/property/details-13530275.html
1 bhk Apartment | with best ammenities | Road view,"75,000",Yearly,1,2,657 sqft,"Binghatti Gate, JVC District 15, Jumeirah Village Circle (JVC), Dubai",https://www.bayut.com/property/details-13530065.html
Ready to Move | Hot Deal | Prime Location,"85,000",Yearly,1,2,835 sqft,"DAMAC Ghalia, JVC District 18, Jumeirah Village Circle (JVC), Dubai",https://www.bayut.com/property/details-13586509.html
FULLY FURNISHED | GREAT AMENITIES | PRIME LOCATION,"55,000",Yearly,,1,328 sqft,"The Square Tower, JVC District 13, Jumeirah Village Circle (JVC), Dubai",https://www.bayut.com/property/details-13537406.html
Fully Furnished | Great Location | Call Now,"89,999",Yearly,1,2,766 sqft,"Beverly Residence, JVC District 13, Jumeirah Village Circle (JVC), Dubai",https://www.bayut.com/property/details-13536875.html
Luma21: Elegant 1 BR Apartment in JVC with Modern Amenities,"85,000",Yearly,1,1,620 sqft,"Luma21, JVC District 14, Jumeirah Village Circle (JVC), Dubai",https://www.bayut.com/property/details-13533297.html
ELEGANT BR | BIGGER LAYOUT | HIGH FLOOR | FLEXIBLE PAYMENT,"89,999",Yearly,1,2,928 sqft,"Hameni Residence, JVC District 15, Jumeirah Village Circle (JVC), Dubai",https://www.bayut.com/property/details-13601023.html
Brand New | Ready to Move In | Comfort Living,"90,000",Yearly,1,2,786 sqft,"Binghatti Aurora, JVC District 12, Jumeirah Village Circle (JVC), Dubai",https://www.bayut.com/property/details-13534674.html
Luxury Furnished 1br | Pool View | Ready to Move | Up to 6 Cheques,"85,000",Yearly,1,2,673 sqft,"Binghatti Corner, JVC District 10, Jumeirah Village Circle (JVC), Dubai",https://www.bayut.com/property/details-13504431.html
Available! Perfect QUality! Great Layout,"47,997",Yearly,,1,405 sqft,"Serenity Lakes 5, JVC District 10, Jumeirah Village Circle (JVC), Dubai",https://www.bayut.com/property/details-11127353.html
Fully Furnished | Higher Floor | Community View,"56,000",Yearly,,1,327 sqft,"The Square Tower, JVC District 13, Jumeirah Village Circle (JVC), Dubai",https://www.bayut.com/property/details-13522477.html
Pool View | Brand New | Bright and Spacious,"80,000",Yearly,1,2,702 sqft,"Binghatti Azure, JVC District 16, Jumeirah Village Circle (JVC), Dubai",https://www.bayut.com/property/details-13519674.html
SPCAIOUS STUDIO | WELL MAINTAINED | READY TO MOVE,"55,000",Yearly,,1,328 sqft,"The Square Tower, JVC District 13, Jumeirah Village Circle (JVC), Dubai",https://www.bayut.com/property/details-13502707.html
Brand New 1BR | Modern Living | Good Amenities | Premium Building,"85,000",Yearly,1,2,797 sqft,"Binghatti Phoenix, JVC District 13, Jumeirah Village Circle (JVC), Dubai",https://www.bayut.com/property/details-13500747.html
CORNER | MULTIPLE UNITS | BRAND NEW,"95,000",Yearly,1,2,704 sqft,"Binghatti Onyx, JVC District 15, Jumeirah Village Circle (JVC), Dubai",https://www.bayut.com/property/details-11688221.html
Garden View | Prime Location | Call Now,"68,000",Yearly,,1,467 sqft,"West Tower, Luma 22, JVC District 10, Jumeirah Village Circle (JVC), Dubai",https://www.bayut.com/property/details-13518367.html
1BR-Private Pool | High Floor | Multiple Units,"110,000",Yearly,1,1,795 sqft,"Binghatti Phantom, JVC District 17, Jumeirah Village Circle (JVC), Dubai",https://www.bayut.com/property/details-13510637.html
Spacious 1 Bedroom | High-Quality Finish | Prime JVC Location,"75,000",Yearly,1,2,866 sqft,"Marwa Heights, JVC District 15, Jumeirah Village Circle (JVC), Dubai",https://www.bayut.com/property/details-13505530.html
Modern Finishing Unit I Fully Furnished I ready to move,"49,999",Yearly,,1,380 sqft,"Milano by Giovanni Boutique Suites, JVC District 17, Jumeirah Village Circle (JVC), Dubai",https://www.bayut.com/property/details-13470226.html
Fully Furnished | Prime Location | Call Now,"149,990",Yearly,2,3,"1,091 sqft","Binghatti Emerald, JVC District 15, Jumeirah Village Circle (JVC), Dubai",https://www.bayut.com/property/details-13522070.html
Brand New | Fitted Kitchen | Move In Ready,"85,000",Yearly,1,2,790 sqft,"Binghatti Aurora, JVC District 12, Jumeirah Village Circle (JVC), Dubai",https://www.bayut.com/property/details-13497385.html
2BHK+Maid | High Floor | Pool View,"145,000",Yearly,2,2,"1,238 sqft","H Three By Aurora, JVC District 11, Jumeirah Village Circle (JVC), Dubai",https://www.bayut.com/property/details-11757217.html
Close to Circle Mall | Bright Layout | 04 Cheques,"90,000",Yearly,2,2,"1,105 sqft","Dune Residency, JVC District 17, Jumeirah Village Circle (JVC), Dubai",https://www.bayut.com/property/details-13544011.html
1 plus maid | best ammenities | spacious,"69,999",Yearly,1,2,"1,004 sqft","Al Waseem Residences, JVC District 11, Jumeirah Village Circle (JVC), Dubai",https://www.bayut.com/property/details-13538133.html
Spacious 2BR I Bright Unit | Modern Layout I With Fitted Kitchen,"120,000",Yearly,2,3,"1,268 sqft","SH Living 1, JVC District 14, Jumeirah Village Circle (JVC), Dubai",https://www.bayut.com/property/details-13534104.html
Spacious | Vacant | Best Price,"78,000",Yearly,1,2,"1,059 sqft","Serenity Lakes 5, JVC District 10, Jumeirah Village Circle (JVC), Dubai",https://www.bayut.com/property/details-13529446.html
3 BEDROOM+ MAID | POOL VIEW | PRIME LOCATION,"162,000",Yearly,3,4,"1,460 sqft","Beverly Residence, JVC District 13, Jumeirah Village Circle (JVC), Dubai",https://www.bayut.com/property/details-13507519.html
Modern Studio | Vacant | Ideal for Comfortable Urban Living,"50,000",Yearly,,1,394 sqft,"The Square Tower, JVC District 13, Jumeirah Village Circle (JVC), Dubai",https://www.bayut.com/property/details-13477367.html
Vacant | High Floor | No Construction Noise,"75,000",Yearly,1,2,819 sqft,"O2 Tower, JVC District 14, Jumeirah Village Circle (JVC), Dubai",https://www.bayut.com/property/details-11760530.html
Spacious 2-Bedroom Apartment| Elegant Living in Westview Garden,"130,000",Yearly,2,3,"1,470 sqft","Westview Garden, JVC District 15, Jumeirah Village Circle (JVC), Dubai",https://www.bayut.com/property/details-13539004.html
LUXURY SPACIOUS MODERN 2 BEDROOM / CLOSE KITCHEN/ READY TO MOVE,"122,000",Yearly,2,3,"1,300 sqft","SH Living 1, JVC District 14, Jumeirah Village Circle (JVC), Dubai",https://www.bayut.com/property/details-13521057.html
Brand New | POOL VIEW | Best Offer,"60,000",Yearly,,1,389 sqft,"Binghatti Aurora, JVC District 12, Jumeirah Village Circle (JVC), Dubai",https://www.bayut.com/property/details-13517429.html
Modern 1BHK+ Study I Vacant | Pool View,"105,000",Yearly,1,2,824 sqft,"H Three By Aurora, JVC District 11, Jumeirah Village Circle (JVC), Dubai",https://www.bayut.com/property/details-11730433.html
Villas View | Prime Location | Spacious,"94,999",Yearly,1,2,941 sqft,"Binghatti Galaxy Tower A, Binghatti Galaxy, JVC District 11, Jumeirah Village Circle (JVC), Dubai",https://www.bayut.com/property/details-13549053.html
Prime Location | 12 Cheques with All Utilities Included,"65,000",Yearly,,1,483 sqft,"Maple 1, Emirates Gardens 2, JVC District 14, Jumeirah Village Circle (JVC), Dubai",https://www.bayut.com/property/details-13552532.html
Good Condition | Ready to Move | Pool View,"85,000",Yearly,1,2,794 sqft,"Binghatti Phoenix, JVC District 13, Jumeirah Village Circle (JVC), Dubai",https://www.bayut.com/property/details-13550836.html
Including Bills | Fully Furnished | Prime Location,"65,000",Yearly,,1,483 sqft,"Maple 1, Emirates Gardens 2, JVC District 14, Jumeirah Village Circle (JVC), Dubai",https://www.bayut.com/property/details-13548611.html
Fully Furnished I Modern Layout I,"100,000",Yearly,1,2,790 sqft,"Belgravia Square, JVC District 14, Jumeirah Village Circle (JVC), Dubai",https://www.bayut.com/property/details-11776220.html
High Floor | Near Exit | Community Park View,"55,000",Yearly,,1,416 sqft,"DAMAC Ghalia, JVC District 18, Jumeirah Village Circle (JVC), Dubai",https://www.bayut.com/property/details-13590226.html
Furnished| Ready to Move In | Prime Location,"90,000",Yearly,1,1,764 sqft,"Binghatti Phoenix, JVC District 13, Jumeirah Village Circle (JVC), Dubai",https://www.bayut.com/property/details-13586264.html
3BHK + MAID ROOM | NEAR TO CIRCLE MALL | BEST AMENITIES,"150,000",Yearly,3,4,"1,566 sqft","Dune Residency, JVC District 17, Jumeirah Village Circle (JVC), Dubai",https://www.bayut.com/property/details-13583602.html
1BR | Private Pool | Unfurnished | Ready to Move In,"105,000",Yearly,1,1,796 sqft,"Binghatti Phantom, JVC District 17, Jumeirah Village Circle (JVC), Dubai",https://www.bayut.com/property/details-13585246.html
All Bills Included | 12 Cheques | Maid Room,"230,000",Yearly,2,3,"2,545 sqft","Hyati Residence, JVC District 14, Jumeirah Village Circle (JVC), Dubai",https://www.bayut.com/property/details-13584476.html
Spacious|Near JSS| Available 31st Dec| 1-2 cheqs|,"65,000",Yearly,1,2,819 sqft,"Le Grand Chateau C, Le Grand Chateau, JVC District 10, Jumeirah Village Circle (JVC), Dubai",https://www.bayut.com/property/details-13579042.html
VACANT / READY / BALCONY / PARKING,"47,000",Yearly,,1,381 sqft,"Serenity Lakes 5, JVC District 10, Jumeirah Village Circle (JVC), Dubai",https://www.bayut.com/property/details-13606102.html
1BR Fully Furnished | Ready to Move | 90k 12 Cheques | with Bills,"90,000",Yearly,1,1,659 sqft,"Binghatti Rose, JVC District 15, Jumeirah Village Circle (JVC), Dubai",https://www.bayut.com/property/details-13584296.html
Furnished Studio | Equipped Kitchen | Balcony,"55,000",Yearly,,1,373 sqft,"Aria Residence, JVC District 14, Jumeirah Village Circle (JVC), Dubai",https://www.bayut.com/property/details-13584113.html
High Floor - Fully Furnished - Ready to Movein,"49,999",Yearly,,1,328 sqft,"The Square Tower, JVC District 13, Jumeirah Village Circle (JVC), Dubai",https://www.bayut.com/property/details-13552121.html
1 Bedroom | Modern Furnished | Ready to Move,"90,000",Yearly,1,2,659 sqft,"Binghatti Rose, JVC District 15, Jumeirah Village Circle (JVC), Dubai",https://www.bayut.com/property/details-13604226.html
Fully furnished 1-bedroom apartment near the Circle — available in 1 cheque.,"62,000",Yearly,1,2,659 sqft,"Diamond Views III, JVC District 11, Jumeirah Village Circle (JVC), Dubai",https://www.bayut.com/property/details-13580718.html
Fully Furnished Studio | 12 Cheques| Including Bills,"70,000",Yearly,,1,483 sqft,"Maple 1, Emirates Gardens 2, JVC District 14, Jumeirah Village Circle (JVC), Dubai",https://www.bayut.com/property/details-13551872.html
2bhk Duplex |Rare Unit | Access To Pool,"129,950",Yearly,2,3,"2,559 sqft","Villa Myra, JVC District 15, Jumeirah Village Circle (JVC), Dubai",https://www.bayut.com/property/details-13549906.html
Premium furnished unit I Available in 12 cheques I Prime spot,"70,000",Yearly,,1,483 sqft,"Maple 1, Emirates Gardens 2, JVC District 14, Jumeirah Village Circle (JVC), Dubai",https://www.bayut.com/property/details-13549739.html
Spacious 1br | Private Pool | Fitted Kitchen,"105,000",Yearly,1,2,807 sqft,"Binghatti Royale, JVC District 18, Jumeirah Village Circle (JVC), Dubai",https://www.bayut.com/property/details-13545464.html
Bills Included | 12 Cheques | Upgraded & Spacious,"70,000",Yearly,,1,483 sqft,"Maple 1, Emirates Gardens 2, JVC District 14, Jumeirah Village Circle (JVC), Dubai",https://www.bayut.com/property/details-13544881.html
I Smart Home I Modern 1BR I Elegant Layout I Prime Location,"64,999",Yearly,1,2,975 sqft,"AAA Residence, JVC District 13, Jumeirah Village Circle (JVC), Dubai",https://www.bayut.com/property/details-13620599.html
Marina View | Fully Furnished | Near to Exit,"60,000",Yearly,,1,395 sqft,"Bloom Tower B, Bloom Towers, JVC District 10, Jumeirah Village Circle (JVC), Dubai",https://www.bayut.com/property/details-13589050.html
Duplex Unit - Elegant 3 BHK - Spacious Big Layout - Family Building,"160,000",Yearly,3,4,"3,255 sqft","Royal JVC Building, JVC District 10, Jumeirah Village Circle (JVC), Dubai",https://www.bayut.com/property/details-13578910.html
Fully Furnished I Luxurious 1BR | Smart Home I Ready to Move,"85,000",Yearly,1,2,638 sqft,"Binghatti Heights, JVC District 10, Jumeirah Village Circle (JVC), Dubai",https://www.bayut.com/property/details-13547063.html
1BHK+Maid | Open Kitchen | With Appliances,"100,000",Yearly,1,2,874 sqft,"H Three By Aurora, JVC District 11, Jumeirah Village Circle (JVC), Dubai",https://www.bayut.com/property/details-11811378.html
Ready to Move | Luxury Building | Hot Deal,"100,000",Yearly,1,2,838 sqft,"Luma Park Views, JVC District 14, Jumeirah Village Circle (JVC), Dubai",https://www.bayut.com/property/details-13601060.html
Open View | Modern Living | Prime Location,"75,000",Yearly,1,1,817 sqft,"SH Living 1, JVC District 14, Jumeirah Village Circle (JVC), Dubai",https://www.bayut.com/property/details-13597544.html
Modern living |Furnished Studio | 12 Cheques,"55,000",Yearly,,1,443 sqft,"DAMAC Ghalia, JVC District 18, Jumeirah Village Circle (JVC), Dubai",https://www.bayut.com/property/details-13593036.html
Semi furnished| Dishwasher| separate laundry,"149,999",Yearly,3,3,"1,205 sqft","Belgravia 2, JVC District 14, Jumeirah Village Circle (JVC), Dubai",https://www.bayut.com/property/details-13563261.html
MODERN LIVING | BIGGER LAYOUT | WELL MAINTAINED,"64,999",Yearly,1,2,978 sqft,"Lavender 2, Emirates Gardens, JVC District 12, Jumeirah Village Circle (JVC), Dubai",https://www.bayut.com/property/details-13599238.html
Spacious Unit | Vacant | Best Price,"47,999",Yearly,,1,415 sqft,"May Residence Tower 3, May Residence, JVC District 10, Jumeirah Village Circle (JVC), Dubai",https://www.bayut.com/property/details-13592809.html
Spacious layout | Ready to move |Multiple options,"90,000",Yearly,1,2,798 sqft,"Binghatti Phoenix, JVC District 13, Jumeirah Village Circle (JVC), Dubai",https://www.bayut.com/property/details-13586628.html
Community View | Prime Location | Spacious Unit,"78,000",Yearly,1,2,684 sqft,"Binghatti Corner, JVC District 10, Jumeirah Village Circle (JVC), Dubai",https://www.bayut.com/property/details-13618717.html
Brand New | Premium Quality | Spacious One|,"82,000",Yearly,1,2,785 sqft,"Binghatti Aurora, JVC District 12, Jumeirah Village Circle (JVC), Dubai",https://www.bayut.com/property/details-13599301.html
FULLY FURNISHED || VACANT STUDIO || FOR RENT || MOHTLY AS WELL,"65,000",Yearly,,1,411 sqft,"Sydney Tower, JVC District 18, Jumeirah Village Circle (JVC), Dubai",https://www.bayut.com/property/details-13585960.html
Ready to Move| Luxury Building | Elegant Apartment,"110,000",Yearly,1,2,849 sqft,"Luma Park Views, JVC District 14, Jumeirah Village Circle (JVC), Dubai",https://www.bayut.com/property/details-13600493.html
FULLY FURNISHED | LOW FLOOR | 1 BED + STUDY,"89,999",Yearly,1,2,940 sqft,"La Riviera Azure, JVC District 10, Jumeirah Village Circle (JVC), Dubai",https://www.bayut.com/property/details-13587790.html
Including Bills | Fully Furnished | Prime Location,"65,000",Yearly,,1,483 sqft,"Maple 1, Emirates Gardens 2, JVC District 14, Jumeirah Village Circle (JVC), Dubai",https://www.bayut.com/property/details-13548471.html
Apartment in Jumeirah Village Circle (JVC),"119,999",Yearly,2,3,"1,065 sqft","Dar Al Jawhara Residence, JVC District 13, Jumeirah Village Circle (JVC), Dubai",https://www.bayut.com/property/details-11757042.html
AMENITY VIEW I UNFURNISHED I BIG LAYOUT,"64,999",Yearly,1,2,786 sqft,"Plaza Residences, JVC District 13, Jumeirah Village Circle (JVC), Dubai",https://www.bayut.com/property/details-13586982.html
Brand New | Ready to Move | Affordable Price,"57,000",Yearly,,1,380 sqft,"Binghatti Aurora, JVC District 12, Jumeirah Village Circle (JVC), Dubai",https://www.bayut.com/property/details-13582046.html
3 Bedroom + Maids | Prime location | Ready to move,"186,000",Yearly,3,4,"1,461 sqft","Beverly Residence, JVC District 13, Jumeirah Village Circle (JVC), Dubai",https://www.bayut.com/property/details-13561140.html
FURNISHED I FLEXIBLE PAYMENT I READY TO MOVE,"69,999",Yearly,,1,483 sqft,"Maple 1, Emirates Gardens 2, JVC District 14, Jumeirah Village Circle (JVC), Dubai",https://www.bayut.com/property/details-13548464.html
Stunning Amenities | Bright Layout | Ready to Move,"65,000",Yearly,1,2,630 sqft,"Venus 1, JVC District 12, Jumeirah Village Circle (JVC), Dubai",https://www.bayut.com/property/details-13585169.html
Unfurnished | with balcony | Ready to move in,"40,000",Yearly,,1,379 sqft,"Kensington Manor, JVC District 13, Jumeirah Village Circle (JVC), Dubai",https://www.bayut.com/property/details-13631180.html
One Bedroom | Brand New | Unfurnished,"75,000",Yearly,1,2,904 sqft,"Alcove, JVC District 11, Jumeirah Village Circle (JVC), Dubai",https://www.bayut.com/property/details-13598790.html
ELEGANT 1 BHK - SPACIOUS LAYOUT - FAMILY BUILDING,"75,000",Yearly,1,1,753 sqft,"SH Living 1, JVC District 14, Jumeirah Village Circle (JVC), Dubai",https://www.bayut.com/property/details-13569992.html
Next to Exit | Private Pool | Ready to Move in,"105,000",Yearly,1,2,796 sqft,"Binghatti Phantom, JVC District 17, Jumeirah Village Circle (JVC), Dubai",https://www.bayut.com/property/details-13515166.html
Fully Furnished | Smart Home | Spacious Unit,"140,000",Yearly,2,2,"1,237 sqft","Binghatti Corner, JVC District 10, Jumeirah Village Circle (JVC), Dubai",https://www.bayut.com/property/details-13502509.html
Brand New | Available Now | Private Pool,"110,000",Yearly,1,2,796 sqft,"Binghatti Phantom, JVC District 17, Jumeirah Village Circle (JVC), Dubai",https://www.bayut.com/property/details-13583784.html
Exclusive Brandnew Semi Furnished 1BR Spacious Biggest Layout -Swimming Pool View,"89,900",Yearly,1,2,919 sqft,"Binghatti Aurora, JVC District 12, Jumeirah Village Circle (JVC), Dubai",https://www.bayut.com/property/details-13544517.html
2BHK + laundry room I Premium furnished unit I Available in 4 cheques I Prime spot,"140,000",Yearly,2,3,"1,236 sqft","SH Living 1, JVC District 14, Jumeirah Village Circle (JVC), Dubai",https://www.bayut.com/property/details-13537856.html
With Kitchen Appliances | 3BHK+Maid | 12 Cheques,"203,000",Yearly,3,4,"3,163 sqft","Alfa Villas, JVC District 13, Jumeirah Village Circle (JVC), Dubai",https://www.bayut.com/property/details-13534373.html
PARK View | Prime Location | Spacious Unit,"61,999",Yearly,,1,479 sqft,"Pantheon Elysee III, JVC District 15, Jumeirah Village Circle (JVC), Dubai",https://www.bayut.com/property/details-11794372.html
Brand New|Ready to move |Higher floor view Private,"210,000",Yearly,2,3,"1,855 sqft","Binghatti Royale, JVC District 18, Jumeirah Village Circle (JVC), Dubai",https://www.bayut.com/property/details-13587952.html
COMMUNITY VIEW I UNFURNISHED I SMART LAYOUT,"121,999",Yearly,2,2,"1,612 sqft","Binghatti Nova, JVC District 12, Jumeirah Village Circle (JVC), Dubai",https://www.bayut.com/property/details-13578776.html
PRIVATE POOL I AMENITY VIEW I HIGH FLOOR,"114,999",Yearly,1,2,795 sqft,"Binghatti Phantom, JVC District 17, Jumeirah Village Circle (JVC), Dubai",https://www.bayut.com/property/details-13564054.html
FULLY FURNISHED HOUSE | LOWEST IN THE MARKET | READY TO MOVE IN,"179,999",Yearly,5,6,"1,427 sqft","Autumn, Seasons Community, JVC District 15, Jumeirah Village Circle (JVC), Dubai",https://www.bayut.com/property/details-13541439.html
Fully Furnished | Prime Location | High Floor,"70,000",Yearly,1,2,675 sqft,"DAMAC Ghalia, JVC District 18, Jumeirah Village Circle (JVC), Dubai",https://www.bayut.com/property/details-13518183.html
Brand New | Private Pool | Bigger Layout,"105,000",Yearly,1,2,922 sqft,"Binghatti Royale, JVC District 18, Jumeirah Village Circle (JVC), Dubai",https://www.bayut.com/property/details-13508408.html
Specious | One Bedroom | Fitted Kitchen,"85,000",Yearly,1,2,730 sqft,"Binghatti Amber, JVC District 11, Jumeirah Village Circle (JVC), Dubai",https://www.bayut.com/property/details-13504739.html
Community View | Spacious | Ready To Move In,"140,000",Yearly,2,2,"1,420 sqft","Zaya Hameni, JVC District 15, Jumeirah Village Circle (JVC), Dubai",https://www.bayut.com/property/details-13503754.html
Fitted Kitchen | Brand New | Spacious Unit,"52,999",Yearly,,1,380 sqft,"Binghatti Aurora, JVC District 12, Jumeirah Village Circle (JVC), Dubai",https://www.bayut.com/property/details-13552145.html
Fully Furnished | Spacious 1bhk | Just Vacant,"80,000",Yearly,1,2,783 sqft,"Dune Residency, JVC District 17, Jumeirah Village Circle (JVC), Dubai",https://www.bayut.com/property/details-13544025.html
Fully Furnished | Great Finishing | Best Amenities,"79,995",Yearly,1,2,928 sqft,"Magnolia 2, Emirates Gardens 2, JVC District 14, Jumeirah Village Circle (JVC), Dubai",https://www.bayut.com/property/details-13533465.html
High Floor | Vacating Soon | Spacious | Exclusive,"71,999",Yearly,1,2,726 sqft,"La Riviera Apartments, JVC District 10, Jumeirah Village Circle (JVC), Dubai",https://www.bayut.com/property/details-13519203.html
Modern Lifestyle With Tranquil Park Views,"110,000",Yearly,1,2,849 sqft,"Luma Park Views, JVC District 14, Jumeirah Village Circle (JVC), Dubai",https://www.bayut.com/property/details-13502620.html
Pool View | Unfurnished | Studio |,"60,000",Yearly,,1,424 sqft,"Belgravia 3B, Belgravia 3, JVC District 15, Jumeirah Village Circle (JVC), Dubai",https://www.bayut.com/property/details-13571421.html
District 16 Villa for Rent – Spacious & Unique Layout,"265,000",Yearly,2,3,"8,494 sqft","JVC District 16, Jumeirah Village Circle (JVC), Dubai",https://www.bayut.com/property/details-13542867.html
Pool View | Fully Furnished | Premium Quality,"79,995",Yearly,1,2,928 sqft,"Magnolia 2, Emirates Gardens 2, JVC District 14, Jumeirah Village Circle (JVC), Dubai",https://www.bayut.com/property/details-13520419.html
Brand New | Unfurnished | Multiple options,"85,000",Yearly,1,2,797 sqft,"Binghatti Phoenix, JVC District 13, Jumeirah Village Circle (JVC), Dubai",https://www.bayut.com/property/details-13508880.html
Huge Layout| Spacious Terrace|Unfurnished,"143,000",Yearly,2,2,"1,348 sqft","Chaimaa Avenue Residences, JVC District 13, Jumeirah Village Circle (JVC), Dubai",https://www.bayut.com/property/details-13570158.html
Fully Furnished | Marina View | Huge Size,"125,000",Yearly,2,2,"1,237 sqft","Binghatti Corner, JVC District 10, Jumeirah Village Circle (JVC), Dubai",https://www.bayut.com/property/details-13503872.html
Large Terrace | Brand New | Fully Furnished,"110,000",Yearly,1,2,951 sqft,"Binghatti Galaxy Tower A, Binghatti Galaxy, JVC District 11, Jumeirah Village Circle (JVC), Dubai",https://www.bayut.com/property/details-13561211.html
Delighted | Massive Layout | Duplex 2BR With Open View,"130,000",Yearly,2,3,"1,942 sqft","Royal JVC Building, JVC District 10, Jumeirah Village Circle (JVC), Dubai",https://www.bayut.com/property/details-13544198.html
Spacious 2 BHK | Family | Al Barsha South,"115,000",Yearly,2,3,"1,463 sqft","Golden Homes Building, JVC District 15, Jumeirah Village Circle (JVC), Dubai",https://www.bayut.com/property/details-13542699.html
Corner Unit | Brand New 2BR + Maid | Modern Layout,"155,000",Yearly,2,3,"1,532 sqft","Al Serh Residences 11, JVC District 10, Jumeirah Village Circle (JVC), Dubai",https://www.bayut.com/property/details-13541039.html
Spacious Layout | High Floor | Vacant ready to move,"80,000",Yearly,1,2,783 sqft,"Dune Residency, JVC District 17, Jumeirah Village Circle (JVC), Dubai",https://www.bayut.com/property/details-13525813.html
Brand new one bed room in Binghatti Royale JVC @ 120k,"120,000",Yearly,1,2,921 sqft,"Binghatti Royale, JVC District 18, Jumeirah Village Circle (JVC), Dubai",https://www.bayut.com/property/details-13520326.html
Spacious 1BR | Modern Layout | Loci Residence JVC,"90,000",Yearly,1,1,"1,272 sqft","LOCI Residences, JVC District 14, Jumeirah Village Circle (JVC), Dubai",https://www.bayut.com/property/details-13509556.html
SPACIOUS HIGH FLOOR | MODERN| NEAR TO MALL,"160,000",Yearly,2,3,"1,484 sqft","The Vybe, JVC District 16, Jumeirah Village Circle (JVC), Dubai",https://www.bayut.com/property/details-13509025.html
Be The First Tenant | Furnished Studio | Ready,"75,000",Yearly,,1,541 sqft,"The Autograph, JVC District 10, Jumeirah Village Circle (JVC), Dubai",https://www.bayut.com/property/details-13503831.html
Marina View | Unfurnished 2 BR| Call Now,"114,999",Yearly,2,2,"1,253 sqft","Binghatti Corner, JVC District 10, Jumeirah Village Circle (JVC), Dubai",https://www.bayut.com/property/details-13582659.html
Duplex Unit - Elegant 3 BHK - Spacious Big Layout - Family Building,"160,000",Yearly,3,4,"3,255 sqft","Royal JVC Building, JVC District 10, Jumeirah Village Circle (JVC), Dubai",https://www.bayut.com/property/details-13542282.html
1 BHK | Family Friendly | Al Barsha South,"80,000",Yearly,1,2,"1,050 sqft","Golden Homes Building, JVC District 15, Jumeirah Village Circle (JVC), Dubai",https://www.bayut.com/property/details-13542256.html
Marina View/Vacant/Modern,"56,000",Yearly,,1,354 sqft,"Bloom Tower B, Bloom Towers, JVC District 10, Jumeirah Village Circle (JVC), Dubai",https://www.bayut.com/property/details-13559152.html
Modern | Spacious 2 Bed | Unfurnished,"135,000",Yearly,2,2,"1,162 sqft","Signature Livings South, Signature Livings, JVC District 10, Jumeirah Village Circle (JVC), Dubai",https://www.bayut.com/property/details-13542399.html
3 BHK DUPLEX | MAID ROOM | SPACIOUS,"160,000",Yearly,3,4,"3,255 sqft","Royal JVC Building, JVC District 10, Jumeirah Village Circle (JVC), Dubai",https://www.bayut.com/property/details-13541146.html
"Semi-Furnished Studio Near Retail and Parks, JVC","55,000",Yearly,,1,328 sqft,"The Square Tower, JVC District 13, Jumeirah Village Circle (JVC), Dubai",https://www.bayut.com/property/details-13507448.html
Pool View | Prime Location | Spacious Unit,"74,999",Yearly,1,2,685 sqft,"Binghatti Lavender, JVC District 10, Jumeirah Village Circle (JVC), Dubai",https://www.bayut.com/property/details-13498003.html
Brand new- Modern- 1 Bedroom Binghatti,"85,000",Yearly,1,2,743 sqft,"Binghatti Phoenix, JVC District 13, Jumeirah Village Circle (JVC), Dubai",https://www.bayut.com/property/details-13570949.html
Spacious 3-Bedroom | Park View | Closed Kitchen,"185,000",Yearly,3,4,"1,859 sqft","Westview Garden, JVC District 15, Jumeirah Village Circle (JVC), Dubai",https://www.bayut.com/property/details-13539013.html
Dubai Skyline View | Brand New | Fully Furnished,"100,000",Yearly,1,1,705 sqft,"Binghatti Orchid, JVC District 10, Jumeirah Village Circle (JVC), Dubai",https://www.bayut.com/property/details-13528228.html
Smart Home | Spacious | Brand New | Book Today |,"120,000",Yearly,2,2,"1,611 sqft","Binghatti Nova, JVC District 12, Jumeirah Village Circle (JVC), Dubai",https://www.bayut.com/property/details-13527865.html
Brand New | Vacant | Fitted Kitchen,"85,000",Yearly,1,2,756 sqft,"Binghatti Aurora, JVC District 12, Jumeirah Village Circle (JVC), Dubai",https://www.bayut.com/property/details-13525180.html
Spacious 3 Bed + Maid | Fully Furnished | Premium Family Living,"162,000",Yearly,3,3,"1,461 sqft","Beverly Residence, JVC District 13, Jumeirah Village Circle (JVC), Dubai",https://www.bayut.com/property/details-13517075.html
Large Unit | Brand New | Smart Homes | Ready Now,"88,000",Yearly,1,2,882 sqft,"Binghatti Lavender, JVC District 10, Jumeirah Village Circle (JVC), Dubai",https://www.bayut.com/property/details-13509563.html
Available for Rent from 1st January 2026,"120,000",Yearly,1,2,805 sqft,"Luma Park Views, JVC District 14, Jumeirah Village Circle (JVC), Dubai",https://www.bayut.com/property/details-13508369.html
Brand New | Furnished | Near Mall | Low Floor,"63,000",Yearly,,1,453 sqft,"Alef Noon Residence, JVC District 16, Jumeirah Village Circle (JVC), Dubai",https://www.bayut.com/property/details-13549900.html
Well Kept Unit | High Floor | Spacious Layout,"135,000",Yearly,1,2,"1,162 sqft","Signature Livings South, Signature Livings, JVC District 10, Jumeirah Village Circle (JVC), Dubai",https://www.bayut.com/property/details-13541953.html
Luxury Living | Park & Pool View | Ready to Move,"86,000",Yearly,1,2,799 sqft,"Binghatti Phoenix, JVC District 13, Jumeirah Village Circle (JVC), Dubai",https://www.bayut.com/property/details-13520862.html
2BR+Maid | Fully Furnished | Call Now,"239,999",Yearly,2,3,"2,545 sqft","Hyati Residence, JVC District 14, Jumeirah Village Circle (JVC), Dubai",https://www.bayut.com/property/details-11648227.html
POOL VIEW I UNFURNISHED I NEAR DUBAI MALL,"79,999",Yearly,1,2,694 sqft,"Binghatti Corner, JVC District 10, Jumeirah Village Circle (JVC), Dubai",https://www.bayut.com/property/details-13563318.html
Brand New |Spacious Layout |Mall View |Spacious,"155,000",Yearly,2,3,"1,721 sqft","Mass Residence, JVC District 11, Jumeirah Village Circle (JVC), Dubai",https://www.bayut.com/property/details-13546162.html
Fully Furnished | Prime Location | Vacant,"65,000",Yearly,,1,394 sqft,"Bloom Heights 1, Bloom Heights, JVC District 15, Jumeirah Village Circle (JVC), Dubai",https://www.bayut.com/property/details-13538097.html
Fully furnished | Well Maintained | Call Now,"89,999",Yearly,1,2,898 sqft,"Park View Tower, JVC District 14, Jumeirah Village Circle (JVC), Dubai",https://www.bayut.com/property/details-13531077.html
Specious one bed room in Binghatti Royale JVC @ 110k,"110,000",Yearly,1,2,807 sqft,"Binghatti Royale, JVC District 18, Jumeirah Village Circle (JVC), Dubai",https://www.bayut.com/property/details-13520046.html
Ready to Move | Luxury Apartment | Spacious,"75,000",Yearly,1,2,700 sqft,"Al Amir Residence, JVC District 11, Jumeirah Village Circle (JVC), Dubai",https://www.bayut.com/property/details-13518869.html
Brand New | High Floor | Private Pool,"105,000",Yearly,1,2,807 sqft,"Binghatti Royale, JVC District 18, Jumeirah Village Circle (JVC), Dubai",https://www.bayut.com/property/details-13505027.html
Pool View | Lower Floor | Ready to Move in,"110,000",Yearly,1,2,795 sqft,"Binghatti Phantom, JVC District 17, Jumeirah Village Circle (JVC), Dubai",https://www.bayut.com/property/details-13502722.html
1 bed | best ammenities | spacious,"70,000",Yearly,1,2,988 sqft,"Al Waseem Residences, JVC District 11, Jumeirah Village Circle (JVC), Dubai",https://www.bayut.com/property/details-13538101.html
Brand New | Private Pool | With Study | Pool View,"115,000",Yearly,1,2,920 sqft,"Binghatti Royale, JVC District 18, Jumeirah Village Circle (JVC), Dubai",https://www.bayut.com/property/details-13509023.html
Luxury Living | Furnished | All Bills Included,"100,000",Yearly,1,2,757 sqft,"Jeewar Apartments, JVC District 11, Jumeirah Village Circle (JVC), Dubai",https://www.bayut.com/property/details-13504827.html
Ready to Move | Brand New | Hot Deal,"60,000",Yearly,,1,380 sqft,"Binghatti Aurora, JVC District 12, Jumeirah Village Circle (JVC), Dubai",https://www.bayut.com/property/details-13551696.html
Pool View | Premium Finishing | Ready to Move In,"84,999",Yearly,1,1,707 sqft,"The Vybe, JVC District 16, Jumeirah Village Circle (JVC), Dubai",https://www.bayut.com/property/details-13499802.html
Unfurnished | 1BHK | Prime Location,"80,000",Yearly,1,2,701 sqft,"Empire Residence, JVC District 17, Jumeirah Village Circle (JVC), Dubai",https://www.bayut.com/property/details-13530783.html
Vacant | Fully Furnished | Bright Layout,"74,999",Yearly,1,2,537 sqft,"Harrington House, JVC District 14, Jumeirah Village Circle (JVC), Dubai",https://www.bayut.com/property/details-13517430.html
High Floor | Luxury Studio | Spacious Lay-out,"55,000",Yearly,,1,459 sqft,"Hadley Heights, JVC District 11, Jumeirah Village Circle (JVC), Dubai",https://www.bayut.com/property/details-13510033.html
Closed Kitchen | 2BHK | Vacant | Rent,"90,000",Yearly,2,3,"1,300 sqft","Al Zubaidi Residence, JVC District 10, Jumeirah Village Circle (JVC), Dubai",https://www.bayut.com/property/details-13536534.html
SPACIOUS LAYOUT | PRIME LOCATION | READY TO MOVE,"89,999",Yearly,1,2,766 sqft,"Beverly Residence, JVC District 13, Jumeirah Village Circle (JVC), Dubai",https://www.bayut.com/property/details-13546141.html
Community View | Prime Location | Spacious Unit,"120,000",Yearly,3,4,"1,277 sqft","Al Amir Residence, JVC District 11, Jumeirah Village Circle (JVC), Dubai",https://www.bayut.com/property/details-13550911.html
Fully Furnished ready to move call Today,"89,999",Yearly,1,2,815 sqft,"Belgravia 2, JVC District 14, Jumeirah Village Circle (JVC), Dubai",https://www.bayut.com/property/details-13532663.html
High Floor | Vacant | Furnished | Prime Location,"55,000",Yearly,,1,328 sqft,"The Square Tower, JVC District 13, Jumeirah Village Circle (JVC), Dubai",https://www.bayut.com/property/details-13545239.html
Luxury Furnished 1BHK | Brand New | Close to Mall,"98,000",Yearly,1,2,744 sqft,"Pearl House by Imtiaz, JVC District 13, Jumeirah Village Circle (JVC), Dubai",https://www.bayut.com/property/details-13551591.html
Ready To Move in / Prime Location / Modern Layout,"44,000",Yearly,,1,419 sqft,"The Square Tower, JVC District 13, Jumeirah Village Circle (JVC), Dubai",https://www.bayut.com/property/details-13587029.html
ELEGANT 2 BHK - SPACIOUS LAYOUT - PRIME LOCATION,"120,000",Yearly,2,3,"1,300 sqft","SH Living 1, JVC District 14, Jumeirah Village Circle (JVC), Dubai",https://www.bayut.com/property/details-13562264.html
Stylish 1BR with Balcony | Spacious | Prime JVC Location,"85,000",Yearly,1,2,930 sqft,"Plaza Residences Block B, Plaza Residences, JVC District 13, Jumeirah Village Circle (JVC), Dubai",https://www.bayut.com/property/details-13540349.html
Fully Furnished | Prime Location | Pool View,"65,000",Yearly,,1,459 sqft,"Al Serh Residences 11, JVC District 10, Jumeirah Village Circle (JVC), Dubai",https://www.bayut.com/property/details-13581779.html
Brand New Apt | Park View | Biggest layout,"75,000",Yearly,1,2,621 sqft,"Binghatti Tulip, JVC District 11, Jumeirah Village Circle (JVC), Dubai",https://www.bayut.com/property/details-11795464.html
Pool view | Vacant Soon | Spacious Layout,"84,000",Yearly,2,2,"1,010 sqft","Diamond Views 1, JVC District 14, Jumeirah Village Circle (JVC), Dubai",https://www.bayut.com/property/details-13605391.html
BRAND NEW 1 BR + MAID | HUGE LAYOUT | PRIVATE POOL,"104,999",Yearly,1,2,921 sqft,"Binghatti Royale, JVC District 18, Jumeirah Village Circle (JVC), Dubai",https://www.bayut.com/property/details-13595745.html
BIGGER LAYOUT | POOL VIEW | PRIVATE POOL | PREMIUM,"109,999",Yearly,1,2,922 sqft,"Binghatti Royale, JVC District 18, Jumeirah Village Circle (JVC), Dubai",https://www.bayut.com/property/details-13595474.html
Spacious 1BR / Well Maintained / Move In Ready Now,"68,000",Yearly,1,2,799 sqft,"Regina Tower, JVC District 12, Jumeirah Village Circle (JVC), Dubai",https://www.bayut.com/property/details-13592310.html
Fully Furnish | Best Layout | Ready to Move In,"90,000",Yearly,1,2,698 sqft,"Binghatti Corner, JVC District 10, Jumeirah Village Circle (JVC), Dubai",https://www.bayut.com/property/details-13578982.html
SPACIOUS PRIVATE POOL TERRACE 3BHK STORAGE,"200,000",Yearly,3,5,"2,664 sqft","SH Living 1, JVC District 14, Jumeirah Village Circle (JVC), Dubai",https://www.bayut.com/property/details-13549368.html
FULLY FURNISHED | FULLY UPGRADED | VACANT,"110,000",Yearly,1,2,940 sqft,"Binghatti Corner, JVC District 10, Jumeirah Village Circle (JVC), Dubai",https://www.bayut.com/property/details-13581740.html
Fully Furnished | 6800 Monthly | With Bills,"80,000",Yearly,,1,420 sqft,"Crystal Residence, JVC District 11, Jumeirah Village Circle (JVC), Dubai",https://www.bayut.com/property/details-13492166.html
Fitted Kitchen | 1BR + Study | Private Pool,"114,999",Yearly,1,2,921 sqft,"Binghatti Royale, JVC District 18, Jumeirah Village Circle (JVC), Dubai",https://www.bayut.com/property/details-13591967.html
Community View | High End Quality | Prime Location,"67,995",Yearly,1,2,"1,008 sqft","Gardenia 2, Emirates Gardens, JVC District 12, Jumeirah Village Circle (JVC), Dubai",https://www.bayut.com/property/details-13583495.html
Private Pool l Fully Furnished l Hotel Apartment,"220,000",Yearly,2,2,"2,798 sqft","FIVE Jumeirah Village, JVC District 14, Jumeirah Village Circle (JVC), Dubai",https://www.bayut.com/property/details-13543149.html
ELEGANT 1 BR | PRIVATE POOL | BIG LAYOUT | VACANT,"99,999",Yearly,1,2,807 sqft,"Binghatti Royale, JVC District 18, Jumeirah Village Circle (JVC), Dubai",https://www.bayut.com/property/details-13596115.html
Studio | Fully Furnished | Luxury Layout,"65,000",Yearly,,1,370 sqft,"Bloom Tower C, Bloom Towers, JVC District 10, Jumeirah Village Circle (JVC), Dubai",https://www.bayut.com/property/details-13562258.html
ELEGANT 1 BHK - SPACIOUS LAYOUT - FAMILY BUILDING,"75,000",Yearly,1,2,714 sqft,"SH Living 1, JVC District 14, Jumeirah Village Circle (JVC), Dubai",https://www.bayut.com/property/details-13562205.html
2 Bhk duplex | Huge layout| Ready to Move,"130,000",Yearly,2,3,"1,942 sqft","Royal JVC Building, JVC District 10, Jumeirah Village Circle (JVC), Dubai",https://www.bayut.com/property/details-13549997.html
2BHK+Study Room | High Floor | Spacious,"125,000",Yearly,2,3,"1,186 sqft","Avanos Residence, JVC District 10, Jumeirah Village Circle (JVC), Dubai",https://www.bayut.com/property/details-13548026.html
Luxurious | Never Lived In | On High Floor,"80,000",Yearly,1,2,677 sqft,"Binghatti Azure, JVC District 16, Jumeirah Village Circle (JVC), Dubai",https://www.bayut.com/property/details-13547950.html
New | Vacant | Fully Furnished | Multiple Options,"99,999",Yearly,1,2,802 sqft,"Pearl House by Imtiaz, JVC District 13, Jumeirah Village Circle (JVC), Dubai",https://www.bayut.com/property/details-13547348.html
High Floor | Spacious | Marina View | 2 Beds,"120,000",Yearly,2,2,"1,236 sqft","Binghatti Corner, JVC District 10, Jumeirah Village Circle (JVC), Dubai",https://www.bayut.com/property/details-13541500.html
SPACIOUS STUDIO | NEAR SCHOOL | NEAR EXIT,"44,999",Yearly,,1,422 sqft,"May Residence Tower 4, May Residence, JVC District 10, Jumeirah Village Circle (JVC), Dubai",https://www.bayut.com/property/details-13538501.html
FULLY FURNISHED | 1BR WITH BALCONY | PRIME LOCATION,"65,000",Yearly,1,2,844 sqft,"Sandhurst House, JVC District 10, Jumeirah Village Circle (JVC), Dubai",https://www.bayut.com/property/details-13542804.html
Best price I Dewa Chiller I Near Park,"38,999",Yearly,,1,307 sqft,"Knightsbridge Court, JVC District 13, Jumeirah Village Circle (JVC), Dubai",https://www.bayut.com/property/details-13537128.html
Brand New 3 Bedroom + Pool I Spacious Layout I Book Today,"200,000",Yearly,3,4,"2,664 sqft","SH Living 1, JVC District 14, Jumeirah Village Circle (JVC), Dubai",https://www.bayut.com/property/details-13546055.html
Unfurnished | Multiple Payments | Vacant,"55,000",Yearly,1,2,669 sqft,"Autumn 2 Block A, Autumn, Seasons Community, JVC District 15, Jumeirah Village Circle (JVC), Dubai",https://www.bayut.com/property/details-13580738.html
1 bed | best ammenities | spacious,"75,000",Yearly,1,2,657 sqft,"Binghatti Gate, JVC District 15, Jumeirah Village Circle (JVC), Dubai",https://www.bayut.com/property/details-13530275.html
1 bhk Apartment | with best ammenities | Road view,"75,000",Yearly,1,2,657 sqft,"Binghatti Gate, JVC District 15, Jumeirah Village Circle (JVC), Dubai",https://www.bayut.com/property/details-13530065.html
Ready to Move | Hot Deal | Prime Location,"85,000",Yearly,1,2,835 sqft,"DAMAC Ghalia, JVC District 18, Jumeirah Village Circle (JVC), Dubai",https://www.bayut.com/property/details-13586509.html
FULLY FURNISHED | GREAT AMENITIES | PRIME LOCATION,"55,000",Yearly,,1,328 sqft,"The Square Tower, JVC District 13, Jumeirah Village Circle (JVC), Dubai",https://www.bayut.com/property/details-13537406.html
Fully Furnished | Great Location | Call Now,"89,999",Yearly,1,2,766 sqft,"Beverly Residence, JVC District 13, Jumeirah Village Circle (JVC), Dubai",https://www.bayut.com/property/details-13536875.html
Luma21: Elegant 1 BR Apartment in JVC with Modern Amenities,"85,000",Yearly,1,1,620 sqft,"Luma21, JVC District 14, Jumeirah Village Circle (JVC), Dubai",https://www.bayut.com/property/details-13533297.html
Brand New | Ready to Move In | Comfort Living,"90,000",Yearly,1,2,786 sqft,"Binghatti Aurora, JVC District 12, Jumeirah Village Circle (JVC), Dubai",https://www.bayut.com/property/details-13534674.html
Luxury Furnished 1br | Pool View | Ready to Move | Up to 6 Cheques,"85,000",Yearly,1,2,673 sqft,"Binghatti Corner, JVC District 10, Jumeirah Village Circle (JVC), Dubai",https://www.bayut.com/property/details-13504431.html
Available! Perfect QUality! Great Layout,"47,997",Yearly,,1,405 sqft,"Serenity Lakes 5, JVC District 10, Jumeirah Village Circle (JVC), Dubai",https://www.bayut.com/property/details-11127353.html
High ROI | Private Pool | Prime Location,"110,000",Yearly,1,2,795 sqft,"Binghatti Phantom, JVC District 17, Jumeirah Village Circle (JVC), Dubai",https://www.bayut.com/property/details-13600561.html
Open View - Vacant - Modern,"72,000",Yearly,1,1,672 sqft,"Bloom Tower B, Bloom Towers, JVC District 10, Jumeirah Village Circle (JVC), Dubai",https://www.bayut.com/property/details-13559446.html
Modern 1-Bedroom | Bright & Comfortable Layout,"73,000",Yearly,1,2,734 sqft,"Bloom Heights 1, Bloom Heights, JVC District 15, Jumeirah Village Circle (JVC), Dubai",https://www.bayut.com/property/details-13586548.html
Beautiful & Bright Apartment I Well Maintained I Ready to Move-In,"70,000",Yearly,1,2,957 sqft,"Dune Residency, JVC District 17, Jumeirah Village Circle (JVC), Dubai",https://www.bayut.com/property/details-13552633.html
FULLY FURNISHED | GROUNDFLOOR | DIRECT ACCESS TO POOL,"130,000",Yearly,1,2,985 sqft,"Belgravia Square, JVC District 14, Jumeirah Village Circle (JVC), Dubai",https://www.bayut.com/property/details-13509858.html
Ready to Move | Brand New Unit | Unfurnished,"85,000",Yearly,1,2,785 sqft,"Binghatti Aurora, JVC District 12, Jumeirah Village Circle (JVC), Dubai",https://www.bayut.com/property/details-13579123.html
3 B/R | WITH PRIVATE POOL/ OPEN KITCHEN/WITH MAID ROOM/ READY TO MOVE,"200,000",Yearly,3,5,"2,664 sqft","SH Living 1, JVC District 14, Jumeirah Village Circle (JVC), Dubai",https://www.bayut.com/property/details-13554701.html
1 bhk Apartment | Prime Location | Call Now,"75,000",Yearly,1,2,700 sqft,"Al Amir Residence, JVC District 11, Jumeirah Village Circle (JVC), Dubai",https://www.bayut.com/property/details-13550711.html
Brand new 1Br | Private pool | Prime Location,"105,000",Yearly,1,2,807 sqft,"Binghatti Royale, JVC District 18, Jumeirah Village Circle (JVC), Dubai",https://www.bayut.com/property/details-13526035.html
Private Pool | Maids Room | Large Layout,"300,000",Yearly,4,5,"1,679 sqft","La Perla Homes 10, JVC District 10, Jumeirah Village Circle (JVC), Dubai",https://www.bayut.com/property/details-13554658.html
Modern Finishes 1 Bed I Elegant Living I Prime Location,"59,990",Yearly,1,2,787 sqft,"Royal JVC Building, JVC District 10, Jumeirah Village Circle (JVC), Dubai",https://www.bayut.com/property/details-13544905.html
Most Luxury 1BHK | Private Pool | Grab Now,"120,000",Yearly,1,2,796 sqft,"Binghatti Phantom, JVC District 17, Jumeirah Village Circle (JVC), Dubai",https://www.bayut.com/property/details-13579870.html
Garden View | Elegant Furnishing | Prime Location,"80,000",Yearly,1,2,745 sqft,"Bloom Heights 2, Bloom Heights, JVC District 15, Jumeirah Village Circle (JVC), Dubai",https://www.bayut.com/property/details-13551476.html
Fitted Kitchen | Pool View | Modern Layout,"69,999",Yearly,1,2,822 sqft,"Oxford Building, JVC District 14, Jumeirah Village Circle (JVC), Dubai",https://www.bayut.com/property/details-13546163.html
Ava 15th Jan | Smart Home | Prime Location,"69,000",Yearly,1,1,632 sqft,"Binghatti Crest, JVC District 13, Jumeirah Village Circle (JVC), Dubai",https://www.bayut.com/property/details-13583789.html
Luxury 1BR Apartment in JVC I Fitted Appliances I Comfortable Living,"75,000",Yearly,1,2,576 sqft,"Binghatti Venus, JVC District 13, Jumeirah Village Circle (JVC), Dubai",https://www.bayut.com/property/details-13552422.html
1 bhk Apartment | with best ammenities | Community View,"65,000",Yearly,1,2,978 sqft,"Lavender 2, Emirates Gardens, JVC District 12, Jumeirah Village Circle (JVC), Dubai",https://www.bayut.com/property/details-13550320.html
1 bhk Apartment | with best ammenities | Community View,"65,000",Yearly,1,2,978 sqft,"Lavender 2, Emirates Gardens, JVC District 12, Jumeirah Village Circle (JVC), Dubai",https://www.bayut.com/property/details-13550305.html
Stylish & Spacious | Separate Kitchen I Marina View,"75,000",Yearly,1,2,731 sqft,"Bloom Tower B, Bloom Towers, JVC District 10, Jumeirah Village Circle (JVC), Dubai",https://www.bayut.com/property/details-13537396.html
Exclusive | Large Layout | Vacant,"170,000",Yearly,2,2,"1,885 sqft","Zaya Hameni, JVC District 15, Jumeirah Village Circle (JVC), Dubai",https://www.bayut.com/property/details-13518823.html
Ready to Move | On High Floor | Pool View,"80,000",Yearly,1,2,678 sqft,"Binghatti Azure, JVC District 16, Jumeirah Village Circle (JVC), Dubai",https://www.bayut.com/property/details-13548994.html
Brand New | Ready to Move | On High Floor,"60,000",Yearly,,1,380 sqft,"Binghatti Aurora, JVC District 12, Jumeirah Village Circle (JVC), Dubai",https://www.bayut.com/property/details-13552648.html
Studio Apartment | with best ammenities | Road view,"54,999",Yearly,,1,492 sqft,"Dune Residency, JVC District 17, Jumeirah Village Circle (JVC), Dubai",https://www.bayut.com/property/details-13538552.html
Exclusive Brand-New| 4-Cheques | Studio with Smart Features |Open View,"53,000",Yearly,,1,380 sqft,"Binghatti Aurora, JVC District 12, Jumeirah Village Circle (JVC), Dubai",https://www.bayut.com/property/details-13560345.html
High Floor - Pets Allowed - Ready to Movein,"72,000",Yearly,1,2,711 sqft,"Jeewar Apartments, JVC District 11, Jumeirah Village Circle (JVC), Dubai",https://www.bayut.com/property/details-13557249.html
Brand New | Ready to Move | Pool View,"80,000",Yearly,1,2,746 sqft,"Binghatti Azure, JVC District 16, Jumeirah Village Circle (JVC), Dubai",https://www.bayut.com/property/details-13547550.html
Limited Offer | Fully Furnished | 1BR With Open View,"65,000",Yearly,1,2,845 sqft,"Sandhurst House, JVC District 10, Jumeirah Village Circle (JVC), Dubai",https://www.bayut.com/property/details-13544247.html
Community View | Prime Location | Spacious Unit,"100,000",Yearly,1,2,805 sqft,"The Sloane by Belgravia Heights, JVC District 12, Jumeirah Village Circle (JVC), Dubai",https://www.bayut.com/property/details-13514080.html
Elegant and Spacious | Fully furnished | Closed Kitchen,"80,000",Yearly,1,2,810 sqft,"O2 Tower, JVC District 14, Jumeirah Village Circle (JVC), Dubai",https://www.bayut.com/property/details-13601578.html
LUXURY SPACIOUS MODERN 2 BEDROOM / CLOSE KITCHEN/ READY TO MOVE,"122,000",Yearly,2,3,"1,300 sqft","SH Living 1, JVC District 14, Jumeirah Village Circle (JVC), Dubai",https://www.bayut.com/property/details-13521057.html
Brand New | POOL VIEW | Best Offer,"60,000",Yearly,,1,389 sqft,"Binghatti Aurora, JVC District 12, Jumeirah Village Circle (JVC), Dubai",https://www.bayut.com/property/details-13517429.html
Modern 1BHK+ Study I Vacant | Pool View,"105,000",Yearly,1,2,824 sqft,"H Three By Aurora, JVC District 11, Jumeirah Village Circle (JVC), Dubai",https://www.bayut.com/property/details-11730433.html
Villas View | Prime Location | Spacious,"94,999",Yearly,1,2,941 sqft,"Binghatti Galaxy Tower A, Binghatti Galaxy, JVC District 11, Jumeirah Village Circle (JVC), Dubai",https://www.bayut.com/property/details-13549053.html
Spacious 1 Bedroom | Balcony | Community View,"60,000",Yearly,1,2,787 sqft,"Royal JVC Building, JVC District 10, Jumeirah Village Circle (JVC), Dubai",https://www.bayut.com/property/details-13540067.html
Spacious 1BR | Fully Furnished | Well Maintained | Monthly 8.5K | Prime Location,"75,000",Yearly,1,2,752 sqft,"GMM Tower 1, JVC District 12, Jumeirah Village Circle (JVC), Dubai",https://www.bayut.com/property/details-13534939.html
Brand New | Smart Home | Private Pool,"110,000",Yearly,1,2,795 sqft,"Binghatti Phantom, JVC District 17, Jumeirah Village Circle (JVC), Dubai",https://www.bayut.com/property/details-13570524.html
Brand New | Nice View | Smart Home,"100,000",Yearly,1,2,797 sqft,"Binghatti Phantom, JVC District 17, Jumeirah Village Circle (JVC), Dubai",https://www.bayut.com/property/details-13570459.html
1 bed | best ammenities | spacious,"69,999",Yearly,1,2,986 sqft,"Al Waseem Residences, JVC District 11, Jumeirah Village Circle (JVC), Dubai",https://www.bayut.com/property/details-13538066.html
Corner Villa | 4BHK+Maid | Roof Access,"235,000",Yearly,4,5,"2,704 sqft","Iris Park, JVC District 15, Jumeirah Village Circle (JVC), Dubai",https://www.bayut.com/property/details-13534532.html
Furnished 1 bhk | Community View | Ready to Move In,"139,990",Yearly,2,3,"1,080 sqft","Binghatti Venus, JVC District 13, Jumeirah Village Circle (JVC), Dubai",https://www.bayut.com/property/details-13508209.html
High Floor | Ready To Move In | Brand New,"100,000",Yearly,1,2,795 sqft,"Binghatti Phantom, JVC District 17, Jumeirah Village Circle (JVC), Dubai",https://www.bayut.com/property/details-13497508.html
Spacious Studio | Free WIFI | Brand New,"68,000",Yearly,,1,540 sqft,"Herad Tower, JVC District 18, Jumeirah Village Circle (JVC), Dubai",https://www.bayut.com/property/details-13516776.html
Park View l Best Layout l Upscale Living,"77,000",Yearly,1,1,694 sqft,"Pantheon Elysee III, JVC District 15, Jumeirah Village Circle (JVC), Dubai",https://www.bayut.com/property/details-13516703.html
Ideal for Solo | Prime Location | Vacant,"55,000",Yearly,,1,392 sqft,"Binghatti Azure, JVC District 16, Jumeirah Village Circle (JVC), Dubai",https://www.bayut.com/property/details-13510086.html
1 bhk Apartment | with best ammenities | Call Now,"89,999",Yearly,1,2,789 sqft,"Binghatti Aurora, JVC District 12, Jumeirah Village Circle (JVC), Dubai",https://www.bayut.com/property/details-13506734.html
1 BEDROOM | SPECIOUS LAYOUT | READY TO MOVE | AUTUMN,"65,000",Yearly,1,2,975 sqft,"Autumn 2 Block A, Autumn, Seasons Community, JVC District 15, Jumeirah Village Circle (JVC), Dubai",https://www.bayut.com/property/details-13526488.html
Spacious 1BHK | Huge Layout | Prime Location,"84,999",Yearly,1,2,917 sqft,"Binghatti Aurora, JVC District 12, Jumeirah Village Circle (JVC), Dubai",https://www.bayut.com/property/details-13505576.html
Furnished Studio | Well Maintained | Ready to Move In,"50,000",Yearly,,1,394 sqft,"The Square Tower, JVC District 13, Jumeirah Village Circle (JVC), Dubai",https://www.bayut.com/property/details-13477221.html
Spacious Layout | Private Pool | Hot Deal,"175,000",Yearly,2,2,"1,716 sqft","Binghatti Onyx, JVC District 15, Jumeirah Village Circle (JVC), Dubai",https://www.bayut.com/property/details-13471674.html
Fully furnished I Ready to move in I With private garden,"320,000",Yearly,4,4,"2,261 sqft","Casa Luxo, JVC District 12, Jumeirah Village Circle (JVC), Dubai",https://www.bayut.com/property/details-13548769.html
Bright and Natural | Unfurnished 2 BR | Community View,"149,999",Yearly,2,3,"1,206 sqft","The Sloane by Belgravia Heights, JVC District 12, Jumeirah Village Circle (JVC), Dubai",https://www.bayut.com/property/details-13529100.html
Higher Floor | Spacious Unit | Prime Location,"80,000",Yearly,1,2,677 sqft,"Binghatti Azure, JVC District 16, Jumeirah Village Circle (JVC), Dubai",https://www.bayut.com/property/details-13517250.html
2Bedroom | Lower price | High Floor,"90,000",Yearly,2,2,"1,105 sqft","Dune Residency, JVC District 17, Jumeirah Village Circle (JVC), Dubai",https://www.bayut.com/property/details-13514216.html
LUXURY 2 BR + STUDY | HUGE LAYOUT | 3 BALCONIES,"124,999",Yearly,2,3,"1,114 sqft","La Residenza, JVC District 10, Jumeirah Village Circle (JVC), Dubai",https://www.bayut.com/property/details-13521073.html
Bright & Spacious unit I With huge balcony & great amenity I Prime spot,"79,990",Yearly,1,2,"1,378 sqft","Imperial Tower, JVC District 17, Jumeirah Village Circle (JVC), Dubai",https://www.bayut.com/property/details-13506626.html
Spacious Unit | Fully Furnished | Terrace,"65,000",Yearly,,1,512 sqft,"Rokane G25, JVC District 10, Jumeirah Village Circle (JVC), Dubai",https://www.bayut.com/property/details-13501500.html
Ready To Move In | JVC Circle View | Spacious,"90,000",Yearly,1,2,953 sqft,"Zaya Hameni, JVC District 15, Jumeirah Village Circle (JVC), Dubai",https://www.bayut.com/property/details-13498131.html
Modern | Community View | Prime Location,"75,000",Yearly,1,2,646 sqft,"Catch Residences, JVC District 12, Jumeirah Village Circle (JVC), Dubai",https://www.bayut.com/property/details-13498002.html
Huge Layout | Prime Location | View Now,"75,000",Yearly,1,2,"1,131 sqft","Siena 2, Siena, Tuscan Residence, JVC District 10, Jumeirah Village Circle (JVC), Dubai",https://www.bayut.com/property/details-13497226.html
Modern 4-Bedroom Residence/ Stylish Architecture,"180,000",Yearly,4,5,"1,768 sqft","The Ghaf Tree, JVC District 13, Jumeirah Village Circle (JVC), Dubai",https://www.bayut.com/property/details-11734593.html
Furnished | Flexible Landlord | Stunning Amenities,"100,000",Yearly,1,1,785 sqft,"Belgravia Square, JVC District 14, Jumeirah Village Circle (JVC), Dubai",https://www.bayut.com/property/details-11436522.html
Private Pool | Brand New | Ready to move in,"99,999",Yearly,1,2,795 sqft,"Binghatti Phantom, JVC District 17, Jumeirah Village Circle (JVC), Dubai",https://www.bayut.com/property/details-13549067.html
Community View | Spacious Layout | Furnished,"70,000",Yearly,1,2,685 sqft,"GMM Tower 1, JVC District 12, Jumeirah Village Circle (JVC), Dubai",https://www.bayut.com/property/details-13534558.html
Fully Furnished | Ellington | AVAILABLE NOW,"60,000",Yearly,,1,384 sqft,"Harrington House, JVC District 14, Jumeirah Village Circle (JVC), Dubai",https://www.bayut.com/property/details-13525576.html
Fully Furnished | Spacious | Vacant,"83,000",Yearly,1,2,673 sqft,"Beverly Residence, JVC District 13, Jumeirah Village Circle (JVC), Dubai",https://www.bayut.com/property/details-13495839.html
Vacant Soon | Duplex with Maid | Pre-Booking,"180,000",Yearly,2,4,"2,001 sqft","Belgravia 3B, Belgravia 3, JVC District 15, Jumeirah Village Circle (JVC), Dubai",https://www.bayut.com/property/details-13493939.html
Spacious Layout | 2Bhk | Unfurnished,"95,000",Yearly,2,3,888 sqft,"Fortunato, JVC District 11, Jumeirah Village Circle (JVC), Dubai",https://www.bayut.com/property/details-13469847.html
Huge Balcony | Road View | Prime Location,"130,000",Yearly,2,3,"1,224 sqft","Binghatti Tulip, JVC District 11, Jumeirah Village Circle (JVC), Dubai",https://www.bayut.com/property/details-13521886.html
Spacious Layout | High Floor | Vacant,"69,000",Yearly,1,2,956 sqft,"Dune Residency, JVC District 17, Jumeirah Village Circle (JVC), Dubai",https://www.bayut.com/property/details-13510983.html
Modern Furnished Studio | Binghatti Aurora | Ready to Move,"63,000",Yearly,,1,384 sqft,"Binghatti Aurora, JVC District 12, Jumeirah Village Circle (JVC), Dubai",https://www.bayut.com/property/details-13509554.html
Elegant 1BR | Top floor | Park view,"85,000",Yearly,1,1,679 sqft,"Oakley Square Residence, JVC District 11, Jumeirah Village Circle (JVC), Dubai",https://www.bayut.com/property/details-13505009.html
Upgraded | Unfurnished | Open kitchen,"210,000",Yearly,3,4,"3,465 sqft","Westar La Residencia del Sol, JVC District 10, Jumeirah Village Circle (JVC), Dubai",https://www.bayut.com/property/details-13465486.html
Brand New | Community View | Ready to Move,"83,000",Yearly,1,2,797 sqft,"Binghatti Phoenix, JVC District 13, Jumeirah Village Circle (JVC), Dubai",https://www.bayut.com/property/details-13522177.html
1-Bedroom | Affordable Rent | With Balcony & Parking,"70,000",Yearly,1,2,890 sqft,"Sobha Daffodil Wing B, Sobha Daffodil, JVC District 13, Jumeirah Village Circle (JVC), Dubai",https://www.bayut.com/property/details-13521816.html
Cozy Studio for Rent JVC | Low Floor | Furnished,"50,000",Yearly,,1,362 sqft,"Regina Tower, JVC District 12, Jumeirah Village Circle (JVC), Dubai",https://www.bayut.com/property/details-13520851.html
Chiller Free - 1 Bedroom - Bright and Spacious Apartment,"60,000",Yearly,1,1,939 sqft,"Summer 1 Block A, Summer, Seasons Community, JVC District 15, Jumeirah Village Circle (JVC), Dubai",https://www.bayut.com/property/details-13515280.html
Fully Furnished | Community View | Prime Location,"50,000",Yearly,,1,396 sqft,"Milano by Giovanni Boutique Suites, JVC District 17, Jumeirah Village Circle (JVC), Dubai",https://www.bayut.com/property/details-9029719.html
Four Bedroom +Maid | Upgraded | Vacant,"199,995",Yearly,4,5,"2,174 sqft","Marwa Homes 2, JVC District 13, Jumeirah Village Circle (JVC), Dubai",https://www.bayut.com/property/details-13528542.html
Fully Furnished | Smart Home | Rare layout,"120,000",Yearly,2,2,"1,240 sqft","Binghatti Heights, JVC District 10, Jumeirah Village Circle (JVC), Dubai",https://www.bayut.com/property/details-13508371.html
Fully Furnished | Elegant 1 Bedroom Apartment | Premium Amenities,"79,999",Yearly,1,2,975 sqft,"Gardenia 1, Emirates Gardens, JVC District 12, Jumeirah Village Circle (JVC), Dubai",https://www.bayut.com/property/details-13490996.html
Private Pool/High Floor/Modern,"95,000",Yearly,1,2,795 sqft,"Binghatti Phantom, JVC District 17, Jumeirah Village Circle (JVC), Dubai",https://www.bayut.com/property/details-13559238.html
Luxury Apartment | Move In Ready | Corner Unit,"100,000",Yearly,1,2,754 sqft,"Binghatti Aurora, JVC District 12, Jumeirah Village Circle (JVC), Dubai",https://www.bayut.com/property/details-13491695.html
Luxurious 1BR | Fully Furnished | Well Maintained | Pool View,"100,000",Yearly,1,2,762 sqft,"Concept 7 Residences, JVC District 11, Jumeirah Village Circle (JVC), Dubai",https://www.bayut.com/property/details-13467100.html
Fully Furnished | Stunning View | Mid Floor,"120,000",Yearly,1,2,689 sqft,"Binghatti Corner, JVC District 10, Jumeirah Village Circle (JVC), Dubai",https://www.bayut.com/property/details-13460829.html
Prime Location | Furnished | Huge Layout,"90,000",Yearly,1,1,693 sqft,"Binghatti Onyx, JVC District 15, Jumeirah Village Circle (JVC), Dubai",https://www.bayut.com/property/details-11585382.html
Elegant 1-Bedroom Apartment | Al Manal Elite Building,"85,000",Yearly,1,2,841 sqft,"Al Manal Elite, JVC District 13, Jumeirah Village Circle (JVC), Dubai",https://www.bayut.com/property/details-13521812.html
Spacious 1BHK | Massive Layout | Call Now,"90,000",Yearly,1,2,721 sqft,"Marwa Heights, JVC District 15, Jumeirah Village Circle (JVC), Dubai",https://www.bayut.com/property/details-13494301.html
Brand New | Spacious Layout | Ready To Move,"135,000",Yearly,2,3,"1,172 sqft","Park Lane by Heilbronn, JVC District 14, Jumeirah Village Circle (JVC), Dubai",https://www.bayut.com/property/details-11769283.html
Brand New – Next to Park - Multiple Options,"88,000",Yearly,1,1,890 sqft,"Westview Garden, JVC District 15, Jumeirah Village Circle (JVC), Dubai",https://www.bayut.com/property/details-13539007.html
High Floor | 2 bed | Private Pool,"130,000",Yearly,2,1,"1,111 sqft","Binghatti House, JVC District 10, Jumeirah Village Circle (JVC), Dubai",https://www.bayut.com/property/details-13523049.html
Pool View | Near Mall |Low Floor | Near Exit,"53,000",Yearly,,1,429 sqft,"Crystal Residence, JVC District 11, Jumeirah Village Circle (JVC), Dubai",https://www.bayut.com/property/details-13489751.html
Low Floor | Study Room | Appliances Included,"99,000",Yearly,1,2,854 sqft,"Oxford Terraces, JVC District 11, Jumeirah Village Circle (JVC), Dubai",https://www.bayut.com/property/details-13528834.html
Well Maintained | Low Floor | Ready to Move in,"92,000",Yearly,2,3,"1,244 sqft","Continents Tower, JVC District 13, Jumeirah Village Circle (JVC), Dubai",https://www.bayut.com/property/details-13501903.html
FULLY FURNISHED I BEST PRICE I MULTIPLE CHEQUES,"50,000",Yearly,,1,434 sqft,"Laya Mansion, JVC District 15, Jumeirah Village Circle (JVC), Dubai",https://www.bayut.com/property/details-13501092.html
PARK VIEW I BRAND NEW I WITH BALCONY,"129,999",Yearly,2,3,"1,412 sqft","Lumina Vista Residences, JVC District 14, Jumeirah Village Circle (JVC), Dubai",https://www.bayut.com/property/details-13526072.html
Brand New | Vacant | Low Floor | Book Now,"80,000",Yearly,1,1,813 sqft,"SH Living 1, JVC District 14, Jumeirah Village Circle (JVC), Dubai",https://www.bayut.com/property/details-13522903.html
Customized Majlis 2BR G+1 Villa with Massive Private Garden,"245,000",Yearly,2,5,"8,425 sqft","District 16M, JVC District 16, Jumeirah Village Circle (JVC), Dubai",https://www.bayut.com/property/details-13516469.html
Skyline Serenity | Stylish Studio | Available From January,"60,000",Yearly,,1,372 sqft,"Bloom Tower C, Bloom Towers, JVC District 10, Jumeirah Village Circle (JVC), Dubai",https://www.bayut.com/property/details-13511632.html
G+2 | Closed Kitchen | With Elevator | Vacant,"199,999",Yearly,3,5,"2,042 sqft","Jasmine Homes, JVC District 10, Jumeirah Village Circle (JVC), Dubai",https://www.bayut.com/property/details-13507491.html
Elegant 3 Bedroom + Maid Duplex | Spacious Unit I Ready To Move In,"170,000",Yearly,3,4,"3,272 sqft","Al Waleed Building, JVC District 13, Jumeirah Village Circle (JVC), Dubai",https://www.bayut.com/property/details-13515214.html
5 Star Amenities | High Floor Views | Private Pool,"115,000",Yearly,1,2,920 sqft,"Binghatti Royale, JVC District 18, Jumeirah Village Circle (JVC), Dubai",https://www.bayut.com/property/details-13495177.html
Marina View/Vacant/Modern,"56,000",Yearly,,1,354 sqft,"Bloom Tower B, Bloom Towers, JVC District 10, Jumeirah Village Circle (JVC), Dubai",https://www.bayut.com/property/details-13559152.html
Modern | Spacious 2 Bed | Unfurnished,"135,000",Yearly,2,2,"1,162 sqft","Signature Livings South, Signature Livings, JVC District 10, Jumeirah Village Circle (JVC), Dubai",https://www.bayut.com/property/details-13542399.html
3 BHK DUPLEX | MAID ROOM | SPACIOUS,"160,000",Yearly,3,4,"3,255 sqft","Royal JVC Building, JVC District 10, Jumeirah Village Circle (JVC), Dubai",https://www.bayut.com/property/details-13541146.html
"Semi-Furnished Studio Near Retail and Parks, JVC","55,000",Yearly,,1,328 sqft,"The Square Tower, JVC District 13, Jumeirah Village Circle (JVC), Dubai",https://www.bayut.com/property/details-13507448.html
Pool View | Prime Location | Spacious Unit,"74,999",Yearly,1,2,685 sqft,"Binghatti Lavender, JVC District 10, Jumeirah Village Circle (JVC), Dubai",https://www.bayut.com/property/details-13498003.html
Spacious 3-Bedroom | Park View | Closed Kitchen,"185,000",Yearly,3,4,"1,859 sqft","Westview Garden, JVC District 15, Jumeirah Village Circle (JVC), Dubai",https://www.bayut.com/property/details-13539013.html
Dubai Skyline View | Brand New | Fully Furnished,"100,000",Yearly,1,1,705 sqft,"Binghatti Orchid, JVC District 10, Jumeirah Village Circle (JVC), Dubai",https://www.bayut.com/property/details-13528228.html
Smart Home | Spacious | Brand New | Book Today |,"120,000",Yearly,2,2,"1,611 sqft","Binghatti Nova, JVC District 12, Jumeirah Village Circle (JVC), Dubai",https://www.bayut.com/property/details-13527865.html
Brand New | Vacant | Fitted Kitchen,"85,000",Yearly,1,2,756 sqft,"Binghatti Aurora, JVC District 12, Jumeirah Village Circle (JVC), Dubai",https://www.bayut.com/property/details-13525180.html
Spacious 3 Bed + Maid | Fully Furnished | Premium Family Living,"162,000",Yearly,3,3,"1,461 sqft","Beverly Residence, JVC District 13, Jumeirah Village Circle (JVC), Dubai",https://www.bayut.com/property/details-13517075.html
Large Unit | Brand New | Smart Homes | Ready Now,"88,000",Yearly,1,2,882 sqft,"Binghatti Lavender, JVC District 10, Jumeirah Village Circle (JVC), Dubai",https://www.bayut.com/property/details-13509563.html
Available for Rent from 1st January 2026,"120,000",Yearly,1,2,805 sqft,"Luma Park Views, JVC District 14, Jumeirah Village Circle (JVC), Dubai",https://www.bayut.com/property/details-13508369.html
Brand New | Furnished | Near Mall | Low Floor,"63,000",Yearly,,1,453 sqft,"Alef Noon Residence, JVC District 16, Jumeirah Village Circle (JVC), Dubai",https://www.bayut.com/property/details-13549900.html
Well Kept Unit | High Floor | Spacious Layout,"135,000",Yearly,1,2,"1,162 sqft","Signature Livings South, Signature Livings, JVC District 10, Jumeirah Village Circle (JVC), Dubai",https://www.bayut.com/property/details-13541953.html
Luxury Living | Park & Pool View | Ready to Move,"86,000",Yearly,1,2,799 sqft,"Binghatti Phoenix, JVC District 13, Jumeirah Village Circle (JVC), Dubai",https://www.bayut.com/property/details-13520862.html
2BR+Maid | Fully Furnished | Call Now,"239,999",Yearly,2,3,"2,545 sqft","Hyati Residence, JVC District 14, Jumeirah Village Circle (JVC), Dubai",https://www.bayut.com/property/details-11648227.html
POOL VIEW I UNFURNISHED I NEAR DUBAI MALL,"79,999",Yearly,1,2,694 sqft,"Binghatti Corner, JVC District 10, Jumeirah Village Circle (JVC), Dubai",https://www.bayut.com/property/details-13563318.html
Brand New |Spacious Layout |Mall View |Spacious,"155,000",Yearly,2,3,"1,721 sqft","Mass Residence, JVC District 11, Jumeirah Village Circle (JVC), Dubai",https://www.bayut.com/property/details-13546162.html
Fully Furnished | Prime Location | Vacant,"65,000",Yearly,,1,394 sqft,"Bloom Heights 1, Bloom Heights, JVC District 15, Jumeirah Village Circle (JVC), Dubai",https://www.bayut.com/property/details-13538097.html
Fully furnished | Well Maintained | Call Now,"89,999",Yearly,1,2,898 sqft,"Park View Tower, JVC District 14, Jumeirah Village Circle (JVC), Dubai",https://www.bayut.com/property/details-13531077.html
Specious one bed room in Binghatti Royale JVC @ 110k,"110,000",Yearly,1,2,807 sqft,"Binghatti Royale, JVC District 18, Jumeirah Village Circle (JVC), Dubai",https://www.bayut.com/property/details-13520046.html
Ready to Move | Luxury Apartment | Spacious,"75,000",Yearly,1,2,700 sqft,"Al Amir Residence, JVC District 11, Jumeirah Village Circle (JVC), Dubai",https://www.bayut.com/property/details-13518869.html
Brand New | High Floor | Private Pool,"105,000",Yearly,1,2,807 sqft,"Binghatti Royale, JVC District 18, Jumeirah Village Circle (JVC), Dubai",https://www.bayut.com/property/details-13505027.html
Pool View | Lower Floor | Ready to Move in,"110,000",Yearly,1,2,795 sqft,"Binghatti Phantom, JVC District 17, Jumeirah Village Circle (JVC), Dubai",https://www.bayut.com/property/details-13502722.html
Stylish 1-Bedroom Apartment | Luxury Living | Brand New | Fully Furnished |,"85,000",Yearly,1,2,691 sqft,"Concept 7 Residences, JVC District 11, Jumeirah Village Circle (JVC), Dubai",https://www.bayut.com/property/details-11660116.html
Spacious 1-Bedroom | Al Manal Elite Building | Prime Location,"85,000",Yearly,1,2,950 sqft,"Al Manal Elite, JVC District 13, Jumeirah Village Circle (JVC), Dubai",https://www.bayut.com/property/details-13521522.html
NEGOTIABLE | FULLY UPGRADED | READY TO MOVE,"75,000",Yearly,1,2,700 sqft,"Al Amir Residence, JVC District 11, Jumeirah Village Circle (JVC), Dubai",https://www.bayut.com/property/details-13489783.html
Fully Furnished | with best ammenities | Community View,"89,999",Yearly,1,2,631 sqft,"Binghatti Crest, JVC District 13, Jumeirah Village Circle (JVC), Dubai",https://www.bayut.com/property/details-13475553.html
Fully Furnished | Great Location | Best Offer,"54,999",Yearly,,1,397 sqft,"Milano by Giovanni Boutique Suites, JVC District 17, Jumeirah Village Circle (JVC), Dubai",https://www.bayut.com/property/details-13466101.html
Modern Studio Apartment | Spacious Layout | Prime Location,"48,000",Yearly,,1,422 sqft,"May Residence Tower 4, May Residence, JVC District 10, Jumeirah Village Circle (JVC), Dubai",https://www.bayut.com/property/details-13510079.html
Luxury 1 Bed | Private Pool | Large Balcony | Premium Quality | Ready To Move-In!,"108,000",Yearly,1,2,807 sqft,"Binghatti Royale, JVC District 18, Jumeirah Village Circle (JVC), Dubai",https://www.bayut.com/property/details-13498138.html
Brand New | Spacious 2 Bed | Ready to Move In,"155,000",Yearly,2,2,995 sqft,"Binghatti Aurora, JVC District 12, Jumeirah Village Circle (JVC), Dubai",https://www.bayut.com/property/details-13491165.html
Brand New | Studio Apartment | Pearl house,"68,000",Yearly,,1,404 sqft,"Pearl House 2, JVC District 12, Jumeirah Village Circle (JVC), Dubai",https://www.bayut.com/property/details-13527515.html
Bright & Cozy 1Bed For Rent I Well Maintained I Prime Location,"64,999",Yearly,1,2,630 sqft,"Venus 1, JVC District 12, Jumeirah Village Circle (JVC), Dubai",https://www.bayut.com/property/details-13523571.html
Sophisticated living I Chiller free building I Unique layout,"74,999",Yearly,,1,744 sqft,"National Bonds Residence, JVC District 15, Jumeirah Village Circle (JVC), Dubai",https://www.bayut.com/property/details-13516984.html
With Jacuzzi | Huge Layout | Good Location,"100,000",Yearly,1,1,"1,136 sqft","SH Living 1, JVC District 14, Jumeirah Village Circle (JVC), Dubai",https://www.bayut.com/property/details-13505686.html
Spacious 1 BHK | With Jacuzzi | Fitted Kitchen,"100,000",Yearly,1,1,"1,206 sqft","SH Living 1, JVC District 14, Jumeirah Village Circle (JVC), Dubai",https://www.bayut.com/property/details-13505566.html
Close Kitchen | Good Location | View Now,"80,000",Yearly,1,1,814 sqft,"SH Living 1, JVC District 14, Jumeirah Village Circle (JVC), Dubai",https://www.bayut.com/property/details-13504278.html
Prime Location | View Now | Huge Layout,"75,000",Yearly,1,1,714 sqft,"SH Living 1, JVC District 14, Jumeirah Village Circle (JVC), Dubai",https://www.bayut.com/property/details-13504190.html
Spacious 1 BHK | Prime Location | Fitted Kitchen,"75,000",Yearly,1,1,751 sqft,"SH Living 1, JVC District 14, Jumeirah Village Circle (JVC), Dubai",https://www.bayut.com/property/details-13504045.html
3BHK+Maid | Prime Location | Premium Layout,"119,999",Yearly,3,3,"1,277 sqft","Al Amir Residence, JVC District 11, Jumeirah Village Circle (JVC), Dubai",https://www.bayut.com/property/details-13501579.html
Spacious Apartment | Magnolia 2 | JVC,"70,000",Yearly,1,2,924 sqft,"Magnolia 2, Emirates Gardens 2, JVC District 14, Jumeirah Village Circle (JVC), Dubai",https://www.bayut.com/property/details-13497012.html
Luxury Unit | Park & Pool Views | High Floor,"88,000",Yearly,1,2,798 sqft,"Binghatti Phoenix, JVC District 13, Jumeirah Village Circle (JVC), Dubai",https://www.bayut.com/property/details-13494909.html
1-Bedroom | High Floor | Spacious Layout,"75,000",Yearly,1,2,926 sqft,"Reef Residence, JVC District 13, Jumeirah Village Circle (JVC), Dubai",https://www.bayut.com/property/details-13492756.html
Brand New | Unique Layout | Unfurnished,"75,000",Yearly,1,1,526 sqft,"Binghatti Gardenia, JVC District 11, Jumeirah Village Circle (JVC), Dubai",https://www.bayut.com/property/details-11535640.html
Studio | Community View | Multiple Options,"45,000",Yearly,,1,471 sqft,"May Residence, JVC District 10, Jumeirah Village Circle (JVC), Dubai",https://www.bayut.com/property/details-11394190.html
Massive Terrace / Smart Home / Fully Furnished,"130,000",Yearly,2,3,"1,241 sqft","Binghatti Heights, JVC District 10, Jumeirah Village Circle (JVC), Dubai",https://www.bayut.com/property/details-13532536.html
Brand New | Smart Home | Ready to Move In,"59,999",Yearly,,1,380 sqft,"Binghatti Aurora, JVC District 12, Jumeirah Village Circle (JVC), Dubai",https://www.bayut.com/property/details-13531741.html
Fully furnished | Spacious | 12 Cheques,"70,000",Yearly,,1,460 sqft,"Al Serh Residences 11, JVC District 10, Jumeirah Village Circle (JVC), Dubai",https://www.bayut.com/property/details-13518574.html
Fully Upgraded | Spacious | Siena 2,"120,000",Yearly,2,3,"1,588 sqft","Siena 2, Siena, Tuscan Residence, JVC District 10, Jumeirah Village Circle (JVC), Dubai",https://www.bayut.com/property/details-13493284.html
Modern Upgrade | Large Plot | Ready To Move In,"250,000",Yearly,3,3,"8,259 sqft","JVC District 16, Jumeirah Village Circle (JVC), Dubai",https://www.bayut.com/property/details-13523588.html
1 BHK | UN-FURNISHED | MODREN FINISHES,"70,000",Yearly,1,2,957 sqft,"Dune Residency, JVC District 17, Jumeirah Village Circle (JVC), Dubai",https://www.bayut.com/property/details-13517980.html
Brand New | Fully Furnished | Spacious,"62,000",Yearly,,1,411 sqft,"Signature Livings South, Signature Livings, JVC District 10, Jumeirah Village Circle (JVC), Dubai",https://www.bayut.com/property/details-13517313.html
Fully Upgraded Unit in JVC I Bright & Stylish I Modern Amenities,"72,000",Yearly,1,2,727 sqft,"La Riviera Apartments, JVC District 10, Jumeirah Village Circle (JVC), Dubai",https://www.bayut.com/property/details-13505251.html
Ready-to-Move-In Studio | Furnished | For Rent,"72,000",Yearly,,1,410 sqft,"Bloom Tower C, Bloom Towers, JVC District 10, Jumeirah Village Circle (JVC), Dubai",https://www.bayut.com/property/details-13505200.html
MODERN | HIGH FLOOR | VACANT | GREAT LOCATION,"84,999",Yearly,1,2,745 sqft,"Bloom Heights 2, Bloom Heights, JVC District 15, Jumeirah Village Circle (JVC), Dubai",https://www.bayut.com/property/details-13498732.html
Fully Furnished | 4BR+Maid | Call Now To Inquire,"200,000",Yearly,4,4,"1,734 sqft","Sandoval Lane, JVC District 14, Jumeirah Village Circle (JVC), Dubai",https://www.bayut.com/property/details-13495649.html
Fully Furnished | Premium Quality | Prime Location,"85,999",Yearly,1,2,745 sqft,"Bloom Heights 2, Bloom Heights, JVC District 15, Jumeirah Village Circle (JVC), Dubai",https://www.bayut.com/property/details-13492501.html
Fully Furnished | Great Finishing | Best Amenities,"84,999",Yearly,1,2,745 sqft,"Bloom Heights 2, Bloom Heights, JVC District 15, Jumeirah Village Circle (JVC), Dubai",https://www.bayut.com/property/details-13492356.html
5-BR Villa + Maid | Luxury Finish | Premium Community,"249,000",Yearly,5,6,"2,927 sqft","Al Amir Villas, JVC District 11, Jumeirah Village Circle (JVC), Dubai",https://www.bayut.com/property/details-13491809.html
Luxury Living | Fully Furnished | Spacious 2BHK + Maids Room | Hyati Residence JVC,"240,000",Yearly,2,2,"2,546 sqft","Hyati Residence, JVC District 14, Jumeirah Village Circle (JVC), Dubai",https://www.bayut.com/property/details-13458538.html
Spacious 1 BHk | Semi Furnished| Prime Location,"65,000",Yearly,1,2,845 sqft,"Sandhurst House, JVC District 10, Jumeirah Village Circle (JVC), Dubai",https://www.bayut.com/property/details-13535069.html
4BHK | Spacious Layout | Community View,"219,999",Yearly,4,6,"2,704 sqft","Iris Park, JVC District 15, Jumeirah Village Circle (JVC), Dubai",https://www.bayut.com/property/details-13530651.html
Exclusive & Luxury Furnished 1 Bed + Maid | Smart Layout | Premium Finish,"100,000",Yearly,1,2,853 sqft,"Al Serh Residences 11, JVC District 10, Jumeirah Village Circle (JVC), Dubai",https://www.bayut.com/property/details-13519138.html
Luxury Apartment | Great Amenities | Prime Location,"95,000",Yearly,1,2,795 sqft,"Binghatti Phantom, JVC District 17, Jumeirah Village Circle (JVC), Dubai",https://www.bayut.com/property/details-13510788.html
Upgraded 4BHK | Next to Park | Spacious,"200,000",Yearly,4,4,"1,734 sqft","Sandoval Lane, JVC District 14, Jumeirah Village Circle (JVC), Dubai",https://www.bayut.com/property/details-13496133.html
Exclusive | Open View | Furnished | Prime Location,"110,000",Yearly,1,1,958 sqft,"Zaya Hameni, JVC District 15, Jumeirah Village Circle (JVC), Dubai",https://www.bayut.com/property/details-13495492.html
FURNISHED I MODERN KITCHEN I PRIME LOCATION,"54,999",Yearly,,1,328 sqft,"The Square Tower, JVC District 13, Jumeirah Village Circle (JVC), Dubai",https://www.bayut.com/property/details-13494489.html
Brand New | Stylish 1BR in Binghatti Phoenix |,"90,000",Yearly,1,2,797 sqft,"Binghatti Phoenix, JVC District 13, Jumeirah Village Circle (JVC), Dubai",https://www.bayut.com/property/details-13469768.html
Brand New | Prime Location | Unique Layout,"80,000",Yearly,1,2,648 sqft,"Binghatti Gardenia, JVC District 11, Jumeirah Village Circle (JVC), Dubai",https://www.bayut.com/property/details-11652550.html
Community View | Prime Location | Spacious Unit,"115,000",Yearly,1,2,920 sqft,"Binghatti Royale, JVC District 18, Jumeirah Village Circle (JVC), Dubai",https://www.bayut.com/property/details-13602189.html
Brand new | Elegant Layout | Prime location,"54,000",Yearly,,1,403 sqft,"Serenity Lakes 5, JVC District 10, Jumeirah Village Circle (JVC), Dubai",https://www.bayut.com/property/details-13528781.html
Spacious 1BR+ Store Room | Bright Layout | Good Amenities| Premium Building,"75,000",Yearly,1,2,976 sqft,"Al Naim Residence, JVC District 10, Jumeirah Village Circle (JVC), Dubai",https://www.bayut.com/property/details-13534441.html
2BHK DUPLEX With Garden | Chiller free | Big Size,"145,000",Yearly,2,3,"2,344 sqft","Al Waleed Building, JVC District 13, Jumeirah Village Circle (JVC), Dubai",https://www.bayut.com/property/details-13519621.html
Furnished | Chiller Free,"50,000",Yearly,,1,427 sqft,"Botanica, JVC District 13, Jumeirah Village Circle (JVC), Dubai",https://www.bayut.com/property/details-13511386.html
Fully Furnished | 12 Cheques | Bills Incl,"90,000",Yearly,1,2,659 sqft,"Binghatti Rose, JVC District 15, Jumeirah Village Circle (JVC), Dubai",https://www.bayut.com/property/details-13562387.html
High Floor | Spacious Layout | Available Now,"49,999",Yearly,,1,391 sqft,"Lucky 1 Residences, JVC District 13, Jumeirah Village Circle (JVC), Dubai",https://www.bayut.com/property/details-13541055.html
Unfurnished | Spacious In Size | Ready To Move,"49,999",Yearly,,1,492 sqft,"Dune Residency, JVC District 17, Jumeirah Village Circle (JVC), Dubai",https://www.bayut.com/property/details-13536713.html
BEAUTIFUL 1 BR | HIGH END FINISHING | WOODEN FLOORING | PARKING | BALCONY | ROOF TOP CINEMA |BUILT IN WARDROBES |,"64,999",Yearly,1,2,676 sqft,"Empire Residence, JVC District 17, Jumeirah Village Circle (JVC), Dubai",https://www.bayut.com/property/details-13535947.html
Studio Apartment | Well-Maintained | Prime Location,"50,000",Yearly,,1,380 sqft,"Serenity Lakes 5, JVC District 10, Jumeirah Village Circle (JVC), Dubai",https://www.bayut.com/property/details-13544967.html
Brand New | Modern | Slightly Negotiable,"60,000",Yearly,,1,419 sqft,"The Sloane by Belgravia Heights, JVC District 12, Jumeirah Village Circle (JVC), Dubai",https://www.bayut.com/property/details-13532861.html
Charming Unit with Relaxing Community View,"85,000",Yearly,1,2,950 sqft,"Al Manal Elite, JVC District 13, Jumeirah Village Circle (JVC), Dubai",https://www.bayut.com/property/details-13529749.html
Cozy Home with Peaceful Community Views,"95,000",Yearly,1,2,"1,155 sqft","Al Manal Elite, JVC District 13, Jumeirah Village Circle (JVC), Dubai",https://www.bayut.com/property/details-13529748.html
Fully Furnished | Higher Floor | Community View,"56,000",Yearly,,1,327 sqft,"The Square Tower, JVC District 13, Jumeirah Village Circle (JVC), Dubai",https://www.bayut.com/property/details-13522477.html
Pool View | Brand New | Bright and Spacious,"80,000",Yearly,1,2,702 sqft,"Binghatti Azure, JVC District 16, Jumeirah Village Circle (JVC), Dubai",https://www.bayut.com/property/details-13519674.html
SPCAIOUS STUDIO | WELL MAINTAINED | READY TO MOVE,"55,000",Yearly,,1,328 sqft,"The Square Tower, JVC District 13, Jumeirah Village Circle (JVC), Dubai",https://www.bayut.com/property/details-13502707.html
Garden View | Prime Location | Call Now,"68,000",Yearly,,1,467 sqft,"West Tower, Luma 22, JVC District 10, Jumeirah Village Circle (JVC), Dubai",https://www.bayut.com/property/details-13518367.html
1BR-Private Pool | High Floor | Multiple Units,"110,000",Yearly,1,1,795 sqft,"Binghatti Phantom, JVC District 17, Jumeirah Village Circle (JVC), Dubai",https://www.bayut.com/property/details-13510637.html
Spacious 1 Bedroom | High-Quality Finish | Prime JVC Location,"75,000",Yearly,1,2,866 sqft,"Marwa Heights, JVC District 15, Jumeirah Village Circle (JVC), Dubai",https://www.bayut.com/property/details-13505530.html
Modern Finishing Unit I Fully Furnished I ready to move,"49,999",Yearly,,1,380 sqft,"Milano by Giovanni Boutique Suites, JVC District 17, Jumeirah Village Circle (JVC), Dubai",https://www.bayut.com/property/details-13470226.html
Brand New | Fitted Kitchen | Move In Ready,"85,000",Yearly,1,2,790 sqft,"Binghatti Aurora, JVC District 12, Jumeirah Village Circle (JVC), Dubai",https://www.bayut.com/property/details-13497385.html
2BHK+Maid | High Floor | Pool View,"145,000",Yearly,2,2,"1,238 sqft","H Three By Aurora, JVC District 11, Jumeirah Village Circle (JVC), Dubai",https://www.bayut.com/property/details-11757217.html
Close to Circle Mall | Bright Layout | 04 Cheques,"90,000",Yearly,2,2,"1,105 sqft","Dune Residency, JVC District 17, Jumeirah Village Circle (JVC), Dubai",https://www.bayut.com/property/details-13544011.html
1 plus maid | best ammenities | spacious,"69,999",Yearly,1,2,"1,004 sqft","Al Waseem Residences, JVC District 11, Jumeirah Village Circle (JVC), Dubai",https://www.bayut.com/property/details-13538133.html
Spacious 2BR I Bright Unit | Modern Layout I With Fitted Kitchen,"120,000",Yearly,2,3,"1,268 sqft","SH Living 1, JVC District 14, Jumeirah Village Circle (JVC), Dubai",https://www.bayut.com/property/details-13534104.html
Spacious | Vacant | Best Price,"78,000",Yearly,1,2,"1,059 sqft","Serenity Lakes 5, JVC District 10, Jumeirah Village Circle (JVC), Dubai",https://www.bayut.com/property/details-13529446.html
Fully Furnished | Ellington | AVAILABLE NOW,"60,000",Yearly,,1,384 sqft,"Harrington House, JVC District 14, Jumeirah Village Circle (JVC), Dubai",https://www.bayut.com/property/details-13525576.html
Fully Furnished | Spacious | Vacant,"83,000",Yearly,1,2,673 sqft,"Beverly Residence, JVC District 13, Jumeirah Village Circle (JVC), Dubai",https://www.bayut.com/property/details-13495839.html
Vacant Soon | Duplex with Maid | Pre-Booking,"180,000",Yearly,2,4,"2,001 sqft","Belgravia 3B, Belgravia 3, JVC District 15, Jumeirah Village Circle (JVC), Dubai",https://www.bayut.com/property/details-13493939.html
Spacious Layout | 2Bhk | Unfurnished,"95,000",Yearly,2,3,888 sqft,"Fortunato, JVC District 11, Jumeirah Village Circle (JVC), Dubai",https://www.bayut.com/property/details-13469847.html
Spacious Layout | High Floor | Vacant,"69,000",Yearly,1,2,956 sqft,"Dune Residency, JVC District 17, Jumeirah Village Circle (JVC), Dubai",https://www.bayut.com/property/details-13510983.html
Modern Furnished Studio | Binghatti Aurora | Ready to Move,"63,000",Yearly,,1,384 sqft,"Binghatti Aurora, JVC District 12, Jumeirah Village Circle (JVC), Dubai",https://www.bayut.com/property/details-13509554.html
Elegant 1BR | Top floor | Park view,"85,000",Yearly,1,1,679 sqft,"Oakley Square Residence, JVC District 11, Jumeirah Village Circle (JVC), Dubai",https://www.bayut.com/property/details-13505009.html
Upgraded | Unfurnished | Open kitchen,"210,000",Yearly,3,4,"3,465 sqft","Westar La Residencia del Sol, JVC District 10, Jumeirah Village Circle (JVC), Dubai",https://www.bayut.com/property/details-13465486.html
Brand New | Community View | Ready to Move,"83,000",Yearly,1,2,797 sqft,"Binghatti Phoenix, JVC District 13, Jumeirah Village Circle (JVC), Dubai",https://www.bayut.com/property/details-13522177.html
1-Bedroom | Affordable Rent | With Balcony & Parking,"70,000",Yearly,1,2,890 sqft,"Sobha Daffodil Wing B, Sobha Daffodil, JVC District 13, Jumeirah Village Circle (JVC), Dubai",https://www.bayut.com/property/details-13521816.html
Cozy Studio for Rent JVC | Low Floor | Furnished,"50,000",Yearly,,1,362 sqft,"Regina Tower, JVC District 12, Jumeirah Village Circle (JVC), Dubai",https://www.bayut.com/property/details-13520851.html
Fully Furnished | Community View | Prime Location,"50,000",Yearly,,1,396 sqft,"Milano by Giovanni Boutique Suites, JVC District 17, Jumeirah Village Circle (JVC), Dubai",https://www.bayut.com/property/details-9029719.html
1 BED | VACANT | FULLY FURNISHED | SMART HOME | LARGE TERRACE,"105,000",Yearly,1,2,755 sqft,"Pearl House 2, JVC District 12, Jumeirah Village Circle (JVC), Dubai",https://www.bayut.com/property/details-13543605.html
Fully Furnished | Great Finishing | Best Amenities,"100,000",Yearly,1,2,769 sqft,"Pearl House 2, JVC District 12, Jumeirah Village Circle (JVC), Dubai",https://www.bayut.com/property/details-13523518.html
"Bright apartment,Kitchen appliances,Ready to move","114,999",Yearly,2,2,"1,055 sqft","Bloom Heights 1, Bloom Heights, JVC District 15, Jumeirah Village Circle (JVC), Dubai",https://www.bayut.com/property/details-13509555.html
Bright Villa | Unfurnished | Mediterranean Style,"200,000",Yearly,4,5,"1,631 sqft","Sydney Villas, JVC District 15, Jumeirah Village Circle (JVC), Dubai",https://www.bayut.com/property/details-13491653.html
Exclusive | Fully Furnished | Modern,"100,000",Yearly,1,2,901 sqft,"Catch Residences, JVC District 12, Jumeirah Village Circle (JVC), Dubai",https://www.bayut.com/property/details-13485492.html
Vacant 31st January | Prime Location | Modern,"85,000",Yearly,1,2,648 sqft,"Binghatti Luna, JVC District 12, Jumeirah Village Circle (JVC), Dubai",https://www.bayut.com/property/details-13537410.html
Fully Furnished | Premium Quality | Spacious,"85,000",Yearly,1,2,826 sqft,"Joya Verde Residences, JVC District 11, Jumeirah Village Circle (JVC), Dubai",https://www.bayut.com/property/details-13521824.html
One Bedroom | Vacant | Open View,"115,000",Yearly,1,2,795 sqft,"Jumeirah Village Circle (JVC), Dubai",https://www.bayut.com/property/details-13517034.html
Vacant Soon | Spacious Layout | Pre-Booking,"95,000",Yearly,1,2,809 sqft,"Belgravia 3A, Belgravia 3, JVC District 15, Jumeirah Village Circle (JVC), Dubai",https://www.bayut.com/property/details-13494126.html
VACANT | 1 BEDROOM | SIGNATURE LIVING,"89,000",Yearly,1,2,998 sqft,"Signature Livings South, Signature Livings, JVC District 10, Jumeirah Village Circle (JVC), Dubai",https://www.bayut.com/property/details-13493143.html
FULLY FURNISHED I CONVERTED INTO 2BED I ROAD VIEW,"79,999",Yearly,2,2,920 sqft,"Plaza Residences Block B, Plaza Residences, JVC District 13, Jumeirah Village Circle (JVC), Dubai",https://www.bayut.com/property/details-13489937.html
Modern 1BHK | Great Deal | Reade to Move in,"87,000",Yearly,1,2,953 sqft,"Hameni Residence, JVC District 15, Jumeirah Village Circle (JVC), Dubai",https://www.bayut.com/property/details-13473800.html
Fully furnished I Ready to move in I With private garden,"320,000",Yearly,4,4,"2,261 sqft","Casa Luxo, JVC District 12, Jumeirah Village Circle (JVC), Dubai",https://www.bayut.com/property/details-13548769.html
Bright and Natural | Unfurnished 2 BR | Community View,"149,999",Yearly,2,3,"1,206 sqft","The Sloane by Belgravia Heights, JVC District 12, Jumeirah Village Circle (JVC), Dubai",https://www.bayut.com/property/details-13529100.html
Higher Floor | Spacious Unit | Prime Location,"80,000",Yearly,1,2,677 sqft,"Binghatti Azure, JVC District 16, Jumeirah Village Circle (JVC), Dubai",https://www.bayut.com/property/details-13517250.html
2Bedroom | Lower price | High Floor,"90,000",Yearly,2,2,"1,105 sqft","Dune Residency, JVC District 17, Jumeirah Village Circle (JVC), Dubai",https://www.bayut.com/property/details-13514216.html
2Br+Private Pool | Marina View | Higher Floor,"150,000",Yearly,2,2,"1,111 sqft","Binghatti House, JVC District 10, Jumeirah Village Circle (JVC), Dubai",https://www.bayut.com/property/details-13503288.html
Bigger Layout | Distress Deal | Vacant,"80,000",Yearly,1,2,"1,295 sqft","Serenity Lakes 5, JVC District 10, Jumeirah Village Circle (JVC), Dubai",https://www.bayut.com/property/details-13527121.html
PREMIUM 3 BHK | PRIME LOCATION | SPACIOUS UNIT,"175,000",Yearly,3,4,"2,133 sqft","La Rose, JVC District 12, Jumeirah Village Circle (JVC), Dubai",https://www.bayut.com/property/details-13518502.html
Luxury 1BHK | unfurnished | ready to move,"80,000",Yearly,1,2,678 sqft,"Binghatti Azure, JVC District 16, Jumeirah Village Circle (JVC), Dubai",https://www.bayut.com/property/details-13516584.html
G+1 | Custom Made Majlis | Vacant Mid Dec,"249,999",Yearly,2,5,"8,364 sqft","JVC District 16, Jumeirah Village Circle (JVC), Dubai",https://www.bayut.com/property/details-13505347.html
High End | Direct Access Pool | Specious,"89,990",Yearly,1,2,786 sqft,"Belgravia 2, JVC District 14, Jumeirah Village Circle (JVC), Dubai",https://www.bayut.com/property/details-13494054.html
Cheapest 1 BedRoom for Rent,"60,000",Yearly,1,1,641 sqft,"Diamond Views 4, JVC District 11, Jumeirah Village Circle (JVC), Dubai",https://www.bayut.com/property/details-13534520.html
Fully Furnished | Great Location | Call Now,"55,000",Yearly,,1,492 sqft,"Dune Residency, JVC District 17, Jumeirah Village Circle (JVC), Dubai",https://www.bayut.com/property/details-13519859.html
KITCHEN EQUIPPED I BRAND NEW I LAUNDRY ROOM,"65,000",Yearly,1,2,804 sqft,"Imperial Tower, JVC District 17, Jumeirah Village Circle (JVC), Dubai",https://www.bayut.com/property/details-13515878.html
Brand New | Kitchen Appliances | Spacious,"90,000",Yearly,1,2,785 sqft,"Binghatti Aurora, JVC District 12, Jumeirah Village Circle (JVC), Dubai",https://www.bayut.com/property/details-13489897.html
Vacant | Cozy Living | Hot Property,"60,000",Yearly,,1,426 sqft,"Binghatti Phoenix, JVC District 13, Jumeirah Village Circle (JVC), Dubai",https://www.bayut.com/property/details-13549576.html
Fully Furnished | Higher Floor | Community View,"55,000",Yearly,,1,328 sqft,"The Square Tower, JVC District 13, Jumeirah Village Circle (JVC), Dubai",https://www.bayut.com/property/details-13533046.html
Unfurnished Studio with Big Balcony I Modern Living District 12,"52,000",Yearly,,1,429 sqft,"Platinum Residences, JVC District 12, Jumeirah Village Circle (JVC), Dubai",https://www.bayut.com/property/details-13527319.html
Vacant | Cozy Living | Hot Property,"65,000",Yearly,,1,380 sqft,"Binghatti Aurora, JVC District 12, Jumeirah Village Circle (JVC), Dubai",https://www.bayut.com/property/details-13508781.html
Fully Furnished I Spacious I 12 Cheques,"75,000",Yearly,,1,744 sqft,"National Bonds Residence, JVC District 15, Jumeirah Village Circle (JVC), Dubai",https://www.bayut.com/property/details-13505355.html
Spacious 1BR | Fully Furnished | Upgraded Unit | Luxurious Living,"108,000",Yearly,1,2,500 sqft,"Lana Tower, JVC District 17, Jumeirah Village Circle (JVC), Dubai",https://www.bayut.com/property/details-13466657.html
Prime Location | Urban Living | Rent Now,"54,999",Yearly,,1,362 sqft,"Binghatti Tulip, JVC District 11, Jumeirah Village Circle (JVC), Dubai",https://www.bayut.com/property/details-11779578.html
Available I Unfurnished I Amazing Quality,"74,997",Yearly,1,1,673 sqft,"Binghatti Corner, JVC District 10, Jumeirah Village Circle (JVC), Dubai",https://www.bayut.com/property/details-13553513.html
2BR+Maid | Community View | Smart Home,"135,000",Yearly,2,4,"1,543 sqft","Catch Residences, JVC District 12, Jumeirah Village Circle (JVC), Dubai",https://www.bayut.com/property/details-13526691.html
Elegant 1BR | New Building | Kitchen Appliances,"72,000",Yearly,1,2,576 sqft,"Binghatti Venus, JVC District 13, Jumeirah Village Circle (JVC), Dubai",https://www.bayut.com/property/details-13520744.html
Unfurnished Studio for Rent in JVC | with Balcony,"60,000",Yearly,,1,498 sqft,"Binghatti Phoenix, JVC District 13, Jumeirah Village Circle (JVC), Dubai",https://www.bayut.com/property/details-13520447.html
Multiple Balconies | Corner Unit | Bright | Ready,"92,000",Yearly,2,3,"1,259 sqft","Binghatti Gate, JVC District 15, Jumeirah Village Circle (JVC), Dubai",https://www.bayut.com/property/details-13494020.html
Fully Furnished | Modern | Ready to Move In,"59,999",Yearly,,1,422 sqft,"Al Serh Residences 11, JVC District 10, Jumeirah Village Circle (JVC), Dubai",https://www.bayut.com/property/details-13531320.html
Fitted Kitchen | Converted to 2BHK | High Floor,"135,000",Yearly,1,2,"1,160 sqft","Signature Livings South, Signature Livings, JVC District 10, Jumeirah Village Circle (JVC), Dubai",https://www.bayut.com/property/details-13532916.html
Four Bedroom +Maid | Upgraded | Vacant,"199,995",Yearly,4,5,"2,174 sqft","Marwa Homes 2, JVC District 13, Jumeirah Village Circle (JVC), Dubai",https://www.bayut.com/property/details-13528542.html
Fully Furnished | Smart Home | Rare layout,"120,000",Yearly,2,2,"1,240 sqft","Binghatti Heights, JVC District 10, Jumeirah Village Circle (JVC), Dubai",https://www.bayut.com/property/details-13508371.html
Fully Furnished | Elegant 1 Bedroom Apartment | Premium Amenities,"79,999",Yearly,1,2,975 sqft,"Gardenia 1, Emirates Gardens, JVC District 12, Jumeirah Village Circle (JVC), Dubai",https://www.bayut.com/property/details-13490996.html
Private Pool/High Floor/Modern,"95,000",Yearly,1,2,795 sqft,"Binghatti Phantom, JVC District 17, Jumeirah Village Circle (JVC), Dubai",https://www.bayut.com/property/details-13559238.html
Luxury Apartment | Move In Ready | Corner Unit,"100,000",Yearly,1,2,754 sqft,"Binghatti Aurora, JVC District 12, Jumeirah Village Circle (JVC), Dubai",https://www.bayut.com/property/details-13491695.html
Luxurious 1BR | Fully Furnished | Well Maintained | Pool View,"100,000",Yearly,1,2,762 sqft,"Concept 7 Residences, JVC District 11, Jumeirah Village Circle (JVC), Dubai",https://www.bayut.com/property/details-13467100.html
Fully Furnished | Stunning View | Mid Floor,"120,000",Yearly,1,2,689 sqft,"Binghatti Corner, JVC District 10, Jumeirah Village Circle (JVC), Dubai",https://www.bayut.com/property/details-13460829.html
Prime Location | Furnished | Huge Layout,"90,000",Yearly,1,1,693 sqft,"Binghatti Onyx, JVC District 15, Jumeirah Village Circle (JVC), Dubai",https://www.bayut.com/property/details-11585382.html
Elegant 1-Bedroom Apartment | Al Manal Elite Building,"85,000",Yearly,1,2,841 sqft,"Al Manal Elite, JVC District 13, Jumeirah Village Circle (JVC), Dubai",https://www.bayut.com/property/details-13521812.html
Spacious 1BHK | Massive Layout | Call Now,"90,000",Yearly,1,2,721 sqft,"Marwa Heights, JVC District 15, Jumeirah Village Circle (JVC), Dubai",https://www.bayut.com/property/details-13494301.html
Brand New | Spacious Layout | Ready To Move,"135,000",Yearly,2,3,"1,172 sqft","Park Lane by Heilbronn, JVC District 14, Jumeirah Village Circle (JVC), Dubai",https://www.bayut.com/property/details-11769283.html
Brand New – Next to Park - Multiple Options,"88,000",Yearly,1,1,890 sqft,"Westview Garden, JVC District 15, Jumeirah Village Circle (JVC), Dubai",https://www.bayut.com/property/details-13539007.html
High Floor | 2 bed | Private Pool,"130,000",Yearly,2,1,"1,111 sqft","Binghatti House, JVC District 10, Jumeirah Village Circle (JVC), Dubai",https://www.bayut.com/property/details-13523049.html
Pool View | Near Mall |Low Floor | Near Exit,"53,000",Yearly,,1,429 sqft,"Crystal Residence, JVC District 11, Jumeirah Village Circle (JVC), Dubai",https://www.bayut.com/property/details-13489751.html
Low Floor | Study Room | Appliances Included,"99,000",Yearly,1,2,854 sqft,"Oxford Terraces, JVC District 11, Jumeirah Village Circle (JVC), Dubai",https://www.bayut.com/property/details-13528834.html
Well Maintained | Low Floor | Ready to Move in,"92,000",Yearly,2,3,"1,244 sqft","Continents Tower, JVC District 13, Jumeirah Village Circle (JVC), Dubai",https://www.bayut.com/property/details-13501903.html
FULLY FURNISHED I BEST PRICE I MULTIPLE CHEQUES,"50,000",Yearly,,1,434 sqft,"Laya Mansion, JVC District 15, Jumeirah Village Circle (JVC), Dubai",https://www.bayut.com/property/details-13501092.html
PARK VIEW I BRAND NEW I WITH BALCONY,"129,999",Yearly,2,3,"1,412 sqft","Lumina Vista Residences, JVC District 14, Jumeirah Village Circle (JVC), Dubai",https://www.bayut.com/property/details-13526072.html
Brand New | Vacant | Low Floor | Book Now,"80,000",Yearly,1,1,813 sqft,"SH Living 1, JVC District 14, Jumeirah Village Circle (JVC), Dubai",https://www.bayut.com/property/details-13522903.html
Customized Majlis 2BR G+1 Villa with Massive Private Garden,"245,000",Yearly,2,5,"8,425 sqft","District 16M, JVC District 16, Jumeirah Village Circle (JVC), Dubai",https://www.bayut.com/property/details-13516469.html
Brand New | Premium Quality | Prime Location,"84,990",Yearly,1,2,785 sqft,"Binghatti Aurora, JVC District 12, Jumeirah Village Circle (JVC), Dubai",https://www.bayut.com/property/details-13462602.html
Smart Home | Ready to Move | Unfurnished,"113,500",Yearly,2,2,983 sqft,"Binghatti Corner, JVC District 10, Jumeirah Village Circle (JVC), Dubai",https://www.bayut.com/property/details-13461886.html
Affordable Rent | Furnished Unit | Marina Skyline View,"80,000",Yearly,1,2,746 sqft,"Bloom Heights 2, Bloom Heights, JVC District 15, Jumeirah Village Circle (JVC), Dubai",https://www.bayut.com/property/details-13453526.html
Fortunato | JVC District 11 | JVC,"95,000",Yearly,2,2,888 sqft,"Fortunato, JVC District 11, Jumeirah Village Circle (JVC), Dubai",https://www.bayut.com/property/details-13530410.html
Brand New Fully Furnished 1BHK+Study For Rent,"110,000",Yearly,1,2,938 sqft,"Al Serh Residences 11, JVC District 10, Jumeirah Village Circle (JVC), Dubai",https://www.bayut.com/property/details-13529381.html
Elegant & Modern Apartment I Cozy Layout I Book Today,"70,000",Yearly,1,2,717 sqft,"Aurion Residence, JVC District 10, Jumeirah Village Circle (JVC), Dubai",https://www.bayut.com/property/details-13510836.html
Prime Location | View Now | Huge Layout,"140,000",Yearly,2,2,"1,236 sqft","SH Living 1, JVC District 14, Jumeirah Village Circle (JVC), Dubai",https://www.bayut.com/property/details-13502148.html
High Rise 1 Bed - Apartment | Spacious & Bright Unit I Book Now,"74,990",Yearly,1,2,798 sqft,"Reef Residence, JVC District 13, Jumeirah Village Circle (JVC), Dubai",https://www.bayut.com/property/details-13480026.html
Brand New | Smart Home | Pool View,"87,000",Yearly,1,2,779 sqft,"Binghatti Aurora, JVC District 12, Jumeirah Village Circle (JVC), Dubai",https://www.bayut.com/property/details-13469732.html
"Rare Unit! 1BR with Private Pool | Binghatti Royale, JVC","120,000",Yearly,1,2,920 sqft,"Binghatti Royale, JVC District 18, Jumeirah Village Circle (JVC), Dubai",https://www.bayut.com/property/details-13463607.html
Exclusive | Spacious 1BR with Private Pool,"120,000",Yearly,1,2,921 sqft,"Binghatti Royale, JVC District 18, Jumeirah Village Circle (JVC), Dubai",https://www.bayut.com/property/details-13463069.html
Luxury Apartment | Prime Location | Ready to Move,"80,000",Yearly,1,2,971 sqft,"Taraf 1 Residence, JVC District 11, Jumeirah Village Circle (JVC), Dubai",https://www.bayut.com/property/details-13453926.html
High Floor - Full Park View - Corner Layout,"180,000",Yearly,3,4,"1,311 sqft","Luma Park Views, JVC District 14, Jumeirah Village Circle (JVC), Dubai",https://www.bayut.com/property/details-13450953.html
Pool View | Spacious 1 BR| View Now,"84,990",Yearly,1,2,792 sqft,"Binghatti Aurora, JVC District 12, Jumeirah Village Circle (JVC), Dubai",https://www.bayut.com/property/details-13533777.html
Studio | Exclusive Unit | Peaceful Views | JVC,"55,990",Yearly,,1,413 sqft,"West Tower, Luma 22, JVC District 10, Jumeirah Village Circle (JVC), Dubai",https://www.bayut.com/property/details-13510937.html
Furnished Studio |All Bills Included |12 Cheques,"57,000",Yearly,,1,410 sqft,"Bloom Tower C, Bloom Towers, JVC District 10, Jumeirah Village Circle (JVC), Dubai",https://www.bayut.com/property/details-13496171.html
BRAND NEW | ELEGANT DESIGN | SPACIOUS LAYOUT,"60,000",Yearly,,1,498 sqft,"Binghatti Phoenix, JVC District 13, Jumeirah Village Circle (JVC), Dubai",https://www.bayut.com/property/details-13506640.html
Closed Kitchen | Brand New | Street View,"98,999",Yearly,2,3,"1,334 sqft","Imperial Tower, JVC District 17, Jumeirah Village Circle (JVC), Dubai",https://www.bayut.com/property/details-13506133.html
Ready to Move | New Building | Spacious Layout,"55,000",Yearly,,1,413 sqft,"West Tower, Luma 22, JVC District 10, Jumeirah Village Circle (JVC), Dubai",https://www.bayut.com/property/details-13498578.html
Luxury Living | 1BR with Private Pool | Vacant,"120,000",Yearly,1,2,806 sqft,"Binghatti Royale, JVC District 18, Jumeirah Village Circle (JVC), Dubai",https://www.bayut.com/property/details-13463264.html
AMENITY VIEW I FURNISHED I NEAR CIRCLE MALL,"104,999",Yearly,1,2,755 sqft,"Pearl House 2, JVC District 12, Jumeirah Village Circle (JVC), Dubai",https://www.bayut.com/property/details-13525907.html
Move in NOW | Private Pool | Unfurnished | High Floor,"110,000",Yearly,1,2,795 sqft,"Binghatti Phantom, JVC District 17, Jumeirah Village Circle (JVC), Dubai",https://www.bayut.com/property/details-13513778.html
With Private Pool | Premium Unit | Bigger Layout,"120,000",Yearly,1,2,"1,583 sqft","Binghatti Azure, JVC District 16, Jumeirah Village Circle (JVC), Dubai",https://www.bayut.com/property/details-13494465.html
Premium Studio | Road‑Facing Comfort | City Views,"65,000",Yearly,,1,498 sqft,"Binghatti Phoenix, JVC District 13, Jumeirah Village Circle (JVC), Dubai",https://www.bayut.com/property/details-13490985.html
Brand New | Spacious | Prime Location,"65,000",Yearly,,1,409 sqft,"Binghatti Phoenix, JVC District 13, Jumeirah Village Circle (JVC), Dubai",https://www.bayut.com/property/details-13490481.html
Newly Renovated | 1BR Converted Into 2BR | Ready To Move,"115,000",Yearly,2,2,"1,056 sqft","Gardenia 1, Emirates Gardens, JVC District 12, Jumeirah Village Circle (JVC), Dubai",https://www.bayut.com/property/details-13478618.html
Modern Finishes | Furnished | Bright and Spacious,"65,000",Yearly,,1,426 sqft,"Park View Tower, JVC District 14, Jumeirah Village Circle (JVC), Dubai",https://www.bayut.com/property/details-13477821.html
Spacious 1BR With Premium Finishes | Modern Living | Prime Location | Good Amenities,"89,999",Yearly,1,2,674 sqft,"Oakley Square Residence, JVC District 11, Jumeirah Village Circle (JVC), Dubai",https://www.bayut.com/property/details-13471425.html
"6,999 AED Monthly with Bills|Elegant Studio|12 cheque|Book Now","84,000",Yearly,,1,420 sqft,"Crystal Residence, JVC District 11, Jumeirah Village Circle (JVC), Dubai",https://www.bayut.com/property/details-13426565.html
PRIME LOCATION | BRANDNEW | LUXURY LIVING,"105,000",Yearly,1,2,795 sqft,"Binghatti Phantom, JVC District 17, Jumeirah Village Circle (JVC), Dubai",https://www.bayut.com/property/details-13536521.html
Pool View | Spacious 1 BR| View Now,"84,990",Yearly,1,2,792 sqft,"Binghatti Aurora, JVC District 12, Jumeirah Village Circle (JVC), Dubai",https://www.bayut.com/property/details-13533203.html
Elegant Studio | Prime Location | Ready to Move,"62,000",Yearly,,1,409 sqft,"Binghatti Phoenix, JVC District 13, Jumeirah Village Circle (JVC), Dubai",https://www.bayut.com/property/details-13522850.html
Corner Unit | Open View | Vacant,"75,000",Yearly,1,1,925 sqft,"Reef Residence, JVC District 13, Jumeirah Village Circle (JVC), Dubai",https://www.bayut.com/property/details-13512490.html
Furnished Studio |Modern living |Ready To Move,"55,000",Yearly,,1,443 sqft,"DAMAC Ghalia, JVC District 18, Jumeirah Village Circle (JVC), Dubai",https://www.bayut.com/property/details-13504419.html
Unfurnished | Prime Location | Community View,"50,000",Yearly,,1,381 sqft,"Serenity Lakes 5, JVC District 10, Jumeirah Village Circle (JVC), Dubai",https://www.bayut.com/property/details-13502227.html
Fully Furnished Studio | Upgraded Unit | Luxurious Living | Prime Location,"46,000",Yearly,,1,407 sqft,"DAMAC Ghalia, JVC District 18, Jumeirah Village Circle (JVC), Dubai",https://www.bayut.com/property/details-13496064.html
Ready to Move In | Well-maintained | View of Amenities,"84,999",Yearly,2,3,882 sqft,"Binghatti Mirage, JVC District 10, Jumeirah Village Circle (JVC), Dubai",https://www.bayut.com/property/details-13471912.html
Spacious Living | Fully Furnished | High Floor,"80,000",Yearly,1,2,783 sqft,"Dune Residency, JVC District 17, Jumeirah Village Circle (JVC), Dubai",https://www.bayut.com/property/details-13470054.html
Fully Furnished | Spacious Unit | Vacant Now,"180,000",Yearly,3,3,"1,743 sqft","Tower 108, JVC District 18, Jumeirah Village Circle (JVC), Dubai",https://www.bayut.com/property/details-13441340.html
Amazing View| Great Finishing| Best Amenities,"88,000",Yearly,1,2,965 sqft,"Hameni Residence, JVC District 15, Jumeirah Village Circle (JVC), Dubai",https://www.bayut.com/property/details-9728377.html
Brand New | Fitted Kitchen | Prime Location,"54,999",Yearly,,1,384 sqft,"Binghatti Aurora, JVC District 12, Jumeirah Village Circle (JVC), Dubai",https://www.bayut.com/property/details-13501629.html
Brand New | Premium Quality | Prime Location,"84,990",Yearly,1,2,756 sqft,"Binghatti Aurora, JVC District 12, Jumeirah Village Circle (JVC), Dubai",https://www.bayut.com/property/details-13458339.html
Modern Furnished | Ready to Move | Prime Location,"85,000",Yearly,1,1,"1,088 sqft","Diamond Views II, JVC District 11, Jumeirah Village Circle (JVC), Dubai",https://www.bayut.com/property/details-13452139.html
High Floor | Brand New | Private Pool,"130,000",Yearly,2,2,"1,110 sqft","Binghatti House, JVC District 10, Jumeirah Village Circle (JVC), Dubai",https://www.bayut.com/property/details-10271804.html
Near to Circle Mall | 2 BED in High Floor | Vacant,"95,000",Yearly,2,3,889 sqft,"Fortunato, JVC District 11, Jumeirah Village Circle (JVC), Dubai",https://www.bayut.com/property/details-13533000.html
1 bhk Apartment | with best ammenities | Road view,"68,999",Yearly,1,2,854 sqft,"The Manhattan, JVC District 10, Jumeirah Village Circle (JVC), Dubai",https://www.bayut.com/property/details-13513708.html
"Spacious 1BHK for Rent | Semi-Furnished | Bright Unit | Belgravia 3B, JVC","88,000",Yearly,1,2,833 sqft,"Belgravia 3B, Belgravia 3, JVC District 15, Jumeirah Village Circle (JVC), Dubai",https://www.bayut.com/property/details-13493811.html
Upgraded 3BR | Maid’s Room | Massive Terrace,"240,000",Yearly,3,4,"3,439 sqft","La Rose, JVC District 12, Jumeirah Village Circle (JVC), Dubai",https://www.bayut.com/property/details-13475805.html
Furnished | Vacant | Spacious,"240,000",Yearly,4,5,"5,030 sqft","Sydney Villas, JVC District 15, Jumeirah Village Circle (JVC), Dubai",https://www.bayut.com/property/details-13454831.html
Fully Furnished | Brand New | Premium Quality,"105,000",Yearly,1,2,789 sqft,"Pearl House 2, JVC District 12, Jumeirah Village Circle (JVC), Dubai",https://www.bayut.com/property/details-13426630.html
2 BR + Maids Room | Well Managed | Furnished,"190,000",Yearly,2,3,"2,583 sqft","Nakheel Townhouse, JVC District 12, Jumeirah Village Circle (JVC), Dubai",https://www.bayut.com/property/details-11761134.html
Brand New Smart Home with Park View | Vacant,"55,000",Yearly,,1,325 sqft,"Binghatti Gardenia, JVC District 11, Jumeirah Village Circle (JVC), Dubai",https://www.bayut.com/property/details-11651588.html
"SPACIOUS,READY TO MOVE","115,000",Yearly,2,3,"1,252 sqft","Binghatti Corner, JVC District 10, Jumeirah Village Circle (JVC), Dubai",https://www.bayut.com/property/details-13462534.html
Fully Furnished | Great Finishing | Best Amenities,"75,000",Yearly,1,2,767 sqft,"DAMAC Ghalia, JVC District 18, Jumeirah Village Circle (JVC), Dubai",https://www.bayut.com/property/details-13421163.html
Brand New Smart Home | Park View | Vacant,"85,000",Yearly,1,2,617 sqft,"Binghatti Tulip, JVC District 11, Jumeirah Village Circle (JVC), Dubai",https://www.bayut.com/property/details-11707080.html
Spacious 2BR | Prime Location | Call Now,"90,000",Yearly,2,2,"1,027 sqft","Venus 1, JVC District 12, Jumeirah Village Circle (JVC), Dubai",https://www.bayut.com/property/details-13530823.html
LUXURY STUDIO | MODERN LAYOUT | AFFORDABLE PRICE,"54,999",Yearly,,1,381 sqft,"Binghatti Azure, JVC District 16, Jumeirah Village Circle (JVC), Dubai",https://www.bayut.com/property/details-13494806.html
1BR with Storage | Private Pool | Brand New,"115,000",Yearly,1,2,921 sqft,"JVC District 18, Jumeirah Village Circle (JVC), Dubai",https://www.bayut.com/property/details-13491297.html
Fully Furnished | Great Finishing | Best Amenities,"64,999",Yearly,,1,541 sqft,"Signature Livings North, Signature Livings, JVC District 10, Jumeirah Village Circle (JVC), Dubai",https://www.bayut.com/property/details-13480256.html
Elegant Layout | Study Room | Vacant Now,"105,000",Yearly,1,2,920 sqft,"Binghatti Royale, JVC District 18, Jumeirah Village Circle (JVC), Dubai",https://www.bayut.com/property/details-13460724.html
Modern 1BR Apartment in Binghatti Corner| JVC,"80,000",Yearly,1,2,694 sqft,"Binghatti Corner, JVC District 10, Jumeirah Village Circle (JVC), Dubai",https://www.bayut.com/property/details-13449893.html
Brand New | 1Br+Private Pool | Fitted Kitchen,"99,999",Yearly,1,2,796 sqft,"Binghatti Phantom, JVC District 17, Jumeirah Village Circle (JVC), Dubai",https://www.bayut.com/property/details-13445502.html
LAVISH 1 BEDROOM / BIG BALCONY / READY TO MOVEIN,"70,000",Yearly,1,2,675 sqft,"DAMAC Ghalia, JVC District 18, Jumeirah Village Circle (JVC), Dubai",https://www.bayut.com/property/details-13431273.html
Fully Renovated ! Furnished ! Ready to Move,"77,999",Yearly,1,2,975 sqft,"Gardenia 1, Emirates Gardens, JVC District 12, Jumeirah Village Circle (JVC), Dubai",https://www.bayut.com/property/details-13425199.html
Bright Studio with Balcony | May Residence,"45,000",Yearly,,1,464 sqft,"May Residence Tower 2, May Residence, JVC District 10, Jumeirah Village Circle (JVC), Dubai",https://www.bayut.com/property/details-13608677.html
ELEGANT 1 BHK - SPACIOUS LAYOUT - FAMILY BUILDING,"75,000",Yearly,1,1,753 sqft,"SH Living 1, JVC District 14, Jumeirah Village Circle (JVC), Dubai",https://www.bayut.com/property/details-13472580.html
ELEGANT 1 BHK - SPACIOUS LAYOUT - FAMILY BUILDING,"75,000",Yearly,1,2,714 sqft,"SH Living 1, JVC District 14, Jumeirah Village Circle (JVC), Dubai",https://www.bayut.com/property/details-13472544.html
Well Maintained Unit | 1Bedroom Plus Study Room | Ready To Move,"85,000",Yearly,1,2,950 sqft,"La Riviera Apartments, JVC District 10, Jumeirah Village Circle (JVC), Dubai",https://www.bayut.com/property/details-13469962.html
4 Bedroom | Private Garden | Multiple Options,"195,000",Yearly,4,5,"2,880 sqft","Sydney Villas, JVC District 15, Jumeirah Village Circle (JVC), Dubai",https://www.bayut.com/property/details-11694491.html
Ready to Move | High Floor | Furnished View Home,"90,000",Yearly,1,2,756 sqft,"Bloom Heights 1, Bloom Heights, JVC District 15, Jumeirah Village Circle (JVC), Dubai",https://www.bayut.com/property/details-13522382.html
LUXURY LIVING 1 BR | HIGH FLOOR | UNIQUE LAYOUT,"84,999",Yearly,1,2,740 sqft,"Binghatti Onyx, JVC District 15, Jumeirah Village Circle (JVC), Dubai",https://www.bayut.com/property/details-13520869.html
Spacious 2BR | Elegant Layout | Fully Furnished| Good Amenities,"130,000",Yearly,2,3,"1,240 sqft","Binghatti Heights, JVC District 10, Jumeirah Village Circle (JVC), Dubai",https://www.bayut.com/property/details-13504771.html
Ready to Move | High Floor | Furnished View Home,"90,000",Yearly,1,2,756 sqft,"Bloom Heights 1, Bloom Heights, JVC District 15, Jumeirah Village Circle (JVC), Dubai",https://www.bayut.com/property/details-13522382.html
LUXURY LIVING 1 BR | HIGH FLOOR | UNIQUE LAYOUT,"84,999",Yearly,1,2,740 sqft,"Binghatti Onyx, JVC District 15, Jumeirah Village Circle (JVC), Dubai",https://www.bayut.com/property/details-13520869.html
Spacious 2BR | Elegant Layout | Fully Furnished| Good Amenities,"130,000",Yearly,2,3,"1,240 sqft","Binghatti Heights, JVC District 10, Jumeirah Village Circle (JVC), Dubai",https://www.bayut.com/property/details-13504771.html
Spacious 1BR | Prime Location | Community View,"69,000",Yearly,1,2,837 sqft,"Imperial Tower, JVC District 17, Jumeirah Village Circle (JVC), Dubai",https://www.bayut.com/property/details-13497082.html
Available for move in | High floor | New Building,"70,000",Yearly,1,1,633 sqft,"Binghatti Emerald, JVC District 15, Jumeirah Village Circle (JVC), Dubai",https://www.bayut.com/property/details-13492012.html
SMART LIVING IN BEAUTIFUL HOMES,"130,000",Yearly,2,3,"1,320 sqft","Avanos Residence, JVC District 10, Jumeirah Village Circle (JVC), Dubai",https://www.bayut.com/property/details-13481832.html
Fully Furnished | Pool View | High Quality Amenities,"64,999",Yearly,,1,541 sqft,"Signature Livings North, Signature Livings, JVC District 10, Jumeirah Village Circle (JVC), Dubai",https://www.bayut.com/property/details-13480125.html
Cozy 1-BR Apartment with Parking Spot,"105,000",Yearly,1,2,755 sqft,"Pearl House 2, JVC District 12, Jumeirah Village Circle (JVC), Dubai",https://www.bayut.com/property/details-13459067.html
Furnished 1BHK – Premium Layout in Prime Location,"75,000",Yearly,1,2,857 sqft,"Spica Residential, JVC District 10, Jumeirah Village Circle (JVC), Dubai",https://www.bayut.com/property/details-13509344.html
ELEGANT 1 BHK - KITCHEN APPLIANCES - PERFECT FOR FAMILY LIVING,"80,000",Yearly,1,2,"1,152 sqft","Saleh Bin Lahej JVC Block A, Saleh Bin Lahej JVC, JVC District 10, Jumeirah Village Circle (JVC), Dubai",https://www.bayut.com/property/details-13472676.html
5 BHK + Maid | Ready to Move in | Prime Location,"245,000",Yearly,5,6,"2,215 sqft","Grand Paradise I, JVC District 15, Jumeirah Village Circle (JVC), Dubai",https://www.bayut.com/property/details-13468956.html
Semi Detached Villa | 4 BHK + Maid,"210,000",Yearly,4,4,"2,839 sqft","JVC District 16, Jumeirah Village Circle (JVC), Dubai",https://www.bayut.com/property/details-13468280.html
TOP FLOOR | CORNER UNIT | PANORAMIC TERRACE | JVC,"120,000",Yearly,2,2,"1,297 sqft","Pantheon Boulevard, JVC District 13, Jumeirah Village Circle (JVC), Dubai",https://www.bayut.com/property/details-13465994.html
Brand New | Premium Quality | Fully Furnished,"115,000",Yearly,1,2,970 sqft,"Pearl House 2, JVC District 12, Jumeirah Village Circle (JVC), Dubai",https://www.bayut.com/property/details-13440943.html
Spacious Layout | Bright Unit | Prime Location,"79,000",Yearly,1,2,679 sqft,"Aura, JVC District 14, Jumeirah Village Circle (JVC), Dubai",https://www.bayut.com/property/details-13435862.html
Fully Furnished | Ready to Move | Spacious,"75,000",Yearly,1,2,802 sqft,"Xanadu Residence 2, JVC District 13, Jumeirah Village Circle (JVC), Dubai",https://www.bayut.com/property/details-11706687.html
Stunning 2 B/R | Spacious | Ready to Move,"122,000",Yearly,2,3,"1,316 sqft","SH Living 1, JVC District 14, Jumeirah Village Circle (JVC), Dubai",https://www.bayut.com/property/details-13522448.html
Stunning 2 B/R | Spacious | Ready to Move,"120,000",Yearly,2,3,"1,231 sqft","SH Living 1, JVC District 14, Jumeirah Village Circle (JVC), Dubai",https://www.bayut.com/property/details-13521899.html
Modern Studio| Open Community View | Un Furnished,"65,000",Yearly,,1,409 sqft,"Binghatti Phoenix, JVC District 13, Jumeirah Village Circle (JVC), Dubai",https://www.bayut.com/property/details-13512390.html
Ready to Move | Brand New | Spacious,"67,000",Yearly,,1,428 sqft,"Binghatti Phoenix, JVC District 13, Jumeirah Village Circle (JVC), Dubai",https://www.bayut.com/property/details-13511582.html
Bright 2BR | Blue Bell | JVC | Furnished,"115,000",Yearly,2,3,"1,040 sqft","Bluebell  Residence, JVC District 11, Jumeirah Village Circle (JVC), Dubai",https://www.bayut.com/property/details-13503449.html
BRAND NEW | PRIVATE POOL | FURNISHED | HIGH FLOOR,"129,999",Yearly,1,2,911 sqft,"Binghatti Phantom, JVC District 17, Jumeirah Village Circle (JVC), Dubai",https://www.bayut.com/property/details-13470409.html
Park View / Luxury Furnished / Ready move-in,"58,000",Yearly,,1,461 sqft,"Park View Tower, JVC District 14, Jumeirah Village Circle (JVC), Dubai",https://www.bayut.com/property/details-13457279.html
"Luma Park Views, Jumeirah Village Circle (JVC)","110,000",Yearly,1,2,838 sqft,"Luma Park Views, JVC District 14, Jumeirah Village Circle (JVC), Dubai",https://www.bayut.com/property/details-13445527.html
Spacious Layout | 2Bhk | Unfurnished,"95,000",Yearly,2,3,888 sqft,"Fortunato, JVC District 11, Jumeirah Village Circle (JVC), Dubai",https://www.bayut.com/property/details-13469847.html
Spacious Layout | High Floor | Vacant,"69,000",Yearly,1,2,956 sqft,"Dune Residency, JVC District 17, Jumeirah Village Circle (JVC), Dubai",https://www.bayut.com/property/details-13510983.html
Modern Furnished Studio | Binghatti Aurora | Ready to Move,"63,000",Yearly,,1,384 sqft,"Binghatti Aurora, JVC District 12, Jumeirah Village Circle (JVC), Dubai",https://www.bayut.com/property/details-13509554.html
Elegant 1BR | Top floor | Park view,"85,000",Yearly,1,1,679 sqft,"Oakley Square Residence, JVC District 11, Jumeirah Village Circle (JVC), Dubai",https://www.bayut.com/property/details-13505009.html
Upgraded | Unfurnished | Open kitchen,"210,000",Yearly,3,4,"3,465 sqft","Westar La Residencia del Sol, JVC District 10, Jumeirah Village Circle (JVC), Dubai",https://www.bayut.com/property/details-13465486.html
Brand New | Community View | Ready to Move,"83,000",Yearly,1,2,797 sqft,"Binghatti Phoenix, JVC District 13, Jumeirah Village Circle (JVC), Dubai",https://www.bayut.com/property/details-13522177.html
1-Bedroom | Affordable Rent | With Balcony & Parking,"70,000",Yearly,1,2,890 sqft,"Sobha Daffodil Wing B, Sobha Daffodil, JVC District 13, Jumeirah Village Circle (JVC), Dubai",https://www.bayut.com/property/details-13521816.html
Cozy Studio for Rent JVC | Low Floor | Furnished,"50,000",Yearly,,1,362 sqft,"Regina Tower, JVC District 12, Jumeirah Village Circle (JVC), Dubai",https://www.bayut.com/property/details-13520851.html
Fully Furnished | Community View | Prime Location,"50,000",Yearly,,1,396 sqft,"Milano by Giovanni Boutique Suites, JVC District 17, Jumeirah Village Circle (JVC), Dubai",https://www.bayut.com/property/details-9029719.html
1 BED | VACANT | FULLY FURNISHED | SMART HOME | LARGE TERRACE,"105,000",Yearly,1,2,755 sqft,"Pearl House 2, JVC District 12, Jumeirah Village Circle (JVC), Dubai",https://www.bayut.com/property/details-13543605.html
Fully Furnished | Great Finishing | Best Amenities,"100,000",Yearly,1,2,769 sqft,"Pearl House 2, JVC District 12, Jumeirah Village Circle (JVC), Dubai",https://www.bayut.com/property/details-13523518.html
"Bright apartment,Kitchen appliances,Ready to move","114,999",Yearly,2,2,"1,055 sqft","Bloom Heights 1, Bloom Heights, JVC District 15, Jumeirah Village Circle (JVC), Dubai",https://www.bayut.com/property/details-13509555.html
Bright Villa | Unfurnished | Mediterranean Style,"200,000",Yearly,4,5,"1,631 sqft","Sydney Villas, JVC District 15, Jumeirah Village Circle (JVC), Dubai",https://www.bayut.com/property/details-13491653.html
Exclusive | Fully Furnished | Modern,"100,000",Yearly,1,2,901 sqft,"Catch Residences, JVC District 12, Jumeirah Village Circle (JVC), Dubai",https://www.bayut.com/property/details-13485492.html
Vacant 31st January | Prime Location | Modern,"85,000",Yearly,1,2,648 sqft,"Binghatti Luna, JVC District 12, Jumeirah Village Circle (JVC), Dubai",https://www.bayut.com/property/details-13537410.html
Fully Furnished | Premium Quality | Spacious,"85,000",Yearly,1,2,826 sqft,"Joya Verde Residences, JVC District 11, Jumeirah Village Circle (JVC), Dubai",https://www.bayut.com/property/details-13521824.html
One Bedroom | Vacant | Open View,"115,000",Yearly,1,2,795 sqft,"Jumeirah Village Circle (JVC), Dubai",https://www.bayut.com/property/details-13517034.html
Vacant Soon | Spacious Layout | Pre-Booking,"95,000",Yearly,1,2,809 sqft,"Belgravia 3A, Belgravia 3, JVC District 15, Jumeirah Village Circle (JVC), Dubai",https://www.bayut.com/property/details-13494126.html
VACANT | 1 BEDROOM | SIGNATURE LIVING,"89,000",Yearly,1,2,998 sqft,"Signature Livings South, Signature Livings, JVC District 10, Jumeirah Village Circle (JVC), Dubai",https://www.bayut.com/property/details-13493143.html
FULLY FURNISHED I CONVERTED INTO 2BED I ROAD VIEW,"79,999",Yearly,2,2,920 sqft,"Plaza Residences Block B, Plaza Residences, JVC District 13, Jumeirah Village Circle (JVC), Dubai",https://www.bayut.com/property/details-13489937.html
Modern 1BHK | Great Deal | Reade to Move in,"87,000",Yearly,1,2,953 sqft,"Hameni Residence, JVC District 15, Jumeirah Village Circle (JVC), Dubai",https://www.bayut.com/property/details-13473800.html
12 Cheques | Furnished | Spacious | Vacant,"55,200",Yearly,,1,326 sqft,"Kensington Manor, JVC District 13, Jumeirah Village Circle (JVC), Dubai",https://www.bayut.com/property/details-13471564.html
2 Bedrooms | Unique Layout | Spacious,"128,999",Yearly,2,2,"1,270 sqft","Binghatti Orchid, JVC District 10, Jumeirah Village Circle (JVC), Dubai",https://www.bayut.com/property/details-11571052.html
Luxury Living | Private Plunge Pool | Jumeirah Village Circle,"130,000",Yearly,1,2,"1,454 sqft","SH Living 1, JVC District 14, Jumeirah Village Circle (JVC), Dubai",https://www.bayut.com/property/details-13506039.html
Ready To Move | Huge Size | Spacious 2BHK,"95,000",Yearly,2,2,"1,008 sqft","Venus 1, JVC District 12, Jumeirah Village Circle (JVC), Dubai",https://www.bayut.com/property/details-13489913.html
New 1BR in Pearl House 2 JVC Ready to Move,"99,990",Yearly,1,2,769 sqft,"Pearl House 2, JVC District 12, Jumeirah Village Circle (JVC), Dubai",https://www.bayut.com/property/details-13477453.html
Spacious 2BR | Fully Furnished | Community Views,"105,000",Yearly,2,2,"1,171 sqft","Milano by Giovanni Boutique Suites, JVC District 17, Jumeirah Village Circle (JVC), Dubai",https://www.bayut.com/property/details-11728969.html
Fully Furnished | Prime Location | Ready,"55,000",Yearly,,1,406 sqft,"National Bonds Residence, JVC District 15, Jumeirah Village Circle (JVC), Dubai",https://www.bayut.com/property/details-13540186.html
Smart Home | Fully Furnished | Big Terrace,"120,000",Yearly,2,3,"1,240 sqft","Binghatti Heights, JVC District 10, Jumeirah Village Circle (JVC), Dubai",https://www.bayut.com/property/details-13520340.html
Spacious 1 Bedroom | Private Plunge Pool | Jumeirah Village Circle,"130,000",Yearly,1,2,"1,454 sqft","SH Living 1, JVC District 14, Jumeirah Village Circle (JVC), Dubai",https://www.bayut.com/property/details-13505927.html
Studio Apartment | with best ammenities | Road view,"60,000",Yearly,,1,498 sqft,"Binghatti Phoenix, JVC District 13, Jumeirah Village Circle (JVC), Dubai",https://www.bayut.com/property/details-13493554.html
Brand New | Fully Fitted Kitchen | Park view,"90,000",Yearly,1,2,674 sqft,"Oakley Square Residence, JVC District 11, Jumeirah Village Circle (JVC), Dubai",https://www.bayut.com/property/details-13454585.html
Brand New | Multiple Available | Spacious Layout,"99,999",Yearly,1,2,872 sqft,"Pearl House 2, JVC District 12, Jumeirah Village Circle (JVC), Dubai",https://www.bayut.com/property/details-13518586.html
Stylish 1-Bedroom Apartment | Newly Renovated | Prime Location,"75,000",Yearly,1,2,754 sqft,"Al Amir Residence, JVC District 11, Jumeirah Village Circle (JVC), Dubai",https://www.bayut.com/property/details-13501347.html
Upgraded Studio | Elegant Layout | Good Amenities| Premium Building,"48,000",Yearly,,1,381 sqft,"Serenity Lakes 5, JVC District 10, Jumeirah Village Circle (JVC), Dubai",https://www.bayut.com/property/details-13500632.html
2BHK Plus Maid | Chiller Free | Specious,"119,950",Yearly,2,4,"1,548 sqft","Laya Residences, JVC District 10, Jumeirah Village Circle (JVC), Dubai",https://www.bayut.com/property/details-13495035.html
EXQUISITE 2BHK | READY TO MOVE IN | COMMUNITY VIEW,"125,000",Yearly,2,2,"1,018 sqft","Dana Tower, JVC District 12, Jumeirah Village Circle (JVC), Dubai",https://www.bayut.com/property/details-13482142.html
Brand New | Mid Floor | Uniquely Positioned,"110,000",Yearly,1,2,807 sqft,"Binghatti Royale, JVC District 18, Jumeirah Village Circle (JVC), Dubai",https://www.bayut.com/property/details-13471147.html
PRIME JVC LOCATION | MOVE IN READY | ELEGANT 2BR,"95,000",Yearly,2,3,888 sqft,"Fortunato, JVC District 11, Jumeirah Village Circle (JVC), Dubai",https://www.bayut.com/property/details-13469977.html
Private Pool | Unfurnished | Ready to Move In,"100,000",Yearly,1,2,796 sqft,"Binghatti Phantom, JVC District 17, Jumeirah Village Circle (JVC), Dubai",https://www.bayut.com/property/details-13467427.html
Furnished | Prime Location | Huge Layout,"85,000",Yearly,1,1,656 sqft,"Bloom Tower C, Bloom Towers, JVC District 10, Jumeirah Village Circle (JVC), Dubai",https://www.bayut.com/property/details-11756570.html
Smart Home | Marina View | Prime Location,"85,000",Yearly,1,2,686 sqft,"Binghatti Corner, JVC District 10, Jumeirah Village Circle (JVC), Dubai",https://www.bayut.com/property/details-13533210.html
Spacious 2 BR | Prime Location | Call Now,"120,000",Yearly,2,3,"1,231 sqft","SH Living 1, JVC District 14, Jumeirah Village Circle (JVC), Dubai",https://www.bayut.com/property/details-13509558.html
LUXURIOUS 1 BR | LAUNDRY ROOM | FLEXIBLE CHEQUES,"61,999",Yearly,1,2,659 sqft,"Diamond Views III, JVC District 11, Jumeirah Village Circle (JVC), Dubai",https://www.bayut.com/property/details-13508715.html
2 bed | best ammenities | spacious,"190,000",Yearly,2,3,"1,712 sqft","Binghatti Phantom, JVC District 17, Jumeirah Village Circle (JVC), Dubai",https://www.bayut.com/property/details-13459614.html
Brand New with Private Pool | Smart System,"140,000",Yearly,2,2,"1,150 sqft","Binghatti Tulip, JVC District 11, Jumeirah Village Circle (JVC), Dubai",https://www.bayut.com/property/details-11730543.html
4 Cheques Available | Semi Furnished | Brand New,"100,000",Yearly,1,2,824 sqft,"H Three By Aurora, JVC District 11, Jumeirah Village Circle (JVC), Dubai",https://www.bayut.com/property/details-11718881.html
SPACIOUS | HIGH FLOOR | READY TO MOVE,"145,000",Yearly,3,3,"1,358 sqft","Binghatti Heights, JVC District 10, Jumeirah Village Circle (JVC), Dubai",https://www.bayut.com/property/details-13515793.html
Spacious 1BR | Move In Ready | All Amenities,"68,999",Yearly,1,2,854 sqft,"The Manhattan, JVC District 10, Jumeirah Village Circle (JVC), Dubai",https://www.bayut.com/property/details-13509457.html
Brand New | Private Pool | Best Price,"110,000",Yearly,1,2,921 sqft,"Binghatti Royale, JVC District 18, Jumeirah Village Circle (JVC), Dubai",https://www.bayut.com/property/details-13470920.html
READY TO MOVE | PRIME LOCATION | GREAT AMENITIES,"63,000",Yearly,,1,389 sqft,"Binghatti Aurora, JVC District 12, Jumeirah Village Circle (JVC), Dubai",https://www.bayut.com/property/details-13470345.html
Vacant Spacious Layout High Floor Pool View,"125,000",Yearly,2,2,"1,109 sqft","Binghatti Azure, JVC District 16, Jumeirah Village Circle (JVC), Dubai",https://www.bayut.com/property/details-13469132.html
Furnished / Ready to Move / Spacious Apartment,"110,000",Yearly,1,2,741 sqft,"Binghatti Onyx, JVC District 15, Jumeirah Village Circle (JVC), Dubai",https://www.bayut.com/property/details-13432440.html
1BR spacious / ready to move,"85,000",Yearly,1,2,797 sqft,"Binghatti Phoenix, JVC District 13, Jumeirah Village Circle (JVC), Dubai",https://www.bayut.com/property/details-13471653.html
Fully Fitted Kitchen | Furnished | Vacant,"130,000",Yearly,2,3,"1,240 sqft","Binghatti Heights, JVC District 10, Jumeirah Village Circle (JVC), Dubai",https://www.bayut.com/property/details-13471031.html
Spacious Studio | Bright Unit | Big Layout | Affordable Price,"51,990",Yearly,,1,431 sqft,"Al Waseem Residences, JVC District 11, Jumeirah Village Circle (JVC), Dubai",https://www.bayut.com/property/details-13469880.html
Furnished | Vacant | Spacious,"240,000",Yearly,4,5,"5,030 sqft","Sydney Villas, JVC District 15, Jumeirah Village Circle (JVC), Dubai",https://www.bayut.com/property/details-13454831.html
Fully Furnished | Brand New | Premium Quality,"105,000",Yearly,1,2,789 sqft,"Pearl House 2, JVC District 12, Jumeirah Village Circle (JVC), Dubai",https://www.bayut.com/property/details-13426630.html
2 BR + Maids Room | Well Managed | Furnished,"190,000",Yearly,2,3,"2,583 sqft","Nakheel Townhouse, JVC District 12, Jumeirah Village Circle (JVC), Dubai",https://www.bayut.com/property/details-11761134.html
Brand New Smart Home with Park View | Vacant,"55,000",Yearly,,1,325 sqft,"Binghatti Gardenia, JVC District 11, Jumeirah Village Circle (JVC), Dubai",https://www.bayut.com/property/details-11651588.html
Spacious 2BR | Huge Layout | Elegant Living | Prime Location,"90,000",Yearly,2,2,"1,152 sqft","Al Zubaidi Residence, JVC District 10, Jumeirah Village Circle (JVC), Dubai",https://www.bayut.com/property/details-13469473.html
"SPACIOUS,READY TO MOVE","115,000",Yearly,2,3,"1,252 sqft","Binghatti Corner, JVC District 10, Jumeirah Village Circle (JVC), Dubai",https://www.bayut.com/property/details-13462534.html
Fully Furnished | Great Finishing | Best Amenities,"75,000",Yearly,1,2,767 sqft,"DAMAC Ghalia, JVC District 18, Jumeirah Village Circle (JVC), Dubai",https://www.bayut.com/property/details-13421163.html
Brand New Smart Home | Park View | Vacant,"85,000",Yearly,1,2,617 sqft,"Binghatti Tulip, JVC District 11, Jumeirah Village Circle (JVC), Dubai",https://www.bayut.com/property/details-11707080.html
Spacious 2BR | Prime Location | Call Now,"90,000",Yearly,2,2,"1,027 sqft","Venus 1, JVC District 12, Jumeirah Village Circle (JVC), Dubai",https://www.bayut.com/property/details-13530823.html
LUXURY STUDIO | MODERN LAYOUT | AFFORDABLE PRICE,"54,999",Yearly,,1,381 sqft,"Binghatti Azure, JVC District 16, Jumeirah Village Circle (JVC), Dubai",https://www.bayut.com/property/details-13494806.html
1BR with Storage | Private Pool | Brand New,"115,000",Yearly,1,2,921 sqft,"JVC District 18, Jumeirah Village Circle (JVC), Dubai",https://www.bayut.com/property/details-13491297.html
Fully Furnished | Great Finishing | Best Amenities,"64,999",Yearly,,1,541 sqft,"Signature Livings North, Signature Livings, JVC District 10, Jumeirah Village Circle (JVC), Dubai",https://www.bayut.com/property/details-13480256.html
Elegant Layout | Study Room | Vacant Now,"105,000",Yearly,1,2,920 sqft,"Binghatti Royale, JVC District 18, Jumeirah Village Circle (JVC), Dubai",https://www.bayut.com/property/details-13460724.html
Modern 1BR Apartment in Binghatti Corner| JVC,"80,000",Yearly,1,2,694 sqft,"Binghatti Corner, JVC District 10, Jumeirah Village Circle (JVC), Dubai",https://www.bayut.com/property/details-13449893.html
Brand New | 1Br+Private Pool | Fitted Kitchen,"99,999",Yearly,1,2,796 sqft,"Binghatti Phantom, JVC District 17, Jumeirah Village Circle (JVC), Dubai",https://www.bayut.com/property/details-13445502.html
LAVISH 1 BEDROOM / BIG BALCONY / READY TO MOVEIN,"70,000",Yearly,1,2,675 sqft,"DAMAC Ghalia, JVC District 18, Jumeirah Village Circle (JVC), Dubai",https://www.bayut.com/property/details-13431273.html
Prime Location | View Now | Huge Layout,"140,000",Yearly,2,2,"1,236 sqft","SH Living 1, JVC District 14, Jumeirah Village Circle (JVC), Dubai",https://www.bayut.com/property/details-13502148.html
High Rise 1 Bed - Apartment | Spacious & Bright Unit I Book Now,"74,990",Yearly,1,2,798 sqft,"Reef Residence, JVC District 13, Jumeirah Village Circle (JVC), Dubai",https://www.bayut.com/property/details-13480026.html
Brand New | Smart Home | Pool View,"87,000",Yearly,1,2,779 sqft,"Binghatti Aurora, JVC District 12, Jumeirah Village Circle (JVC), Dubai",https://www.bayut.com/property/details-13469732.html
"Rare Unit! 1BR with Private Pool | Binghatti Royale, JVC","120,000",Yearly,1,2,920 sqft,"Binghatti Royale, JVC District 18, Jumeirah Village Circle (JVC), Dubai",https://www.bayut.com/property/details-13463607.html
Exclusive | Spacious 1BR with Private Pool,"120,000",Yearly,1,2,921 sqft,"Binghatti Royale, JVC District 18, Jumeirah Village Circle (JVC), Dubai",https://www.bayut.com/property/details-13463069.html
Luxury Apartment | Prime Location | Ready to Move,"80,000",Yearly,1,2,971 sqft,"Taraf 1 Residence, JVC District 11, Jumeirah Village Circle (JVC), Dubai",https://www.bayut.com/property/details-13453926.html
High Floor - Full Park View - Corner Layout,"180,000",Yearly,3,4,"1,311 sqft","Luma Park Views, JVC District 14, Jumeirah Village Circle (JVC), Dubai",https://www.bayut.com/property/details-13450953.html
Pool View | Spacious 1 BR| View Now,"84,990",Yearly,1,2,792 sqft,"Binghatti Aurora, JVC District 12, Jumeirah Village Circle (JVC), Dubai",https://www.bayut.com/property/details-13533777.html
Studio | Exclusive Unit | Peaceful Views | JVC,"55,990",Yearly,,1,413 sqft,"West Tower, Luma 22, JVC District 10, Jumeirah Village Circle (JVC), Dubai",https://www.bayut.com/property/details-13510937.html
BRAND NEW | ELEGANT DESIGN | SPACIOUS LAYOUT,"60,000",Yearly,,1,498 sqft,"Binghatti Phoenix, JVC District 13, Jumeirah Village Circle (JVC), Dubai",https://www.bayut.com/property/details-13506640.html
Closed Kitchen | Brand New | Street View,"98,999",Yearly,2,3,"1,334 sqft","Imperial Tower, JVC District 17, Jumeirah Village Circle (JVC), Dubai",https://www.bayut.com/property/details-13506133.html
Ready to Move | New Building | Spacious Layout,"55,000",Yearly,,1,413 sqft,"West Tower, Luma 22, JVC District 10, Jumeirah Village Circle (JVC), Dubai",https://www.bayut.com/property/details-13498578.html
Luxury Living | 1BR with Private Pool | Vacant,"120,000",Yearly,1,2,806 sqft,"Binghatti Royale, JVC District 18, Jumeirah Village Circle (JVC), Dubai",https://www.bayut.com/property/details-13463264.html
AMENITY VIEW I FURNISHED I NEAR CIRCLE MALL,"104,999",Yearly,1,2,755 sqft,"Pearl House 2, JVC District 12, Jumeirah Village Circle (JVC), Dubai",https://www.bayut.com/property/details-13525907.html
Move in NOW | Private Pool | Unfurnished | High Floor,"110,000",Yearly,1,2,795 sqft,"Binghatti Phantom, JVC District 17, Jumeirah Village Circle (JVC), Dubai",https://www.bayut.com/property/details-13513778.html
With Private Pool | Premium Unit | Bigger Layout,"120,000",Yearly,1,2,"1,583 sqft","Binghatti Azure, JVC District 16, Jumeirah Village Circle (JVC), Dubai",https://www.bayut.com/property/details-13494465.html
Premium Studio | Road‑Facing Comfort | City Views,"65,000",Yearly,,1,498 sqft,"Binghatti Phoenix, JVC District 13, Jumeirah Village Circle (JVC), Dubai",https://www.bayut.com/property/details-13490985.html
Brand New | Spacious | Prime Location,"65,000",Yearly,,1,409 sqft,"Binghatti Phoenix, JVC District 13, Jumeirah Village Circle (JVC), Dubai",https://www.bayut.com/property/details-13490481.html
Newly Renovated | 1BR Converted Into 2BR | Ready To Move,"115,000",Yearly,2,2,"1,056 sqft","Gardenia 1, Emirates Gardens, JVC District 12, Jumeirah Village Circle (JVC), Dubai",https://www.bayut.com/property/details-13478618.html
Modern Finishes | Furnished | Bright and Spacious,"65,000",Yearly,,1,426 sqft,"Park View Tower, JVC District 14, Jumeirah Village Circle (JVC), Dubai",https://www.bayut.com/property/details-13477821.html
Spacious 1BR With Premium Finishes | Modern Living | Prime Location | Good Amenities,"89,999",Yearly,1,2,674 sqft,"Oakley Square Residence, JVC District 11, Jumeirah Village Circle (JVC), Dubai",https://www.bayut.com/property/details-13471425.html
"6,999 AED Monthly with Bills|Elegant Studio|12 cheque|Book Now","84,000",Yearly,,1,420 sqft,"Crystal Residence, JVC District 11, Jumeirah Village Circle (JVC), Dubai",https://www.bayut.com/property/details-13426565.html
PRIME LOCATION | BRANDNEW | LUXURY LIVING,"105,000",Yearly,1,2,795 sqft,"Binghatti Phantom, JVC District 17, Jumeirah Village Circle (JVC), Dubai",https://www.bayut.com/property/details-13536521.html
Pool View | Spacious 1 BR| View Now,"84,990",Yearly,1,2,792 sqft,"Binghatti Aurora, JVC District 12, Jumeirah Village Circle (JVC), Dubai",https://www.bayut.com/property/details-13533203.html
Elegant Studio | Prime Location | Ready to Move,"62,000",Yearly,,1,409 sqft,"Binghatti Phoenix, JVC District 13, Jumeirah Village Circle (JVC), Dubai",https://www.bayut.com/property/details-13522850.html
Corner Unit | Open View | Vacant,"75,000",Yearly,1,1,925 sqft,"Reef Residence, JVC District 13, Jumeirah Village Circle (JVC), Dubai",https://www.bayut.com/property/details-13512490.html
Furnished Studio |Modern living |Ready To Move,"55,000",Yearly,,1,443 sqft,"DAMAC Ghalia, JVC District 18, Jumeirah Village Circle (JVC), Dubai",https://www.bayut.com/property/details-13504419.html
Unfurnished | Prime Location | Community View,"50,000",Yearly,,1,381 sqft,"Serenity Lakes 5, JVC District 10, Jumeirah Village Circle (JVC), Dubai",https://www.bayut.com/property/details-13502227.html
Ready to Move In | Well-maintained | View of Amenities,"84,999",Yearly,2,3,882 sqft,"Binghatti Mirage, JVC District 10, Jumeirah Village Circle (JVC), Dubai",https://www.bayut.com/property/details-13471912.html
Spacious Living | Fully Furnished | High Floor,"80,000",Yearly,1,2,783 sqft,"Dune Residency, JVC District 17, Jumeirah Village Circle (JVC), Dubai",https://www.bayut.com/property/details-13470054.html
Fully Furnished | Spacious Unit | Vacant Now,"180,000",Yearly,3,3,"1,743 sqft","Tower 108, JVC District 18, Jumeirah Village Circle (JVC), Dubai",https://www.bayut.com/property/details-13441340.html
Amazing View| Great Finishing| Best Amenities,"88,000",Yearly,1,2,965 sqft,"Hameni Residence, JVC District 15, Jumeirah Village Circle (JVC), Dubai",https://www.bayut.com/property/details-9728377.html
Brand New | Fitted Kitchen | Prime Location,"54,999",Yearly,,1,384 sqft,"Binghatti Aurora, JVC District 12, Jumeirah Village Circle (JVC), Dubai",https://www.bayut.com/property/details-13501629.html
Brand New | Premium Quality | Prime Location,"84,990",Yearly,1,2,756 sqft,"Binghatti Aurora, JVC District 12, Jumeirah Village Circle (JVC), Dubai",https://www.bayut.com/property/details-13458339.html
Modern Furnished | Ready to Move | Prime Location,"85,000",Yearly,1,1,"1,088 sqft","Diamond Views II, JVC District 11, Jumeirah Village Circle (JVC), Dubai",https://www.bayut.com/property/details-13452139.html
High Floor | Brand New | Private Pool,"130,000",Yearly,2,2,"1,110 sqft","Binghatti House, JVC District 10, Jumeirah Village Circle (JVC), Dubai",https://www.bayut.com/property/details-10271804.html
Near to Circle Mall | 2 BED in High Floor | Vacant,"95,000",Yearly,2,3,889 sqft,"Fortunato, JVC District 11, Jumeirah Village Circle (JVC), Dubai",https://www.bayut.com/property/details-13533000.html
1 bhk Apartment | with best ammenities | Road view,"68,999",Yearly,1,2,854 sqft,"The Manhattan, JVC District 10, Jumeirah Village Circle (JVC), Dubai",https://www.bayut.com/property/details-13513708.html
"Spacious 1BHK for Rent | Semi-Furnished | Bright Unit | Belgravia 3B, JVC","88,000",Yearly,1,2,833 sqft,"Belgravia 3B, Belgravia 3, JVC District 15, Jumeirah Village Circle (JVC), Dubai",https://www.bayut.com/property/details-13493811.html
Upgraded 3BR | Maid’s Room | Massive Terrace,"240,000",Yearly,3,4,"3,439 sqft","La Rose, JVC District 12, Jumeirah Village Circle (JVC), Dubai",https://www.bayut.com/property/details-13475805.html
Modern 1BR + Private Pool | High-End Living | Vacant,"120,000",Yearly,1,2,806 sqft,"Binghatti Royale, JVC District 18, Jumeirah Village Circle (JVC), Dubai",https://www.bayut.com/property/details-13463449.html
High-End Comfort 1-Bed I Premium Quality I Ready to Move-In,"89,999",Yearly,1,2,"1,082 sqft","Herad Tower, JVC District 18, Jumeirah Village Circle (JVC), Dubai",https://www.bayut.com/property/details-13503053.html
Brand new luxurious and iconic building,"65,000",Yearly,,1,409 sqft,"Binghatti Phoenix, JVC District 13, Jumeirah Village Circle (JVC), Dubai",https://www.bayut.com/property/details-13495066.html
LUXURY 3 BHK - SPACIOUS LAYOUT - FAMILY BUILDING - PRIME LOCATIION,"137,000",Yearly,3,4,"1,763 sqft","Burj Residence 2, JVC District 10, Jumeirah Village Circle (JVC), Dubai",https://www.bayut.com/property/details-13472779.html
Brand New | Private Pool | Ready to Move,"115,000",Yearly,1,2,795 sqft,"Binghatti Phantom, JVC District 17, Jumeirah Village Circle (JVC), Dubai",https://www.bayut.com/property/details-13467721.html
Brand New | Premium Quality | Prime Location,"84,990",Yearly,1,2,782 sqft,"Binghatti Aurora, JVC District 12, Jumeirah Village Circle (JVC), Dubai",https://www.bayut.com/property/details-13462929.html
vaccant-luxury living-Garden view,"58,000",Yearly,,1,447 sqft,"Luma21, JVC District 14, Jumeirah Village Circle (JVC), Dubai",https://www.bayut.com/property/details-13458653.html
MODERN 1 BR | EQUIPPED KITCHEN | READY TO MOVE IN,"69,999",Yearly,1,2,773 sqft,"Hanover Square, JVC District 10, Jumeirah Village Circle (JVC), Dubai",https://www.bayut.com/property/details-13542557.html
High Floor | Modern Layout | Ready to Move In,"90,000",Yearly,1,2,674 sqft,"Oakley Square Residence, JVC District 11, Jumeirah Village Circle (JVC), Dubai",https://www.bayut.com/property/details-13515126.html
Brand new | High Floor | Ready To Move,"110,000",Yearly,1,2,795 sqft,"Binghatti Phantom, JVC District 17, Jumeirah Village Circle (JVC), Dubai",https://www.bayut.com/property/details-13499881.html
Brand New Studio | Move-In Ready | Prime Location,"62,000",Yearly,,1,387 sqft,"Binghatti Aurora, JVC District 12, Jumeirah Village Circle (JVC), Dubai",https://www.bayut.com/property/details-13493248.html
FURNISHED I WITH BALCONY I NEAR EMIRATES MALL,"94,999",Yearly,1,2,631 sqft,"Binghatti Crest, JVC District 13, Jumeirah Village Circle (JVC), Dubai",https://www.bayut.com/property/details-13490159.html
2BHK For Rent | Smart Home | Open View,"130,000",Yearly,2,2,"1,113 sqft","Binghatti House, JVC District 10, Jumeirah Village Circle (JVC), Dubai",https://www.bayut.com/property/details-13471136.html
High Rise - Luxury 1 Bed | Resort-Style Living | World-Class Facilities,"115,000",Yearly,1,2,922 sqft,"Binghatti Royale, JVC District 18, Jumeirah Village Circle (JVC), Dubai",https://www.bayut.com/property/details-13468471.html
Elegant 1 Bedroom + Pool | Modern Comfort | Prime Dubai Lifestyle,"110,000",Yearly,1,2,924 sqft,"Binghatti Royale, JVC District 18, Jumeirah Village Circle (JVC), Dubai",https://www.bayut.com/property/details-13468454.html
LUXURY 3 BR + POOL | BIGGER LAYOUT | HIGH FLOOR,"194,999",Yearly,3,4,"1,844 sqft","Binghatti Tulip, JVC District 11, Jumeirah Village Circle (JVC), Dubai",https://www.bayut.com/property/details-13467528.html
Spacious | Fully Furnished | Available Now,"110,000",Yearly,2,2,"1,160 sqft","Gardenia 2, Emirates Gardens, JVC District 12, Jumeirah Village Circle (JVC), Dubai",https://www.bayut.com/property/details-13466544.html
3Bedroom+maid | High floor | Clear view,"150,000",Yearly,3,4,"1,566 sqft","Dune Residency, JVC District 17, Jumeirah Village Circle (JVC), Dubai",https://www.bayut.com/property/details-13458175.html
Vacant soon | Spacious | Upgraded | Landscaped,"280,000",Yearly,4,5,"4,494 sqft","Shamal Terraces, JVC District 14, Jumeirah Village Circle (JVC), Dubai",https://www.bayut.com/property/details-13430978.html
Pool View | Modern Layout | High End Quality,"60,999",Yearly,1,1,657 sqft,"Knightsbridge Court, JVC District 13, Jumeirah Village Circle (JVC), Dubai",https://www.bayut.com/property/details-13422896.html
Prime Location | Spacious Layout | Book Now,"67,000",Yearly,,1,428 sqft,"Binghatti Phoenix, JVC District 13, Jumeirah Village Circle (JVC), Dubai",https://www.bayut.com/property/details-13505555.html
Fully Furnished | Premium Quality | Prime Location,"94,000",Yearly,1,2,957 sqft,"Binghatti Corner, JVC District 10, Jumeirah Village Circle (JVC), Dubai",https://www.bayut.com/property/details-13490103.html
Pay in 12 Cheques | Including Bills | Furnished,"66,000",Yearly,,1,423 sqft,"Roxana Residence D, Roxana Residences, JVC District 12, Jumeirah Village Circle (JVC), Dubai",https://www.bayut.com/property/details-13467030.html
Fully furnished | Bright and Spacious | Call Now,"69,999",Yearly,1,2,685 sqft,"GMM Tower 1, JVC District 12, Jumeirah Village Circle (JVC), Dubai",https://www.bayut.com/property/details-13460626.html
Jan 26 | Fully Furnished | Balcony | JVC,"79,999",Yearly,1,2,653 sqft,"Binghatti Rose, JVC District 15, Jumeirah Village Circle (JVC), Dubai",https://www.bayut.com/property/details-13459389.html
Vacant | Modern Studio | Well-maintained,"60,000",Yearly,,1,382 sqft,"Serenity Lakes 5, JVC District 10, Jumeirah Village Circle (JVC), Dubai",https://www.bayut.com/property/details-13459343.html
2BR Apartment | Semi-Furnished | Study Room,"120,000",Yearly,2,3,"1,113 sqft","La Residenza, JVC District 10, Jumeirah Village Circle (JVC), Dubai",https://www.bayut.com/property/details-13455746.html
Brand New Unit | Spacious Apt | Kitchen Appliances,"80,000",Yearly,1,2,760 sqft,"Binghatti Phoenix, JVC District 13, Jumeirah Village Circle (JVC), Dubai",https://www.bayut.com/property/details-13442747.html
High-End Quality | Private Pool | Brand-New,"120,000",Yearly,1,2,921 sqft,"Binghatti Royale, JVC District 18, Jumeirah Village Circle (JVC), Dubai",https://www.bayut.com/property/details-13440386.html
Premium Quality 1BHK | Unfurnished | Open View,"79,000",Yearly,1,2,749 sqft,"Bloom Heights 1, Bloom Heights, JVC District 15, Jumeirah Village Circle (JVC), Dubai",https://www.bayut.com/property/details-13440272.html
BRAND NEW I UNFURNISHED I SPACIOUS,"59,999",Yearly,,1,498 sqft,"Binghatti Phoenix, JVC District 13, Jumeirah Village Circle (JVC), Dubai",https://www.bayut.com/property/details-13479261.html
GENUINE LISTING | VACANT | FURNISHED | 1 PARKING | STUDIO | JVC KNIGHTSBRIDGE COURT,"55,000",Yearly,,1,514 sqft,"JVC District 13, Jumeirah Village Circle (JVC), Dubai",https://www.bayut.com/property/details-13466515.html
BRAND NEW I UNFURNISHED I SPACIOUS,"59,999",Yearly,,1,498 sqft,"Binghatti Phoenix, JVC District 13, Jumeirah Village Circle (JVC), Dubai",https://www.bayut.com/property/details-13479261.html
GENUINE LISTING | VACANT | FURNISHED | 1 PARKING | STUDIO | JVC KNIGHTSBRIDGE COURT,"55,000",Yearly,,1,514 sqft,"JVC District 13, Jumeirah Village Circle (JVC), Dubai",https://www.bayut.com/property/details-13466515.html
Fully Furnished | Private Terrace | Flexible Cheques,"130,000",Yearly,2,2,"1,240 sqft","Binghatti Heights, JVC District 10, Jumeirah Village Circle (JVC), Dubai",https://www.bayut.com/property/details-13465961.html
Brand New | Pool View | Furnished | Smart Living,"100,000",Yearly,1,2,669 sqft,"Pearl House by Imtiaz, JVC District 13, Jumeirah Village Circle (JVC), Dubai",https://www.bayut.com/property/details-13465403.html
Vacant | Furnished Unfurnished Option | Hot Deal,"63,000",Yearly,,1,389 sqft,"Binghatti Aurora, JVC District 12, Jumeirah Village Circle (JVC), Dubai",https://www.bayut.com/property/details-13462948.html
Unfurnished | Ready to Move | With Balcony,"57,000",Yearly,,1,367 sqft,"Binghatti Tulip, JVC District 11, Jumeirah Village Circle (JVC), Dubai",https://www.bayut.com/property/details-13462666.html
3BR Duplex+Maidroom | Road facing | Call Now,"160,000",Yearly,3,4,"3,255 sqft","Royal JVC Building, JVC District 10, Jumeirah Village Circle (JVC), Dubai",https://www.bayut.com/property/details-13462346.html
High Floor | Spacious 3BR | Ready to Move,"150,000",Yearly,3,4,"1,565 sqft","Dune Residency, JVC District 17, Jumeirah Village Circle (JVC), Dubai",https://www.bayut.com/property/details-13459229.html
Brand New | 4bhk + Maid | G+1 | Next to Park.,"259,999",Yearly,4,6,"2,715 sqft","JVC District 14, Jumeirah Village Circle (JVC), Dubai",https://www.bayut.com/property/details-13454241.html
Contemporary Interiors | Spacious | Vacant,"220,000",Yearly,4,5,"1,350 sqft","Iris Park, JVC District 15, Jumeirah Village Circle (JVC), Dubai",https://www.bayut.com/property/details-13454240.html
1BR | SPACIOUS | READY TO MOVE,"75,000",Yearly,1,2,798 sqft,"Reef Residence, JVC District 13, Jumeirah Village Circle (JVC), Dubai",https://www.bayut.com/property/details-13449999.html
Spacious & Bright | Great Layout I Fitted Kitchen,"170,000",Yearly,2,3,"1,923 sqft","Belgravia 2, JVC District 14, Jumeirah Village Circle (JVC), Dubai",https://www.bayut.com/property/details-13420943.html
Fully Furnished Tower 108 Keys in Hand,"99,999",Yearly,1,1,"1,229 sqft","Tower 108, JVC District 18, Jumeirah Village Circle (JVC), Dubai",https://www.bayut.com/property/details-11726100.html
"Fully Furnished 1BR | 2 Masters | 1022 Sqft | Huge Balcony | Vacant | Binghatti Gate, JVC","75,000",Yearly,1,2,995 sqft,"Binghatti Gate, JVC District 15, Jumeirah Village Circle (JVC), Dubai",https://www.bayut.com/property/details-13633948.html
SPACIOUS 1 BHK WITH JACUZZI - HIGH END FINISHES - FAMILY BUILDING,"100,000",Yearly,1,2,"1,205 sqft","SH Living 1, JVC District 14, Jumeirah Village Circle (JVC), Dubai",https://www.bayut.com/property/details-13472563.html
TOP QUALITY | BIGGEST LAYOUT | BRAND NEW,"125,000",Yearly,1,2,951 sqft,"Belgravia Heights 1, JVC District 12, Jumeirah Village Circle (JVC), Dubai",https://www.bayut.com/property/details-13460828.html
High Floor | Modern Finishing | Spacious Balcony,"80,000",Yearly,1,2,698 sqft,"Binghatti Corner, JVC District 10, Jumeirah Village Circle (JVC), Dubai",https://www.bayut.com/property/details-13456632.html
2BHK+ Maid Family Living in JVC,"90,000",Yearly,2,4,"1,258 sqft","Summer 1 Block A, Summer, Seasons Community, JVC District 15, Jumeirah Village Circle (JVC), Dubai",https://www.bayut.com/property/details-13456521.html
Brand New 2BHK with kitchen appliances apartment// All amenities// ready to move,"120,000",Yearly,2,3,"1,226 sqft","SH Living 1, JVC District 14, Jumeirah Village Circle (JVC), Dubai",https://www.bayut.com/property/details-13454913.html
Luxury Studio | Great Location | Call now,"49,998",Yearly,,1,339 sqft,"Binghatti Azure, JVC District 16, Jumeirah Village Circle (JVC), Dubai",https://www.bayut.com/property/details-13442978.html
High End Marble Furniture | High Floor | Brand New,"90,000",Yearly,1,2,697 sqft,"Binghatti Onyx, JVC District 15, Jumeirah Village Circle (JVC), Dubai",https://www.bayut.com/property/details-13428938.html
Brand New | Spacious 1BHK | Next to Exit,"100,000",Yearly,1,2,795 sqft,"Binghatti Phantom, JVC District 17, Jumeirah Village Circle (JVC), Dubai",https://www.bayut.com/property/details-13400592.html
Open View | Prime Location | Call To Inquire,"70,000",Yearly,1,2,928 sqft,"Siena 2, Siena, Tuscan Residence, JVC District 10, Jumeirah Village Circle (JVC), Dubai",https://www.bayut.com/property/details-13476339.html
ELEGANT 1BR | CLOSE TO CIRCLE MALL | MODERN LAYOUT,"74,999",Yearly,1,1,622 sqft,"Pantheon Elysee III, JVC District 15, Jumeirah Village Circle (JVC), Dubai",https://www.bayut.com/property/details-13476249.html
Upgraded Unit | Excellent Finishing | Vacant,"75,000",Yearly,1,2,846 sqft,"Sandoval Garden Block A, Sandoval Garden, JVC District 14, Jumeirah Village Circle (JVC), Dubai",https://www.bayut.com/property/details-13491215.html
Spacious 2 Bedroom | Open Kitchen | Community View,"90,000",Yearly,2,2,888 sqft,"Fortunato, JVC District 11, Jumeirah Village Circle (JVC), Dubai",https://www.bayut.com/property/details-13477627.html
Luxury Furnished 1BHK | Brand New | Close to Mall,"110,000",Yearly,1,2,754 sqft,"Pearl House 2, JVC District 12, Jumeirah Village Circle (JVC), Dubai",https://www.bayut.com/property/details-13510865.html
FULLY FURNISHED / ONE MONTH FREE OFFER | STUDIO /,"55,000",Yearly,,1,382 sqft,"Aurion Residence, JVC District 10, Jumeirah Village Circle (JVC), Dubai",https://www.bayut.com/property/details-13505713.html
Affordable 1BHK Apartment in Oxford Building,"70,000",Yearly,1,2,823 sqft,"Oxford Building, JVC District 14, Jumeirah Village Circle (JVC), Dubai",https://www.bayut.com/property/details-13505641.html
Park View | Prime Location | Spacious Unit,"90,000",Yearly,1,2,620 sqft,"Binghatti Tulip, JVC District 11, Jumeirah Village Circle (JVC), Dubai",https://www.bayut.com/property/details-13490617.html
Spacious 1 BHK - Modern Layout - New Building - Prime Location,"82,000",Yearly,1,2,721 sqft,"Rokane G25, JVC District 10, Jumeirah Village Circle (JVC), Dubai",https://www.bayut.com/property/details-13472701.html
Pay in 12 Cheques | Community View | Furnished,"54,999",Yearly,,1,405 sqft,"Plaza Residences Block B, Plaza Residences, JVC District 13, Jumeirah Village Circle (JVC), Dubai",https://www.bayut.com/property/details-13465931.html
Modern Layout | Fully Furnished | Low Floor,"100,000",Yearly,1,2,737 sqft,"Pearl House by Imtiaz, JVC District 13, Jumeirah Village Circle (JVC), Dubai",https://www.bayut.com/property/details-13460335.html
Premium Living | Open View in the Heart of JVC,"85,000",Yearly,1,1,811 sqft,"Belgravia Heights 1, JVC District 12, Jumeirah Village Circle (JVC), Dubai",https://www.bayut.com/property/details-13441799.html
Full Building For Rent for Staff Accommodation !,"4,000,000",Yearly,3,3,"16,107 sqft","Jumeirah Village Circle (JVC), Dubai",https://www.bayut.com/property/details-13532996.html
Modern 1 BHK + Study | Brand new | JVC,"90,000",Yearly,1,2,773 sqft,"Dusk by Binghatti, JVC District 16, Jumeirah Village Circle (JVC), Dubai",https://www.bayut.com/property/details-13517089.html
SPACIOUS | MODERN | HUGE LAYOUT,"77,000",Yearly,1,2,819 sqft,"South Residences, JVC District 13, Jumeirah Village Circle (JVC), Dubai",https://www.bayut.com/property/details-13514711.html
Fully Fitted Kitchen | Vacant | Spacious,"62,000",Yearly,,1,413 sqft,"Binghatti Phoenix, JVC District 13, Jumeirah Village Circle (JVC), Dubai",https://www.bayut.com/property/details-13493872.html
Park-Facing | Glass Balcony | Lower Floor,"69,999",Yearly,1,2,744 sqft,"DAMAC Ghalia, JVC District 18, Jumeirah Village Circle (JVC), Dubai",https://www.bayut.com/property/details-13475573.html
UNFURNISHED I OPEN KITCHEN I BRAND NEW,"79,999",Yearly,1,2,748 sqft,"Bloom Heights 2, Bloom Heights, JVC District 15, Jumeirah Village Circle (JVC), Dubai",https://www.bayut.com/property/details-13466847.html
Panoramic Layout Full Glass Window 1BHK with Balcony Higher Floor,"70,000",Yearly,1,2,826 sqft,"Reef Residence, JVC District 13, Jumeirah Village Circle (JVC), Dubai",https://www.bayut.com/property/details-13461738.html
Well Maintained | Near Circle Mall Ready to Move,"95,000",Yearly,2,2,888 sqft,"Fortunato, JVC District 11, Jumeirah Village Circle (JVC), Dubai",https://www.bayut.com/property/details-13481110.html
Circle Views | Well Known Residence | Best Place |,"90,000",Yearly,1,2,928 sqft,"Hameni Residence, JVC District 15, Jumeirah Village Circle (JVC), Dubai",https://www.bayut.com/property/details-13461446.html
Lavish Villa | Modern Finishing | With Garden,"229,000",Yearly,3,4,"34,052 sqft","Alfa Villas, JVC District 13, Jumeirah Village Circle (JVC), Dubai",https://www.bayut.com/property/details-13459232.html
Spacious 1BR | Move In Ready | All Amenities,"65,000",Yearly,1,2,630 sqft,"Venus 1, JVC District 12, Jumeirah Village Circle (JVC), Dubai",https://www.bayut.com/property/details-13530179.html
Spacious | Bright | Prime Location | Near Park,"129,999",Yearly,2,3,"1,421 sqft","Saleh Bin Lahej 401, JVC District 12, Jumeirah Village Circle (JVC), Dubai",https://www.bayut.com/property/details-13466930.html
1BR Converted 2BR | Chiller Free | Negotiable,"90,000",Yearly,1,2,864 sqft,"Al Amir Residence, JVC District 11, Jumeirah Village Circle (JVC), Dubai",https://www.bayut.com/property/details-13457747.html
Ground Floor 1BHK Large Terrace Peaceful Location Next to Park,"90,000",Yearly,1,2,947 sqft,"Belgravia Square, JVC District 14, Jumeirah Village Circle (JVC), Dubai",https://www.bayut.com/property/details-13450638.html
